Age,Avg_Daily_Usage_Hours,Sleep_Hours_Per_Night,Gender_Male,Academic_Level_High School,Academic_Level_Undergraduate,Most_Used_Platform_Instagram,Most_Used_Platform_KakaoTalk,Most_Used_Platform_LINE,Most_Used_Platform_LinkedIn,Most_Used_Platform_Snapchat,Most_Used_Platform_TikTok,Most_Used_Platform_Twitter,Most_Used_Platform_VKontakte,Most_Used_Platform_WeChat,Most_Used_Platform_WhatsApp,Most_Used_Platform_YouTube,Affects_Academic_Performance_Yes,Overall_Impact_Positive
0.5,0.3571428571428571,0.5000000000000002,True,False,True,False,False,False,False,False,False,False,False,False,False,False,False,False
0.833333333333333,0.01428571428571429,0.8275862068965518,False,False,True,False,False,False,True,False,False,False,False,False,False,False,False,True
0.6666666666666665,0.4428571428571427,0.5000000000000002,True,False,False,True,False,False,False,False,False,False,False,False,False,False,False,False
0.0,0.7857142857142857,0.27586206896551735,True,False,True,False,False,False,False,True,False,False,False,False,False,False,True,False
1.0,0.8571428571428571,0.206896551724138,False,True,False,False,False,False,False,False,False,False,False,False,False,False,True,False
0.16666666666666652,0.37142857142857133,0.517241379310345,False,True,False,False,False,False,False,False,False,True,False,False,False,False,True,False
0.6666666666666665,0.9285714285714285,0.24137931034482774,False,False,False,True,False,False,False,False,False,False,False,False,False,False,True,False
0.5,0.6428571428571428,0.3275862068965518,False,False,False,False,False,False,False,False,False,False,False,False,False,False,True,False
1.0,0.4571428571428571,0.5517241379310345,True,False,True,False,False,False,False,False,False,False,False,False,False,True,False,False
0.16666666666666652,0.29999999999999993,0.7413793103448276,True,True,False,False,False,False,False,False,True,False,False,False,False,False,False,True
0.0,0.37142857142857133,0.603448275862069,True,False,False,False,False,False,True,False,False,False,False,False,False,False,False,False
0.0,0.8714285714285713,0.2586206896551725,True,True,False,False,False,False,False,True,False,False,False,False,False,False,True,False
0.33333333333333304,0.12857142857142853,0.8620689655172415,True,False,True,False,False,False,False,False,False,False,False,False,False,False,False,True
0.833333333333333,0.6714285714285714,0.2586206896551725,False,False,True,False,False,False,True,False,False,False,False,False,False,False,False,False
1.0,0.17142857142857146,0.8275862068965518,True,False,False,True,False,False,False,False,False,False,False,False,False,False,False,True
0.0,0.5285714285714286,0.5517241379310345,False,False,False,False,False,False,False,False,False,True,False,False,False,False,True,False
0.6666666666666665,0.7142857142857142,0.27586206896551735,False,False,False,False,False,False,False,False,False,False,False,False,False,True,True,False
0.5,0.757142857142857,0.3275862068965518,True,True,False,False,False,False,False,False,False,False,False,False,False,True,True,False
0.5,0.7714285714285715,0.36206896551724155,True,False,False,False,False,False,False,False,False,False,False,False,False,False,True,False
0.33333333333333304,0.5714285714285714,0.517241379310345,True,False,True,True,False,False,False,False,False,False,False,False,False,False,False,False
0.833333333333333,0.07142857142857142,0.7068965517241381,False,True,False,False,False,False,False,False,False,False,False,False,False,False,False,True
0.16666666666666652,0.5142857142857141,0.5689655172413794,False,False,True,False,False,False,False,True,False,False,False,False,False,False,True,False
1.0,0.07142857142857142,0.6896551724137931,True,False,True,False,False,False,False,False,False,False,False,False,False,False,True,True
0.833333333333333,0.07142857142857142,0.5862068965517242,True,False,True,False,False,False,False,False,True,False,False,False,False,False,False,True
0.833333333333333,0.7999999999999999,0.27586206896551735,False,False,False,False,False,False,True,False,False,False,False,False,False,False,True,False
0.5,0.6714285714285714,0.15517241379310354,True,False,True,True,False,False,False,False,False,False,False,False,False,False,True,False
0.33333333333333304,0.1857142857142857,0.7758620689655176,False,False,True,False,False,False,True,False,False,False,False,False,False,False,False,True
0.5,0.8428571428571429,0.13793103448275867,False,True,False,False,False,False,False,False,True,False,False,False,False,False,True,False
0.33333333333333304,0.5857142857142856,0.3275862068965518,False,False,False,False,False,False,False,False,True,False,False,False,False,False,True,False
0.833333333333333,0.17142857142857146,0.6896551724137931,False,False,True,False,False,False,False,False,False,False,False,False,False,True,False,True
0.33333333333333304,0.8285714285714284,0.3793103448275863,True,True,False,False,False,False,False,False,False,False,False,False,False,True,False,False
1.0,0.11428571428571424,0.7586206896551724,True,False,False,False,False,False,False,True,False,False,False,False,False,False,False,True
0.16666666666666652,0.5857142857142856,0.5344827586206897,True,True,False,False,False,False,True,False,False,False,False,False,False,False,False,False
0.6666666666666665,0.8571428571428571,0.24137931034482774,False,False,False,False,False,False,False,False,False,False,False,False,False,False,True,False
1.0,0.6285714285714286,0.36206896551724155,True,True,False,False,False,False,False,False,True,False,False,False,False,False,False,False
0.0,0.757142857142857,0.2931034482758621,True,False,True,True,False,False,False,False,False,False,False,False,False,False,True,False
0.833333333333333,0.7428571428571428,0.2931034482758621,True,True,False,False,False,False,False,True,False,False,False,False,False,False,True,False
0.6666666666666665,0.4285714285714285,0.39655172413793105,True,False,False,True,False,False,False,False,False,False,False,False,False,False,False,False
0.6666666666666665,0.6,0.517241379310345,True,False,False,False,False,False,True,False,False,False,False,False,False,False,True,False
0.16666666666666652,0.11428571428571424,0.7241379310344829,False,False,True,False,False,False,False,False,False,False,False,False,False,False,False,True
1.0,0.9714285714285714,0.2931034482758621,True,False,True,False,False,False,False,False,False,True,False,False,False,False,True,False
0.5,0.7142857142857142,0.3275862068965518,False,False,True,False,False,False,False,False,False,True,False,False,False,False,True,False
0.6666666666666665,0.7714285714285715,0.2586206896551725,False,False,False,False,False,False,False,False,False,True,False,False,False,False,True,False
0.33333333333333304,0.9428571428571427,0.12068965517241392,True,False,True,False,False,False,False,False,True,False,False,False,False,False,False,False
0.33333333333333304,0.8142857142857142,0.1724137931034483,False,True,False,True,False,False,False,False,False,False,False,False,False,False,False,False
0.33333333333333304,0.37142857142857133,0.48275862068965525,True,False,False,False,False,False,False,False,False,True,False,False,False,False,True,False
0.0,0.8142857142857142,0.12068965517241392,True,False,False,False,False,False,True,False,False,False,False,False,False,False,True,False
0.16666666666666652,0.5285714285714286,0.6379310344827587,False,True,False,False,False,False,False,False,False,True,False,False,False,False,False,False
0.33333333333333304,0.8428571428571429,0.24137931034482774,True,True,False,True,False,False,False,False,False,False,False,False,False,False,True,False
0.5,0.29999999999999993,0.5689655172413794,True,True,False,True,False,False,False,False,False,False,False,False,False,False,False,True
0.6666666666666665,0.9285714285714285,0.27586206896551735,False,True,False,False,False,False,False,False,False,False,False,False,False,True,True,False
0.16666666666666652,0.9142857142857143,0.206896551724138,False,False,True,False,False,False,False,False,False,True,False,False,False,False,False,False
0.5,0.757142857142857,0.2586206896551725,False,False,True,False,False,False,False,False,False,False,False,False,False,True,True,False
0.6666666666666665,0.8285714285714284,0.2931034482758621,True,True,False,False,False,False,False,False,False,True,False,False,False,False,True,False
0.5,0.27142857142857135,0.8275862068965518,True,False,True,False,False,False,True,False,False,False,False,False,False,False,False,True
0.5,0.41428571428571426,0.44827586206896575,False,False,False,False,False,False,True,False,False,False,False,False,False,False,True,False
0.6666666666666665,0.6285714285714286,0.15517241379310354,True,False,False,False,False,False,False,False,False,True,False,False,False,False,False,False
0.833333333333333,0.6428571428571428,0.1724137931034483,True,False,False,False,False,False,False,False,True,False,False,False,False,False,False,False
1.0,0.21428571428571427,0.7413793103448276,False,True,False,False,False,False,False,False,True,False,False,False,False,False,False,True
0.16666666666666652,0.17142857142857146,0.8103448275862071,True,True,False,True,False,False,False,False,False,False,False,False,False,False,False,True
1.0,0.028571428571428553,0.6724137931034484,True,False,True,True,False,False,False,False,False,False,False,False,False,False,False,True
0.6666666666666665,0.6714285714285714,0.2586206896551725,False,False,False,False,False,False,False,False,False,False,False,False,False,True,True,False
0.5,0.042857142857142844,0.7068965517241381,True,False,True,False,False,False,False,False,True,False,False,False,False,False,False,True
1.0,0.7999999999999999,0.24137931034482774,False,True,False,False,False,False,False,False,False,True,False,False,False,False,True,False
0.33333333333333304,0.7142857142857142,0.3275862068965518,False,True,False,False,False,False,False,True,False,False,False,False,False,False,True,False
0.6666666666666665,0.8714285714285713,0.36206896551724155,True,True,False,False,False,False,False,True,False,False,False,False,False,False,True,False
0.16666666666666652,0.48571428571428577,0.517241379310345,False,True,False,False,False,False,True,False,False,False,False,False,False,False,False,False
1.0,0.957142857142857,0.2586206896551725,False,True,False,True,False,False,False,False,False,False,False,False,False,False,False,False
0.5,0.5285714285714286,0.44827586206896575,True,False,True,False,False,False,False,True,False,False,False,False,False,False,True,False
0.16666666666666652,0.19999999999999998,0.7068965517241381,False,False,False,True,False,False,False,False,False,False,False,False,False,False,False,True
0.833333333333333,0.41428571428571426,0.603448275862069,False,True,False,False,False,False,False,False,False,False,False,False,False,True,False,False
0.33333333333333304,0.3571428571428571,0.6379310344827587,False,False,True,False,False,False,False,True,False,False,False,False,False,False,False,True
0.833333333333333,0.7,0.24137931034482774,True,True,False,False,False,False,False,False,True,False,False,False,False,False,True,False
0.6666666666666665,0.957142857142857,0.13793103448275867,True,False,True,False,False,False,False,False,False,False,False,False,False,False,True,False
0.6666666666666665,0.5142857142857141,0.4655172413793105,True,False,True,False,False,False,False,False,False,True,False,False,False,False,False,False
0.16666666666666652,0.14285714285714282,0.6551724137931034,True,False,False,False,False,False,False,False,False,False,False,False,False,True,False,True
0.6666666666666665,0.7142857142857142,0.3448275862068966,True,True,False,False,False,False,False,False,False,False,False,False,False,False,False,False
1.0,0.8571428571428571,0.15517241379310354,False,False,False,False,False,False,False,False,False,False,False,False,False,True,True,False
1.0,0.24285714285714285,0.5689655172413794,True,False,False,False,False,False,True,False,False,False,False,False,False,False,False,True
0.833333333333333,0.8285714285714284,0.3275862068965518,True,False,True,False,False,False,False,False,False,False,False,False,False,False,True,False
0.0,0.6,0.22413793103448276,False,True,False,True,False,False,False,False,False,False,False,False,False,False,False,False
0.833333333333333,0.4571428571428571,0.39655172413793105,False,False,True,True,False,False,False,False,False,False,False,False,False,False,True,False
0.6666666666666665,0.6285714285714286,0.3793103448275863,True,False,False,False,False,False,False,False,False,True,False,False,False,False,False,False
0.0,0.8428571428571429,0.206896551724138,True,True,False,False,False,False,False,False,False,False,False,False,False,True,True,False
0.0,0.9857142857142857,0.36206896551724155,True,False,True,False,False,False,False,False,True,False,False,False,False,False,True,False
0.16666666666666652,0.9428571428571427,0.1724137931034483,True,False,True,True,False,False,False,False,False,False,False,False,False,False,True,False
0.6666666666666665,0.29999999999999993,0.8275862068965518,False,False,True,False,False,False,True,False,False,False,False,False,False,False,False,True
0.33333333333333304,0.6142857142857142,0.31034482758620696,True,True,False,False,False,False,False,False,False,True,False,False,False,False,True,False
0.5,0.9285714285714285,0.3448275862068966,False,False,True,False,False,False,False,True,False,False,False,False,False,False,True,False
0.833333333333333,0.6,0.36206896551724155,True,True,False,False,False,False,False,True,False,False,False,False,False,False,False,False
0.0,0.9285714285714285,0.13793103448275867,True,False,True,False,False,False,False,False,True,False,False,False,False,False,False,False
0.833333333333333,0.3142857142857143,0.7931034482758623,True,False,True,True,False,False,False,False,False,False,False,False,False,False,False,True
0.33333333333333304,0.27142857142857135,0.8275862068965518,True,False,True,False,False,False,False,False,False,False,False,False,False,False,True,True
0.833333333333333,0.2571428571428571,0.8275862068965518,False,False,False,False,False,False,False,False,False,False,False,False,False,False,True,True
0.0,0.22857142857142856,0.6896551724137931,False,False,True,False,False,False,False,True,False,False,False,False,False,False,False,True
0.5,0.957142857142857,0.3793103448275863,True,False,False,False,False,False,True,False,False,False,False,False,False,False,True,False
0.33333333333333304,0.37142857142857133,0.5862068965517242,True,False,False,False,False,False,True,False,False,False,False,False,False,False,False,False
0.0,0.2857142857142857,0.5517241379310345,False,True,False,False,False,False,False,False,True,False,False,False,False,False,False,False
0.5,0.6285714285714286,0.3793103448275863,True,True,False,False,False,False,False,False,False,False,False,False,False,False,False,False
0.6666666666666665,0.5857142857142856,0.31034482758620696,True,True,False,False,False,False,False,False,False,False,False,False,False,True,True,False
0.6666666666666665,0.3285714285714285,0.6379310344827587,True,False,False,False,False,False,False,False,False,False,False,False,False,True,False,True
0.33333333333333304,0.3285714285714285,0.6551724137931034,True,False,True,False,False,False,False,False,False,False,False,False,False,False,False,True
0.5,0.6142857142857142,0.3448275862068966,False,False,False,False,False,False,False,False,False,False,False,False,False,False,True,False
0.0,0.3142857142857143,0.6379310344827587,True,False,True,False,False,False,False,True,False,False,False,False,False,False,True,True
0.33333333333333304,0.19999999999999998,0.7758620689655176,False,True,False,False,False,False,True,False,False,False,False,False,False,False,False,True
0.5,0.4285714285714285,0.6379310344827587,True,True,False,False,False,False,True,False,False,False,False,False,False,False,True,False
0.5,0.3285714285714285,0.5862068965517242,True,True,False,False,False,False,False,True,False,False,False,False,False,False,True,False
0.33333333333333304,0.19999999999999998,0.7586206896551724,True,False,True,False,False,False,False,False,False,True,False,False,False,False,False,True
0.833333333333333,0.4999999999999999,0.5000000000000002,True,False,True,False,False,False,False,False,False,True,False,False,False,False,False,False
0.5,0.7142857142857142,0.31034482758620696,True,False,True,True,False,False,False,False,False,False,False,False,False,False,True,False
0.6666666666666665,0.29999999999999993,0.5689655172413794,False,True,False,True,False,False,False,False,False,False,False,False,False,False,True,False
0.0,0.7714285714285715,0.36206896551724155,True,False,False,False,False,False,True,False,False,False,False,False,False,False,True,False
0.833333333333333,0.11428571428571424,0.7758620689655176,False,False,False,False,False,False,False,False,True,False,False,False,False,False,False,True
0.16666666666666652,0.15714285714285717,0.6896551724137931,True,False,True,False,False,False,False,True,False,False,False,False,False,False,False,True
0.6666666666666665,0.6714285714285714,0.1724137931034483,True,False,False,True,False,False,False,False,False,False,False,False,False,False,True,False
1.0,0.3285714285714285,0.603448275862069,False,False,False,True,False,False,False,False,False,False,False,False,False,False,False,False
0.33333333333333304,0.8571428571428571,0.15517241379310354,False,False,False,True,False,False,False,False,False,False,False,False,False,False,True,False
0.33333333333333304,0.3285714285714285,0.7586206896551724,True,False,False,True,False,False,False,False,False,False,False,False,False,False,False,True
0.5,0.9857142857142857,0.2586206896551725,False,False,True,False,False,False,False,False,True,False,False,False,False,False,False,False
1.0,0.6285714285714286,0.18965517241379326,False,False,True,False,False,False,False,False,False,True,False,False,False,False,True,False
0.6666666666666665,0.6428571428571428,0.517241379310345,True,True,False,False,False,False,False,False,False,False,False,False,False,True,True,False
0.833333333333333,0.2857142857142857,0.8103448275862071,True,False,True,False,False,False,False,False,True,False,False,False,False,False,True,True
0.5,0.22857142857142856,0.8103448275862071,True,False,True,False,False,False,True,False,False,False,False,False,False,False,False,True
0.16666666666666652,0.4285714285714285,0.39655172413793105,False,False,True,True,False,False,False,False,False,False,False,False,False,False,True,False
0.5,0.5857142857142856,0.27586206896551735,False,False,False,True,False,False,False,False,False,False,False,False,False,False,True,False
0.5,0.29999999999999993,0.5862068965517242,False,False,True,False,False,False,False,False,False,False,False,False,False,False,False,True
0.0,0.8285714285714284,0.2586206896551725,True,False,True,False,False,False,True,False,False,False,False,False,False,False,False,False
0.5,0.9714285714285714,0.22413793103448276,False,True,False,False,False,False,False,False,False,False,False,False,False,True,True,False
0.33333333333333304,0.5142857142857141,0.4310344827586208,False,True,False,False,False,False,True,False,False,False,False,False,False,False,False,False
1.0,0.27142857142857135,0.7241379310344829,False,False,True,False,False,False,False,False,False,False,False,False,False,True,False,True
0.6666666666666665,0.9285714285714285,0.18965517241379326,False,True,False,True,False,False,False,False,False,False,False,False,False,False,True,False
0.0,0.3142857142857143,0.5344827586206897,True,True,False,False,False,False,True,False,False,False,False,False,False,False,True,False
0.0,0.2571428571428571,0.7758620689655176,False,False,False,True,False,False,False,False,False,False,False,False,False,False,False,True
0.5,0.5428571428571428,0.603448275862069,True,True,False,False,False,False,False,False,False,True,False,False,False,False,True,False
0.833333333333333,0.3285714285714285,0.6206896551724139,False,True,False,True,False,False,False,False,False,False,False,False,False,False,False,True
1.0,0.3142857142857143,0.6206896551724139,True,True,False,True,False,False,False,False,False,False,False,False,False,False,False,True
0.6666666666666665,0.057142857142857134,0.8965517241379313,False,True,False,False,False,False,False,False,False,True,False,False,False,False,False,True
0.5,0.41428571428571426,0.4655172413793105,False,False,True,False,False,False,False,False,False,False,False,False,False,False,True,False
0.0,0.3571428571428571,0.5344827586206897,False,False,False,False,False,False,True,False,False,False,False,False,False,False,False,False
0.33333333333333304,0.5857142857142856,0.2586206896551725,True,False,True,False,False,False,False,False,False,False,False,False,False,True,True,False
0.6666666666666665,0.24285714285714285,0.7758620689655176,False,True,False,False,False,False,False,False,False,False,False,False,False,True,False,True
0.5,0.657142857142857,0.12068965517241392,False,False,True,False,False,False,False,True,False,False,False,False,False,False,True,False
0.0,0.5428571428571428,0.5689655172413794,False,False,False,False,False,False,False,False,True,False,False,False,False,False,True,False
0.0,0.5857142857142856,0.36206896551724155,False,False,True,False,False,False,True,False,False,False,False,False,False,False,True,False
1.0,0.6857142857142856,0.2931034482758621,True,False,True,False,False,False,False,False,True,False,False,False,False,False,True,False
0.833333333333333,0.6142857142857142,0.5344827586206897,False,True,False,False,False,False,False,True,False,False,False,False,False,False,False,False
0.833333333333333,0.1857142857142857,0.6724137931034484,True,False,True,False,False,False,False,False,False,True,False,False,False,False,True,True
0.0,0.7142857142857142,0.31034482758620696,False,False,True,False,False,False,False,False,False,False,False,False,False,True,False,False
0.833333333333333,0.4428571428571427,0.5344827586206897,False,False,True,False,False,False,False,True,False,False,False,False,False,False,True,False
0.0,0.7857142857142857,0.18965517241379326,False,False,True,False,False,False,False,False,True,False,False,False,False,False,False,False
0.0,0.042857142857142844,0.7241379310344829,True,False,True,False,False,False,False,False,False,True,False,False,False,False,False,True
0.0,0.3142857142857143,0.4310344827586208,True,True,False,True,False,False,False,False,False,False,False,False,False,False,False,False
0.0,0.9142857142857143,0.36206896551724155,True,False,False,False,False,False,False,False,True,False,False,False,False,False,True,False
0.6666666666666665,0.4428571428571427,0.48275862068965525,True,False,True,False,False,False,False,True,False,False,False,False,False,False,True,False
0.33333333333333304,0.957142857142857,0.3448275862068966,False,False,True,False,False,False,False,False,False,True,False,False,False,False,True,False
0.5,0.9857142857142857,0.36206896551724155,False,False,True,False,False,False,False,False,True,False,False,False,False,False,False,False
0.6666666666666665,0.3142857142857143,0.5689655172413794,False,False,True,False,False,False,False,False,True,False,False,False,False,False,True,False
0.833333333333333,0.8285714285714284,0.2931034482758621,False,False,False,False,False,False,False,False,True,False,False,False,False,False,True,False
1.0,0.19999999999999998,0.6724137931034484,False,False,True,False,False,False,False,False,False,True,False,False,False,False,True,True
0.0,0.042857142857142844,0.8793103448275863,True,False,True,False,False,False,False,False,False,True,False,False,False,False,False,True
0.833333333333333,0.6857142857142856,0.3275862068965518,False,False,True,False,False,False,False,True,False,False,False,False,False,False,True,False
0.16666666666666652,0.27142857142857135,0.8275862068965518,True,False,True,False,False,False,False,False,False,False,False,False,False,True,False,True
1.0,0.6,0.517241379310345,True,True,False,False,False,False,False,False,False,False,False,False,False,False,True,False
1.0,0.3285714285714285,0.6206896551724139,False,False,False,False,False,False,False,False,False,False,False,False,False,False,False,False
0.5,0.29999999999999993,0.6206896551724139,True,True,False,False,False,False,False,False,True,False,False,False,False,False,False,True
0.0,0.7142857142857142,0.15517241379310354,False,False,False,False,False,False,False,False,False,False,False,False,False,False,False,False
1.0,0.8999999999999998,0.27586206896551735,False,False,True,False,False,False,False,False,False,False,False,False,False,True,True,False
0.6666666666666665,0.3142857142857143,0.5689655172413794,True,False,False,False,False,False,False,False,True,False,False,False,False,False,False,True
0.0,0.3142857142857143,0.5000000000000002,True,True,False,False,False,False,True,False,False,False,False,False,False,False,True,False
0.16666666666666652,0.6,0.5862068965517242,True,False,True,False,False,False,False,False,False,False,False,False,False,False,True,False
0.0,0.2571428571428571,0.7241379310344829,False,False,True,False,False,False,False,False,False,False,False,False,False,False,False,True
0.5,0.2571428571428571,0.7586206896551724,False,False,True,False,False,False,False,False,False,False,False,False,False,False,False,True
0.33333333333333304,0.042857142857142844,0.8103448275862071,True,False,True,False,False,False,False,True,False,False,False,False,False,False,False,True
0.833333333333333,0.5571428571428572,0.5689655172413794,False,False,False,False,False,False,False,True,False,False,False,False,False,False,True,False
0.33333333333333304,0.6285714285714286,0.18965517241379326,False,True,False,False,False,False,False,False,False,False,False,False,False,True,True,False
0.33333333333333304,0.2571428571428571,0.8620689655172415,True,True,False,False,False,False,True,False,False,False,False,False,False,False,False,True
1.0,0.8142857142857142,0.15517241379310354,True,False,True,False,False,False,False,True,False,False,False,False,False,False,True,False
0.0,0.01428571428571429,0.7413793103448276,True,False,False,False,False,False,False,True,False,False,False,False,False,False,False,True
1.0,0.27142857142857135,0.7586206896551724,False,True,False,False,False,False,False,False,False,False,False,False,False,True,False,True
0.6666666666666665,0.15714285714285717,0.6379310344827587,False,False,True,False,False,False,False,False,False,True,False,False,False,False,False,True
0.33333333333333304,0.5142857142857141,0.4655172413793105,False,False,True,False,False,False,False,False,False,True,False,False,False,False,True,False
0.833333333333333,0.6142857142857142,0.413793103448276,False,False,True,True,False,False,False,False,False,False,False,False,False,False,False,False
0.16666666666666652,0.3999999999999999,0.5000000000000002,True,False,True,True,False,False,False,False,False,False,False,False,False,False,True,False
0.33333333333333304,0.14285714285714282,0.6724137931034484,False,False,True,False,False,False,False,False,True,False,False,False,False,False,True,True
0.6666666666666665,0.6142857142857142,0.3793103448275863,False,False,False,False,False,False,False,False,False,False,False,False,False,True,True,False
0.33333333333333304,0.14285714285714282,0.6206896551724139,True,True,False,False,False,False,True,False,False,False,False,False,False,False,False,True
0.16666666666666652,0.7,0.2931034482758621,False,False,False,False,False,False,False,False,True,False,False,False,False,False,True,False
0.33333333333333304,0.8999999999999998,0.24137931034482774,True,False,True,False,False,False,False,False,False,True,False,False,False,False,True,False
0.33333333333333304,0.7142857142857142,0.12068965517241392,True,False,False,False,False,False,False,False,False,True,False,False,False,False,True,False
0.6666666666666665,0.21428571428571427,0.8793103448275863,False,False,False,False,False,False,False,False,False,False,False,False,False,True,True,True
1.0,0.0,0.5862068965517242,False,False,True,False,False,False,False,False,False,False,False,False,False,False,True,True
0.16666666666666652,0.9428571428571427,0.31034482758620696,False,False,True,False,False,False,False,False,True,False,False,False,False,False,True,False
0.5,0.15714285714285717,0.6206896551724139,False,True,False,False,False,False,False,True,False,False,False,False,False,False,True,True
0.0,0.17142857142857146,0.8103448275862071,True,True,False,False,False,False,False,True,False,False,False,False,False,False,False,True
0.833333333333333,0.12857142857142853,0.6551724137931034,False,False,True,False,False,False,False,True,False,False,False,False,False,False,True,True
0.833333333333333,0.7285714285714284,0.3793103448275863,False,True,False,False,False,False,False,False,True,False,False,False,False,False,True,False
0.6666666666666665,0.3285714285714285,0.7068965517241381,True,False,True,False,False,False,False,False,False,False,False,False,False,True,False,True
0.5,0.6142857142857142,0.5517241379310345,False,False,False,False,False,False,True,False,False,False,False,False,False,False,False,False
0.33333333333333304,0.957142857142857,0.3793103448275863,True,False,True,False,False,False,True,False,False,False,False,False,False,False,True,False
0.6666666666666665,0.4285714285714285,0.3793103448275863,True,True,False,False,False,False,False,False,False,False,False,False,False,False,True,False
0.0,0.5857142857142856,0.1724137931034483,False,False,False,False,False,False,False,False,False,True,False,False,False,False,True,False
0.33333333333333304,0.2857142857142857,0.7068965517241381,True,True,False,False,False,False,False,False,True,False,False,False,False,False,False,True
0.833333333333333,0.19999999999999998,0.603448275862069,False,False,False,False,False,False,False,False,False,False,False,False,False,True,True,True
0.16666666666666652,0.7285714285714284,0.36206896551724155,True,False,True,False,False,False,False,False,True,False,False,False,False,False,True,False
1.0,0.9285714285714285,0.22413793103448276,True,False,True,False,False,False,False,False,False,True,False,False,False,False,True,False
0.0,0.8285714285714284,0.22413793103448276,True,False,True,False,False,False,True,False,False,False,False,False,False,False,True,False
0.16666666666666652,0.14285714285714282,0.603448275862069,False,True,False,False,False,False,False,False,False,True,False,False,False,False,False,True
0.16666666666666652,0.15714285714285717,0.7931034482758623,True,False,False,False,False,False,False,False,True,False,False,False,False,False,False,True
1.0,0.11428571428571424,0.7758620689655176,True,False,False,False,False,False,False,False,False,True,False,False,False,False,False,True
0.5,0.5428571428571428,0.603448275862069,True,False,True,False,False,False,False,False,False,True,False,False,False,False,True,False
0.16666666666666652,0.8857142857142856,0.3275862068965518,False,True,False,False,False,False,False,True,False,False,False,False,False,False,True,False
0.16666666666666652,0.4428571428571427,0.413793103448276,False,True,False,False,False,False,False,True,False,False,False,False,False,False,False,False
0.5,0.6285714285714286,0.5689655172413794,True,False,False,False,False,False,False,False,False,False,False,False,False,True,False,False
0.0,0.8571428571428571,0.206896551724138,True,True,False,False,False,False,True,False,False,False,False,False,False,False,True,False
0.0,0.6857142857142856,0.3793103448275863,True,False,False,False,False,False,True,False,False,False,False,False,False,False,True,False
0.16666666666666652,0.5428571428571428,0.5517241379310345,True,False,False,False,False,False,False,False,False,False,False,False,False,True,False,False
0.833333333333333,0.01428571428571429,0.8448275862068966,False,False,True,False,False,False,False,False,True,False,False,False,False,False,True,True
0.33333333333333304,0.7142857142857142,0.12068965517241392,True,True,False,False,False,False,True,False,False,False,False,False,False,False,True,False
0.33333333333333304,0.957142857142857,0.206896551724138,False,False,True,False,False,False,False,False,False,True,False,False,False,False,True,False
0.833333333333333,0.657142857142857,0.36206896551724155,True,True,False,False,False,False,True,False,False,False,False,False,False,False,True,False
0.6666666666666665,0.6,0.603448275862069,True,False,True,False,False,False,True,False,False,False,False,False,False,False,False,False
0.16666666666666652,0.5142857142857141,0.5689655172413794,False,False,True,False,False,False,False,False,False,True,False,False,False,False,True,False
1.0,0.3285714285714285,0.4310344827586208,True,False,False,False,False,False,False,False,False,True,False,False,False,False,True,False
0.33333333333333304,0.6,0.22413793103448276,True,False,False,False,False,False,False,False,False,False,False,False,False,True,True,False
0.33333333333333304,0.7285714285714284,0.2586206896551725,False,False,False,False,False,False,False,False,False,False,False,False,False,False,True,False
0.33333333333333304,0.9714285714285714,0.22413793103448276,True,False,True,True,False,False,False,False,False,False,False,False,False,False,True,False
0.33333333333333304,0.7999999999999999,0.3793103448275863,True,False,False,True,False,False,False,False,False,False,False,False,False,False,True,False
0.0,0.21428571428571427,0.7931034482758623,True,False,False,False,False,False,False,False,False,False,False,False,False,False,False,True
0.6666666666666665,0.9999999999999999,0.3793103448275863,True,False,False,True,False,False,False,False,False,False,False,False,False,False,False,False
1.0,0.2857142857142857,0.5862068965517242,False,False,False,False,False,False,False,False,False,True,False,False,False,False,False,True
0.0,0.3285714285714285,0.7931034482758623,False,False,True,False,False,False,False,False,False,True,False,False,False,False,False,True
0.16666666666666652,0.07142857142857142,0.5689655172413794,True,False,True,True,False,False,False,False,False,False,False,False,False,False,False,True
0.0,0.3857142857142857,0.5344827586206897,False,False,False,False,False,False,False,False,False,True,False,False,False,False,True,False
0.5,0.4285714285714285,0.39655172413793105,False,True,False,False,False,False,False,False,False,False,False,False,False,True,False,False
1.0,0.3857142857142857,0.603448275862069,False,False,True,False,False,False,False,False,False,False,False,False,False,True,False,False
1.0,0.5857142857142856,0.2931034482758621,False,True,False,False,False,False,False,False,False,False,False,False,False,False,True,False
0.5,0.22857142857142856,0.5862068965517242,False,False,True,False,False,False,False,False,False,False,False,False,False,False,True,True
0.16666666666666652,0.6285714285714286,0.2931034482758621,False,False,True,True,False,False,False,False,False,False,False,False,False,False,False,False
0.6666666666666665,0.8571428571428571,0.2931034482758621,False,True,False,False,False,False,False,False,False,False,False,False,False,True,True,False
0.33333333333333304,0.3285714285714285,0.5000000000000002,True,False,False,False,False,False,False,True,False,False,False,False,False,False,False,False
0.5,0.2571428571428571,0.8793103448275863,False,True,False,False,False,False,True,False,False,False,False,False,False,False,False,True
1.0,0.37142857142857133,0.39655172413793105,True,False,False,False,False,False,False,False,False,False,False,False,False,False,False,False
0.16666666666666652,0.757142857142857,0.31034482758620696,False,False,True,False,False,False,False,False,False,False,False,False,False,True,True,False
0.833333333333333,0.2857142857142857,0.5517241379310345,True,True,False,False,False,False,False,True,False,False,False,False,False,False,False,False
0.16666666666666652,0.27142857142857135,0.8103448275862071,True,True,False,False,False,False,False,False,False,False,False,False,False,True,True,True
0.16666666666666652,0.6142857142857142,0.4310344827586208,True,True,False,False,False,False,True,False,False,False,False,False,False,False,True,False
0.16666666666666652,0.6428571428571428,0.517241379310345,False,True,False,False,False,False,False,False,True,False,False,False,False,False,True,False
0.833333333333333,0.21428571428571427,0.8275862068965518,False,True,False,False,False,False,False,False,True,False,False,False,False,False,False,True
0.16666666666666652,0.4999999999999999,0.6379310344827587,True,False,True,False,False,False,False,False,False,True,False,False,False,False,False,False
1.0,0.5714285714285714,0.13793103448275867,False,False,False,False,False,False,False,False,False,True,False,False,False,False,True,False
0.33333333333333304,0.5428571428571428,0.3793103448275863,False,False,True,False,False,False,False,False,True,False,False,False,False,False,True,False
0.5,0.5857142857142856,0.3793103448275863,True,False,True,False,False,False,False,False,False,False,False,False,False,False,False,False
0.16666666666666652,0.6142857142857142,0.6206896551724139,False,False,True,False,False,False,False,False,False,False,False,False,False,False,True,False
0.0,0.1,0.7758620689655176,True,False,True,False,False,False,False,False,False,True,False,False,False,False,False,True
1.0,0.028571428571428553,0.7931034482758623,True,False,False,False,False,False,True,False,False,False,False,False,False,False,False,True
0.5,0.21428571428571427,0.5862068965517242,True,True,False,True,False,False,False,False,False,False,False,False,False,False,False,True
0.0,0.4571428571428571,0.48275862068965525,False,False,False,False,False,False,False,False,True,False,False,False,False,False,False,False
0.833333333333333,0.6714285714285714,0.36206896551724155,True,False,False,False,False,False,False,False,False,False,False,False,False,True,False,False
0.0,0.6714285714285714,0.36206896551724155,True,False,False,False,False,False,False,False,True,False,False,False,False,False,True,False
0.33333333333333304,0.057142857142857134,0.6896551724137931,False,False,False,True,False,False,False,False,False,False,False,False,False,False,False,True
0.833333333333333,0.15714285714285717,0.8620689655172415,True,True,False,False,False,False,True,False,False,False,False,False,False,False,False,True
0.0,0.6285714285714286,0.39655172413793105,True,True,False,False,False,False,False,False,False,False,False,False,False,False,False,False
0.33333333333333304,0.34285714285714275,0.5344827586206897,True,False,True,False,False,False,True,False,False,False,False,False,False,False,False,False
0.6666666666666665,0.7999999999999999,0.22413793103448276,False,True,False,True,False,False,False,False,False,False,False,False,False,False,False,False
0.16666666666666652,0.34285714285714275,0.39655172413793105,True,False,True,False,False,False,False,False,False,True,False,False,False,False,True,False
0.33333333333333304,0.9285714285714285,0.18965517241379326,True,False,True,False,False,False,False,False,True,False,False,False,False,False,False,False
1.0,0.6285714285714286,0.39655172413793105,True,False,False,False,False,False,False,True,False,False,False,False,False,False,False,False
1.0,0.9857142857142857,0.36206896551724155,False,True,False,False,False,False,False,False,False,False,False,False,False,False,True,False
0.5,0.8571428571428571,0.15517241379310354,False,False,False,False,False,False,False,False,False,False,False,False,False,True,True,False
0.33333333333333304,0.8571428571428571,0.24137931034482774,False,False,False,False,False,False,False,True,False,False,False,False,False,False,True,False
0.16666666666666652,0.5428571428571428,0.5517241379310345,True,True,False,False,False,False,False,True,False,False,False,False,False,False,True,False
0.0,0.6714285714285714,0.15517241379310354,True,False,True,False,False,False,False,False,False,True,False,False,False,False,False,False
0.16666666666666652,0.5285714285714286,0.4655172413793105,True,True,False,False,False,False,False,False,False,False,False,False,False,False,True,False
0.5,0.5714285714285714,0.3275862068965518,True,False,True,False,False,False,False,False,False,False,False,False,False,False,True,False
0.33333333333333304,0.9142857142857143,0.15517241379310354,True,False,True,True,False,False,False,False,False,False,False,False,False,False,True,False
0.833333333333333,0.8857142857142856,0.2586206896551725,True,False,False,False,False,False,False,True,False,False,False,False,False,False,True,False
0.33333333333333304,0.34285714285714275,0.5000000000000002,True,True,False,False,False,False,False,False,False,False,False,False,False,True,True,False
0.5,0.34285714285714275,0.5344827586206897,False,True,False,False,False,False,True,False,False,False,False,False,False,False,True,False
0.5,0.6285714285714286,0.3793103448275863,False,True,False,False,False,False,False,False,False,False,False,False,False,True,True,False
0.0,0.3285714285714285,0.7931034482758623,True,True,False,False,False,False,False,False,False,False,False,False,False,False,False,True
0.16666666666666652,0.8428571428571429,0.2931034482758621,True,False,True,False,False,False,False,False,True,False,False,False,False,False,True,False
0.33333333333333304,0.8142857142857142,0.36206896551724155,False,False,True,False,False,False,True,False,False,False,False,False,False,False,True,False
0.16666666666666652,0.657142857142857,0.13793103448275867,True,False,True,False,False,False,False,False,True,False,False,False,False,False,True,False
0.6666666666666665,0.34285714285714275,0.8275862068965518,True,True,False,False,False,False,False,False,False,False,False,False,False,False,False,True
0.33333333333333304,0.5857142857142856,0.18965517241379326,False,False,True,False,False,False,True,False,False,False,False,False,False,False,True,False
0.6666666666666665,0.6857142857142856,0.22413793103448276,False,True,False,False,False,False,False,True,False,False,False,False,False,False,True,False
0.6666666666666665,0.11428571428571424,0.8965517241379313,False,False,False,False,False,False,False,False,False,False,False,False,False,False,False,True
0.16666666666666652,0.7,0.36206896551724155,True,False,True,False,False,False,False,False,False,False,False,False,False,True,True,False
0.16666666666666652,0.5285714285714286,0.5517241379310345,False,True,False,False,False,False,False,False,False,False,False,False,False,True,False,False
0.5,0.7999999999999999,0.2931034482758621,False,False,False,False,False,False,True,False,False,False,False,False,False,False,True,False
0.833333333333333,0.657142857142857,0.13793103448275867,False,False,True,True,False,False,False,False,False,False,False,False,False,False,True,False
0.33333333333333304,0.9142857142857143,0.27586206896551735,True,True,False,False,False,False,False,False,False,True,False,False,False,False,True,False
0.16666666666666652,0.8428571428571429,0.13793103448275867,False,True,False,False,False,False,False,False,False,True,False,False,False,False,True,False
0.33333333333333304,0.7999999999999999,0.36206896551724155,False,False,False,False,False,False,False,False,True,False,False,False,False,False,True,False
1.0,0.5285714285714286,0.4655172413793105,True,False,True,False,False,False,False,False,False,False,False,False,False,True,True,False
0.5,0.6142857142857142,0.27586206896551735,True,False,False,False,False,False,False,False,False,True,False,False,False,False,False,False
0.5,0.6142857142857142,0.18965517241379326,False,True,False,False,False,False,False,False,False,False,False,False,False,True,True,False
0.16666666666666652,0.1,0.6551724137931034,False,False,True,False,False,False,False,False,False,True,False,False,False,False,False,True
1.0,0.7714285714285715,0.2586206896551725,True,False,False,False,False,False,False,True,False,False,False,False,False,False,True,False
0.6666666666666665,0.7714285714285715,0.13793103448275867,False,True,False,False,False,False,False,True,False,False,False,False,False,False,True,False
0.33333333333333304,0.6857142857142856,0.36206896551724155,False,False,True,False,False,False,False,False,False,False,False,False,False,False,True,False
1.0,0.41428571428571426,0.413793103448276,False,True,False,False,False,False,False,False,False,True,False,False,False,False,False,False
0.833333333333333,0.24285714285714285,0.8793103448275863,True,False,True,False,False,False,False,False,True,False,False,False,False,False,False,True
0.5,0.8714285714285713,0.36206896551724155,False,True,False,False,False,False,False,False,False,False,False,False,False,False,False,False
0.6666666666666665,0.2857142857142857,0.8448275862068966,False,False,False,True,False,False,False,False,False,False,False,False,False,False,True,True
1.0,0.4428571428571427,0.44827586206896575,True,True,False,False,False,False,False,True,False,False,False,False,False,False,True,False
0.5,0.657142857142857,0.12068965517241392,False,False,True,False,False,False,False,False,False,True,False,False,False,False,True,False
0.6666666666666665,0.2571428571428571,0.7586206896551724,True,False,True,False,False,False,False,False,True,False,False,False,False,False,False,True
1.0,0.5285714285714286,0.5344827586206897,True,True,False,False,False,False,True,False,False,False,False,False,False,False,True,False
0.33333333333333304,0.6285714285714286,0.2931034482758621,False,False,False,False,False,False,True,False,False,False,False,False,False,False,True,False
0.833333333333333,0.657142857142857,0.22413793103448276,False,False,True,False,False,False,False,False,False,True,False,False,False,False,True,False
0.5,0.34285714285714275,0.6724137931034484,True,False,False,False,False,False,False,False,True,False,False,False,False,False,False,True
0.33333333333333304,0.8142857142857142,0.13793103448275867,True,False,True,False,False,False,False,False,False,False,False,False,False,False,True,False
0.6666666666666665,0.9142857142857143,0.31034482758620696,False,False,True,False,False,False,True,False,False,False,False,False,False,False,False,False
0.0,0.8571428571428571,0.3448275862068966,False,False,True,False,False,False,False,False,True,False,False,False,False,False,True,False
1.0,0.7,0.3793103448275863,False,False,True,False,False,False,False,False,False,True,False,False,False,False,True,False
0.5,0.8714285714285713,0.3448275862068966,True,False,True,False,False,False,False,False,False,False,False,False,False,False,True,False
0.0,0.6142857142857142,0.206896551724138,False,True,False,False,False,False,False,False,False,True,False,False,False,False,True,False
0.833333333333333,0.1857142857142857,0.6206896551724139,False,False,False,False,False,False,False,False,False,True,False,False,False,False,False,True
0.33333333333333304,0.6857142857142856,0.15517241379310354,True,False,True,False,False,False,False,False,False,False,False,False,False,False,False,False
0.833333333333333,0.3999999999999999,0.6206896551724139,False,False,True,False,False,False,False,True,False,False,False,False,False,False,True,False
0.33333333333333304,0.957142857142857,0.1724137931034483,False,True,False,False,False,False,False,True,False,False,False,False,False,False,True,False
0.0,0.7714285714285715,0.36206896551724155,True,False,False,False,False,False,False,False,False,True,False,False,False,False,True,False
0.6666666666666665,0.6,0.13793103448275867,True,False,True,False,False,False,False,False,False,False,False,False,False,False,True,False
1.0,0.6285714285714286,0.3448275862068966,False,True,False,False,False,False,False,False,True,False,False,False,False,False,False,False
0.6666666666666665,0.057142857142857134,0.7931034482758623,False,True,False,False,False,False,False,True,False,False,False,False,False,False,False,True
0.833333333333333,0.8857142857142856,0.22413793103448276,True,True,False,False,False,False,False,True,False,False,False,False,False,False,True,False
1.0,0.24285714285714285,0.6896551724137931,True,False,True,False,False,False,False,False,False,True,False,False,False,False,False,True
1.0,0.028571428571428553,0.8448275862068966,False,False,False,False,False,False,False,False,True,False,False,False,False,False,False,True
0.5,0.8999999999999998,0.206896551724138,True,False,False,False,False,False,False,False,True,False,False,False,False,False,True,False
0.5,0.057142857142857134,0.8448275862068966,True,True,False,True,False,False,False,False,False,False,False,False,False,False,True,True
0.16666666666666652,0.8571428571428571,0.18965517241379326,True,False,False,False,False,False,False,False,True,False,False,False,False,False,True,False
0.5,0.7999999999999999,0.36206896551724155,True,False,True,False,False,False,False,False,False,False,False,False,False,True,True,False
0.33333333333333304,0.3999999999999999,0.44827586206896575,False,True,False,False,False,False,False,False,False,False,False,False,False,False,False,False
0.833333333333333,0.957142857142857,0.3275862068965518,True,False,True,False,False,False,False,False,False,True,False,False,False,False,False,False
0.5,0.9714285714285714,0.13793103448275867,False,False,True,False,False,False,False,False,True,False,False,False,False,False,False,False
0.0,0.9428571428571427,0.15517241379310354,False,True,False,False,False,False,False,False,False,False,False,False,False,False,False,False
0.16666666666666652,0.4714285714285713,0.5517241379310345,True,True,False,False,False,False,False,False,True,False,False,False,False,False,True,False
0.33333333333333304,0.17142857142857146,0.6896551724137931,False,False,False,False,False,False,False,False,False,False,False,False,False,True,False,True
0.0,0.8571428571428571,0.27586206896551735,True,False,False,False,False,False,True,False,False,False,False,False,False,False,True,False
1.0,0.3285714285714285,0.7068965517241381,True,True,False,False,False,False,True,False,False,False,False,False,False,False,False,True
0.5,0.6285714285714286,0.18965517241379326,False,False,True,True,False,False,False,False,False,False,False,False,False,False,True,False
0.833333333333333,0.27142857142857135,0.7931034482758623,True,True,False,True,False,False,False,False,False,False,False,False,False,False,False,True
0.16666666666666652,0.34285714285714275,0.48275862068965525,True,False,True,False,False,False,False,False,False,True,False,False,False,False,True,False
0.16666666666666652,0.9142857142857143,0.27586206896551735,True,False,True,False,False,False,False,False,True,False,False,False,False,False,True,False
1.0,0.08571428571428572,0.5862068965517242,True,False,False,True,False,False,False,False,False,False,False,False,False,False,True,True
0.0,0.6857142857142856,0.12068965517241392,True,False,True,False,False,False,False,True,False,False,False,False,False,False,True,False
1.0,0.41428571428571426,0.6379310344827587,True,False,True,False,False,False,True,False,False,False,False,False,False,False,True,False
0.5,0.3142857142857143,0.5000000000000002,False,False,True,False,False,False,False,False,False,True,False,False,False,False,False,False
1.0,0.8428571428571429,0.36206896551724155,False,True,False,False,False,False,False,False,False,False,False,False,False,True,True,False
0.5,0.41428571428571426,0.44827586206896575,False,False,True,False,False,False,True,False,False,False,False,False,False,False,True,False
0.833333333333333,0.14285714285714282,0.5689655172413794,True,False,True,False,False,False,True,False,False,False,False,False,False,False,False,True
0.16666666666666652,0.7142857142857142,0.36206896551724155,False,True,False,False,False,False,False,False,False,False,False,False,False,False,False,False
0.5,0.3142857142857143,0.7586206896551724,False,True,False,False,False,False,False,False,False,True,False,False,False,False,False,True
0.6666666666666665,0.8714285714285713,0.24137931034482774,False,False,False,False,False,False,False,False,True,False,False,False,False,False,True,False
0.0,0.757142857142857,0.13793103448275867,True,False,False,True,False,False,False,False,False,False,False,False,False,False,True,False
0.833333333333333,0.8571428571428571,0.3275862068965518,True,False,False,True,False,False,False,False,False,False,False,False,False,False,True,False
1.0,0.7999999999999999,0.15517241379310354,False,True,False,False,False,False,False,False,False,False,False,False,False,True,True,False
1.0,0.7428571428571428,0.3793103448275863,True,True,False,False,False,False,False,False,False,True,False,False,False,False,True,False
0.16666666666666652,0.29999999999999993,0.5344827586206897,True,False,True,False,False,False,False,False,False,True,False,False,False,False,True,False
0.5,0.22857142857142856,0.6379310344827587,True,True,False,False,False,False,False,True,False,False,False,False,False,False,True,True
0.5,0.5285714285714286,0.44827586206896575,True,False,False,False,False,False,False,False,True,False,False,False,False,False,True,False
0.0,0.4571428571428571,0.413793103448276,False,False,True,False,False,False,True,False,False,False,False,False,False,False,False,False
0.16666666666666652,0.19999999999999998,0.7241379310344829,True,True,False,False,False,False,False,False,False,False,False,False,False,True,False,True
0.833333333333333,0.29999999999999993,0.7931034482758623,False,False,False,False,False,False,False,True,False,False,False,False,False,False,False,True
0.33333333333333304,0.5857142857142856,0.517241379310345,False,True,False,False,False,False,False,False,True,False,False,False,False,False,False,False
0.6666666666666665,0.5285714285714286,0.5862068965517242,True,False,False,False,False,False,False,False,False,False,False,False,False,False,True,False
1.0,0.028571428571428553,0.5689655172413794,False,False,True,False,False,False,False,False,False,False,False,False,False,True,False,True
0.16666666666666652,0.3142857142857143,0.5517241379310345,True,False,False,False,False,False,False,False,False,False,False,False,False,True,False,False
0.6666666666666665,0.0,0.8448275862068966,True,False,True,True,False,False,False,False,False,False,False,False,False,False,False,True
0.5,0.41428571428571426,0.603448275862069,True,False,False,True,False,False,False,False,False,False,False,False,False,False,False,False
0.5,0.8428571428571429,0.1724137931034483,True,False,True,True,False,False,False,False,False,False,False,False,False,False,True,False
0.6666666666666665,0.3571428571428571,0.3793103448275863,False,True,False,False,False,False,False,False,False,False,False,False,False,False,True,False
0.33333333333333304,0.07142857142857142,0.6724137931034484,True,False,False,False,False,False,False,False,False,True,False,False,False,False,False,True
0.33333333333333304,0.6,0.2931034482758621,True,True,False,False,False,False,True,False,False,False,False,False,False,False,True,False
0.0,0.4285714285714285,0.39655172413793105,True,False,True,False,False,False,True,False,False,False,False,False,False,False,False,False
1.0,0.24285714285714285,0.6379310344827587,True,True,False,False,False,False,False,False,True,False,False,False,False,False,False,True
0.33333333333333304,0.7428571428571428,0.22413793103448276,False,True,False,False,False,False,False,False,False,True,False,False,False,False,True,False
0.5,0.9714285714285714,0.15517241379310354,True,False,True,False,False,False,False,True,False,False,False,False,False,False,True,False
0.0,0.24285714285714285,0.6896551724137931,False,False,True,False,False,False,False,True,False,False,False,False,False,False,False,True
0.16666666666666652,0.6285714285714286,0.4310344827586208,False,True,False,False,False,False,False,False,True,False,False,False,False,False,False,False
0.5,0.5285714285714286,0.48275862068965525,True,False,True,False,False,False,False,False,False,False,False,False,False,True,True,False
0.6666666666666665,0.2857142857142857,0.7413793103448276,True,False,True,False,False,False,True,False,False,False,False,False,False,False,False,True
0.6666666666666665,0.9285714285714285,0.24137931034482774,True,True,False,False,False,False,False,False,False,False,False,False,False,True,True,False
0.5,0.8285714285714284,0.3448275862068966,False,False,False,False,False,False,False,False,True,False,False,False,False,False,True,False
0.5,0.6857142857142856,0.36206896551724155,True,False,False,False,False,False,False,False,False,False,False,False,False,True,True,False
0.5,0.9857142857142857,0.15517241379310354,True,False,False,False,False,False,False,True,False,False,False,False,False,False,True,False
0.16666666666666652,0.12857142857142853,0.5862068965517242,True,True,False,False,False,False,True,False,False,False,False,False,False,False,False,True
0.833333333333333,0.7,0.27586206896551735,False,False,False,True,False,False,False,False,False,False,False,False,False,False,True,False
1.0,0.4714285714285713,0.5000000000000002,False,True,False,False,False,False,True,False,False,False,False,False,False,False,True,False
0.833333333333333,0.8857142857142856,0.2586206896551725,False,True,False,False,False,False,False,True,False,False,False,False,False,False,True,False
0.5,0.7428571428571428,0.13793103448275867,True,False,True,False,False,False,False,False,False,False,False,False,False,False,True,False
0.33333333333333304,0.19999999999999998,0.7931034482758623,False,True,False,False,False,False,False,False,False,False,False,False,False,False,False,True
0.16666666666666652,0.9714285714285714,0.206896551724138,False,True,False,False,False,False,True,False,False,False,False,False,False,False,True,False
0.0,0.14285714285714282,0.8448275862068966,True,False,True,False,False,False,True,False,False,False,False,False,False,False,False,True
0.0,0.6714285714285714,0.22413793103448276,False,False,False,False,False,False,False,False,False,False,False,False,False,False,True,False
1.0,0.1857142857142857,0.8103448275862071,True,False,False,False,False,False,False,True,False,False,False,False,False,False,False,True
0.0,0.4714285714285713,0.517241379310345,False,True,False,False,False,False,True,False,False,False,False,False,False,False,True,False
0.33333333333333304,0.8714285714285713,0.27586206896551735,True,True,False,True,False,False,False,False,False,False,False,False,False,False,True,False
0.16666666666666652,0.4285714285714285,0.413793103448276,False,False,True,False,False,False,False,False,False,False,False,False,False,False,False,False
0.5,0.15714285714285717,0.6206896551724139,True,True,False,False,False,False,False,False,True,False,False,False,False,False,False,True
0.6666666666666665,0.11428571428571424,0.8620689655172415,False,False,True,False,False,False,False,False,False,False,False,False,False,True,False,True
0.33333333333333304,0.1857142857142857,0.7586206896551724,True,False,True,False,False,False,False,False,False,True,False,False,False,False,False,True
0.16666666666666652,0.7857142857142857,0.15517241379310354,True,False,False,True,False,False,False,False,False,False,False,False,False,False,True,False
0.833333333333333,0.5857142857142856,0.48275862068965525,False,False,True,False,False,False,False,False,False,False,False,False,False,True,False,False
0.5,0.2857142857142857,0.8103448275862071,True,True,False,True,False,False,False,False,False,False,False,False,False,False,False,True
0.0,0.6285714285714286,0.12068965517241392,False,True,False,False,False,False,False,False,False,True,False,False,False,False,False,False
0.16666666666666652,0.12857142857142853,0.7931034482758623,True,False,False,False,False,False,True,False,False,False,False,False,False,False,False,True
0.33333333333333304,0.7,0.2931034482758621,False,False,False,False,False,False,False,False,False,False,False,False,False,False,False,False
0.5,0.17142857142857146,0.6379310344827587,False,False,False,False,False,False,False,False,False,True,False,False,False,False,False,True
1.0,0.957142857142857,0.1724137931034483,True,True,False,True,False,False,False,False,False,False,False,False,False,False,True,False
0.6666666666666665,0.057142857142857134,0.5862068965517242,True,False,True,True,False,False,False,False,False,False,False,False,False,False,False,True
0.5,0.5571428571428572,0.48275862068965525,True,True,False,True,False,False,False,False,False,False,False,False,False,False,True,False
0.5,0.657142857142857,0.2586206896551725,False,False,True,False,False,False,False,True,False,False,False,False,False,False,True,False
0.833333333333333,0.8428571428571429,0.2586206896551725,False,False,False,True,False,False,False,False,False,False,False,False,False,False,False,False
1.0,0.7999999999999999,0.3448275862068966,True,False,True,False,False,False,True,False,False,False,False,False,False,False,True,False
0.5,0.6,0.6379310344827587,True,False,True,True,False,False,False,False,False,False,False,False,False,False,True,False
0.33333333333333304,0.042857142857142844,0.5862068965517242,False,True,False,False,False,False,False,False,False,True,False,False,False,False,False,True
0.6666666666666665,0.9142857142857143,0.22413793103448276,False,False,True,False,False,False,False,False,False,False,False,False,False,True,True,False
1.0,0.9428571428571427,0.3793103448275863,True,False,False,False,False,False,False,False,False,True,False,False,False,False,True,False
1.0,0.29999999999999993,0.5344827586206897,False,True,False,True,False,False,False,False,False,False,False,False,False,False,False,False
0.5,0.8999999999999998,0.2931034482758621,True,False,False,False,False,False,False,False,False,False,False,False,False,False,True,False
0.6666666666666665,0.7857142857142857,0.36206896551724155,False,False,True,True,False,False,False,False,False,False,False,False,False,False,True,False
0.6666666666666665,0.8857142857142856,0.3448275862068966,False,False,False,False,False,False,False,False,True,False,False,False,False,False,True,False
1.0,0.6,0.5344827586206897,False,False,False,False,False,False,False,True,False,False,False,False,False,False,True,False
0.16666666666666652,0.48571428571428577,0.48275862068965525,False,False,True,False,False,False,True,False,False,False,False,False,False,False,True,False
1.0,0.8714285714285713,0.2586206896551725,False,True,False,True,False,False,False,False,False,False,False,False,False,False,False,False
0.16666666666666652,0.9999999999999999,0.3448275862068966,False,True,False,False,False,False,False,True,False,False,False,False,False,False,True,False
0.6666666666666665,0.7285714285714284,0.2586206896551725,False,True,False,False,False,False,False,False,True,False,False,False,False,False,False,False
0.33333333333333304,0.8571428571428571,0.36206896551724155,False,False,False,False,False,False,False,True,False,False,False,False,False,False,False,False
1.0,0.8571428571428571,0.1724137931034483,False,True,False,False,False,False,False,False,False,False,False,False,False,True,True,False
0.833333333333333,0.957142857142857,0.3275862068965518,True,False,False,False,False,False,False,False,False,False,False,False,False,False,True,False
0.33333333333333304,0.5428571428571428,0.5689655172413794,False,False,False,False,False,False,False,False,False,False,False,False,False,True,False,False
0.6666666666666665,0.48571428571428577,0.5517241379310345,False,False,True,False,False,False,True,False,False,False,False,False,False,False,True,False
0.5,0.6142857142857142,0.3448275862068966,False,True,False,True,False,False,False,False,False,False,False,False,False,False,True,False
0.833333333333333,0.7,0.27586206896551735,True,False,False,False,False,False,True,False,False,False,False,False,False,False,True,False
0.0,0.3285714285714285,0.413793103448276,False,False,False,False,False,False,False,True,False,False,False,False,False,False,True,False
0.6666666666666665,0.3285714285714285,0.5344827586206897,False,False,False,False,False,False,False,False,False,False,False,False,False,False,True,False
0.0,0.3571428571428571,0.6206896551724139,True,False,False,False,False,False,False,False,False,True,False,False,False,False,True,False
0.5,0.9285714285714285,0.2931034482758621,True,False,True,False,False,False,True,False,False,False,False,False,False,False,True,False
0.833333333333333,0.9714285714285714,0.31034482758620696,False,False,True,False,False,False,False,True,False,False,False,False,False,False,True,False
0.16666666666666652,0.6142857142857142,0.2586206896551725,True,True,False,False,False,False,True,False,False,False,False,False,False,False,True,False
0.833333333333333,0.6714285714285714,0.2586206896551725,True,False,False,False,False,False,False,True,False,False,False,False,False,False,True,False
0.0,0.11428571428571424,0.6379310344827587,True,False,True,False,False,False,False,True,False,False,False,False,False,False,False,True
0.16666666666666652,0.6714285714285714,0.3448275862068966,False,True,False,False,False,False,False,False,False,False,False,False,False,True,True,False
0.33333333333333304,0.7857142857142857,0.12068965517241392,False,True,False,True,False,False,False,False,False,False,False,False,False,False,False,False
1.0,0.3285714285714285,0.5862068965517242,True,True,False,False,False,False,True,False,False,False,False,False,False,False,False,True
0.0,0.2571428571428571,0.8275862068965518,False,True,False,False,False,False,False,False,True,False,False,False,False,False,False,True
0.16666666666666652,0.0,0.7586206896551724,False,True,False,True,False,False,False,False,False,False,False,False,False,False,False,True
0.0,0.7428571428571428,0.3448275862068966,True,False,False,False,False,False,False,False,False,False,False,False,False,True,True,False
0.833333333333333,0.19999999999999998,0.6724137931034484,True,False,False,False,False,False,False,False,False,False,False,False,False,True,False,True
1.0,0.24285714285714285,0.6724137931034484,False,False,True,False,False,False,False,False,False,False,False,False,False,True,True,True
0.5,0.6428571428571428,0.36206896551724155,False,False,False,False,False,False,False,False,False,True,False,False,False,False,True,False
0.5,0.24285714285714285,0.6551724137931034,False,False,True,False,False,False,False,False,False,False,False,False,False,True,False,True
0.6666666666666665,0.11428571428571424,0.7413793103448276,True,False,False,False,False,False,False,True,False,False,False,False,False,False,True,True
0.6666666666666665,0.9428571428571427,0.31034482758620696,True,False,True,False,False,False,False,False,False,False,False,False,False,True,True,False
0.5,0.2857142857142857,0.6379310344827587,True,False,False,False,False,False,False,False,False,True,False,False,False,False,False,True
0.5,0.6142857142857142,0.2931034482758621,True,False,False,False,False,False,False,False,True,False,False,False,False,False,True,False
1.0,0.19999999999999998,0.7241379310344829,False,False,False,False,False,False,False,False,False,True,False,False,False,False,False,True
0.6666666666666665,0.6428571428571428,0.5000000000000002,True,False,True,False,False,False,False,False,False,False,False,False,False,True,True,False
0.16666666666666652,0.6142857142857142,0.2586206896551725,True,False,False,False,False,False,False,False,False,False,False,False,False,True,True,False
0.16666666666666652,0.48571428571428577,0.3793103448275863,True,False,False,False,False,False,False,False,False,False,False,False,False,False,False,False
0.33333333333333304,0.5857142857142856,0.517241379310345,True,True,False,False,False,False,False,False,True,False,False,False,False,False,True,False
0.0,0.5857142857142856,0.12068965517241392,True,True,False,False,False,False,False,False,False,False,False,False,False,True,True,False
0.16666666666666652,0.8571428571428571,0.15517241379310354,True,False,True,False,False,False,False,False,True,False,False,False,False,False,True,False
0.33333333333333304,0.957142857142857,0.3448275862068966,False,True,False,True,False,False,False,False,False,False,False,False,False,False,True,False
0.0,0.8428571428571429,0.3448275862068966,False,True,False,False,False,False,False,False,False,False,False,False,False,True,True,False
0.0,0.6857142857142856,0.36206896551724155,False,True,False,False,False,False,True,False,False,False,False,False,False,False,True,False
0.833333333333333,0.08571428571428572,0.7413793103448276,False,True,False,False,False,False,True,False,False,False,False,False,False,False,False,True
0.16666666666666652,0.6,0.3793103448275863,True,True,False,False,False,False,False,False,False,False,False,False,False,True,True,False
0.5,0.7999999999999999,0.12068965517241392,True,True,False,False,False,False,False,False,True,False,False,False,False,False,True,False
0.833333333333333,0.5857142857142856,0.3448275862068966,True,False,False,False,False,False,False,True,False,False,False,False,False,False,True,False
0.833333333333333,0.8571428571428571,0.36206896551724155,False,True,False,True,False,False,False,False,False,False,False,False,False,False,True,False
1.0,0.21428571428571427,0.5689655172413794,False,False,False,False,False,False,False,True,False,False,False,False,False,False,True,True
0.5,0.3142857142857143,0.8448275862068966,False,True,False,False,False,False,False,False,False,False,False,False,False,True,False,True
0.5,0.29999999999999993,0.8103448275862071,True,True,False,False,False,False,False,False,True,False,False,False,False,False,True,True
0.16666666666666652,0.5571428571428572,0.44827586206896575,False,True,False,False,False,False,False,False,False,False,False,False,False,True,False,False
0.833333333333333,0.07142857142857142,0.6724137931034484,True,False,True,False,False,False,False,False,False,False,False,False,False,False,False,True
0.6666666666666665,0.6142857142857142,0.3275862068965518,False,False,True,False,False,False,False,False,True,False,False,False,False,False,True,False
0.5,0.4285714285714285,0.44827586206896575,False,False,False,True,False,False,False,False,False,False,False,False,False,False,True,False
1.0,0.6857142857142856,0.2586206896551725,True,False,False,False,False,False,False,True,False,False,False,False,False,False,False,False
0.833333333333333,0.9142857142857143,0.31034482758620696,False,False,True,True,False,False,False,False,False,False,False,False,False,False,True,False
1.0,0.6428571428571428,0.18965517241379326,False,True,False,False,False,False,False,False,True,False,False,False,False,False,True,False
0.16666666666666652,0.4999999999999999,0.413793103448276,True,False,False,False,False,False,False,False,False,False,False,False,False,True,True,False
0.0,0.7428571428571428,0.3448275862068966,False,False,False,False,False,False,False,False,False,False,False,False,False,False,True,False
0.833333333333333,0.8142857142857142,0.2586206896551725,True,True,False,False,False,False,False,False,False,True,False,False,False,False,True,False
0.5,0.3285714285714285,0.5862068965517242,False,False,False,False,False,False,True,False,False,False,False,False,False,False,False,True
0.6666666666666665,0.4428571428571427,0.44827586206896575,False,True,False,False,False,False,False,False,False,False,False,False,False,True,True,False
0.6666666666666665,0.6,0.48275862068965525,True,False,False,False,False,False,False,True,False,False,False,False,False,False,False,False
0.6666666666666665,0.6857142857142856,0.31034482758620696,False,False,True,False,False,False,False,False,False,False,False,False,False,True,True,False
0.16666666666666652,0.9142857142857143,0.3448275862068966,True,False,False,False,False,False,True,False,False,False,False,False,False,False,True,False
0.833333333333333,0.4999999999999999,0.39655172413793105,False,False,False,False,False,False,False,True,False,False,False,False,False,False,False,False
0.5,0.2857142857142857,0.6379310344827587,False,False,False,False,False,False,False,False,True,False,False,False,False,False,True,True
0.6666666666666665,0.5285714285714286,0.5862068965517242,False,False,False,False,False,False,True,False,False,False,False,False,False,False,True,False
0.16666666666666652,0.17142857142857146,0.8275862068965518,False,False,False,False,False,False,False,False,False,False,False,False,False,True,False,True
0.833333333333333,0.7142857142857142,0.31034482758620696,False,False,True,False,False,False,False,False,False,True,False,False,False,False,True,False
0.833333333333333,0.37142857142857133,0.6206896551724139,True,False,True,False,False,False,False,False,True,False,False,False,False,False,True,False
0.833333333333333,0.12857142857142853,0.5689655172413794,True,False,False,False,False,False,True,False,False,False,False,False,False,False,False,True
0.6666666666666665,0.5142857142857141,0.4310344827586208,True,True,False,False,False,False,False,False,False,True,False,False,False,False,True,False
0.0,0.6285714285714286,0.3793103448275863,True,False,True,False,False,False,False,False,False,True,False,False,False,False,True,False
0.16666666666666652,0.6,0.24137931034482774,False,False,True,False,False,False,False,False,True,False,False,False,False,False,True,False
1.0,0.957142857142857,0.206896551724138,False,False,True,False,False,False,False,False,False,True,False,False,False,False,True,False
0.16666666666666652,0.7714285714285715,0.206896551724138,True,False,True,False,False,False,False,False,True,False,False,False,False,False,False,False
0.5,0.8714285714285713,0.206896551724138,True,True,False,False,False,False,False,False,False,True,False,False,False,False,True,False
0.16666666666666652,0.07142857142857142,0.6379310344827587,True,False,True,False,False,False,False,True,False,False,False,False,False,False,False,True
0.0,0.34285714285714275,0.603448275862069,True,False,False,False,False,False,False,False,False,False,False,False,False,False,True,True
0.16666666666666652,0.4285714285714285,0.39655172413793105,False,True,False,False,False,False,True,False,False,False,False,False,False,False,True,False
0.33333333333333304,0.2857142857142857,0.5689655172413794,True,False,False,False,False,False,False,False,True,False,False,False,False,False,True,True
0.0,0.8285714285714284,0.2586206896551725,True,False,False,False,False,False,False,False,False,True,False,False,False,False,True,False
0.5,0.3142857142857143,0.6379310344827587,False,True,False,False,False,False,False,False,False,False,False,False,False,False,False,True
0.833333333333333,0.4571428571428571,0.5344827586206897,True,False,True,False,False,False,False,False,False,False,False,False,False,True,True,False
0.0,0.5428571428571428,0.5344827586206897,True,True,False,False,False,False,False,False,False,False,False,False,False,True,True,False
0.33333333333333304,0.8285714285714284,0.2586206896551725,True,False,False,False,False,False,False,False,False,True,False,False,False,False,True,False
0.16666666666666652,0.3285714285714285,0.6206896551724139,False,False,False,False,False,False,True,False,False,False,False,False,False,False,False,False
0.6666666666666665,0.9857142857142857,0.3793103448275863,False,False,False,True,False,False,False,False,False,False,False,False,False,False,False,False
0.16666666666666652,0.9714285714285714,0.15517241379310354,False,False,True,False,False,False,False,False,False,True,False,False,False,False,False,False
0.5,0.3571428571428571,0.48275862068965525,True,False,True,False,False,False,False,True,False,False,False,False,False,False,False,False
0.833333333333333,0.8714285714285713,0.15517241379310354,False,False,True,False,False,False,False,False,False,False,False,False,False,True,True,False
0.833333333333333,0.5428571428571428,0.603448275862069,False,True,False,False,False,False,False,False,False,False,False,False,False,False,True,False
0.0,0.6285714285714286,0.413793103448276,True,True,False,False,False,False,False,True,False,False,False,False,False,False,False,False
0.6666666666666665,0.37142857142857133,0.44827586206896575,False,False,True,False,False,False,False,False,True,False,False,False,False,False,False,False
0.6666666666666665,0.5857142857142856,0.39655172413793105,True,True,False,False,False,False,False,False,True,False,False,False,False,False,True,False
0.5,0.9857142857142857,0.24137931034482774,False,True,False,False,False,False,False,False,False,False,False,False,False,False,True,False
0.33333333333333304,0.6142857142857142,0.3448275862068966,True,False,True,False,False,False,False,True,False,False,False,False,False,False,True,False
1.0,0.957142857142857,0.12068965517241392,False,False,False,False,False,False,False,False,False,False,False,False,False,True,True,False
0.5,0.4714285714285713,0.48275862068965525,True,False,False,False,False,False,False,False,False,True,False,False,False,False,True,False
0.5,0.8714285714285713,0.18965517241379326,False,True,False,False,False,False,False,True,False,False,False,False,False,False,True,False
0.6666666666666665,0.22857142857142856,0.8103448275862071,False,True,False,False,False,False,False,False,False,True,False,False,False,False,False,True
0.0,0.8571428571428571,0.27586206896551735,True,False,True,True,False,False,False,False,False,False,False,False,False,False,False,False
0.33333333333333304,0.34285714285714275,0.4310344827586208,False,False,False,False,False,False,False,True,False,False,False,False,False,False,True,False
0.33333333333333304,0.7999999999999999,0.3793103448275863,False,False,True,False,False,False,True,False,False,False,False,False,False,False,True,False
0.6666666666666665,0.6857142857142856,0.27586206896551735,True,False,True,False,False,False,False,False,True,False,False,False,False,False,True,False
1.0,0.6714285714285714,0.3793103448275863,False,False,True,False,False,False,True,False,False,False,False,False,False,False,True,False
0.5,0.48571428571428577,0.517241379310345,False,False,False,False,False,False,True,False,False,False,False,False,False,False,True,False
0.0,0.21428571428571427,0.6724137931034484,True,False,False,True,False,False,False,False,False,False,False,False,False,False,True,True
0.16666666666666652,0.9285714285714285,0.1724137931034483,True,False,True,False,False,False,False,False,False,True,False,False,False,False,True,False
0.5,0.957142857142857,0.3275862068965518,False,False,True,False,False,False,False,False,False,False,False,False,False,False,True,False
0.0,0.6428571428571428,0.2931034482758621,False,False,True,False,False,False,False,False,True,False,False,False,False,False,True,False
0.16666666666666652,0.4714285714285713,0.5344827586206897,False,False,True,False,False,False,False,False,False,False,False,False,False,True,False,False
1.0,0.5428571428571428,0.44827586206896575,False,False,False,True,False,False,False,False,False,False,False,False,False,False,False,False
0.6666666666666665,0.4285714285714285,0.48275862068965525,False,False,True,True,False,False,False,False,False,False,False,False,False,False,True,False
0.833333333333333,0.028571428571428553,0.5517241379310345,False,False,True,False,False,False,False,False,False,True,False,False,False,False,False,True
0.0,0.657142857142857,0.13793103448275867,True,False,False,False,False,False,False,False,False,False,False,False,False,True,True,False
0.0,0.057142857142857134,0.603448275862069,True,False,False,False,False,False,False,False,False,True,False,False,False,False,False,True
0.5,0.8857142857142856,0.3448275862068966,True,False,True,True,False,False,False,False,False,False,False,False,False,False,False,False
0.5,0.7714285714285715,0.24137931034482774,False,False,True,True,False,False,False,False,False,False,False,False,False,False,True,False
1.0,0.6285714285714286,0.36206896551724155,True,False,False,False,False,False,False,False,False,True,False,False,False,False,True,False
0.33333333333333304,0.12857142857142853,0.8448275862068966,True,False,False,False,False,False,False,False,False,False,False,False,False,True,False,True
0.0,0.7142857142857142,0.206896551724138,True,True,False,False,False,False,True,False,False,False,False,False,False,False,True,False
0.33333333333333304,0.15714285714285717,0.8620689655172415,True,False,False,False,False,False,True,False,False,False,False,False,False,False,True,True
0.33333333333333304,0.7714285714285715,0.2586206896551725,True,False,False,False,False,False,False,False,True,False,False,False,False,False,True,False
0.16666666666666652,0.5571428571428572,0.603448275862069,False,False,False,False,False,False,False,True,False,False,False,False,False,False,True,False
0.5,0.4571428571428571,0.6206896551724139,True,False,False,True,False,False,False,False,False,False,False,False,False,False,True,False
0.5,0.19999999999999998,0.8448275862068966,True,True,False,False,False,False,False,False,False,False,False,False,False,False,True,True
0.5,0.028571428571428553,0.7413793103448276,True,True,False,True,False,False,False,False,False,False,False,False,False,False,False,True
0.833333333333333,0.6714285714285714,0.3793103448275863,False,True,False,False,False,False,False,False,True,False,False,False,False,False,True,False
0.833333333333333,0.5857142857142856,0.2931034482758621,True,False,False,False,False,False,False,False,True,False,False,False,False,False,True,False
0.16666666666666652,0.4285714285714285,0.4655172413793105,False,False,False,False,False,False,False,False,True,False,False,False,False,False,True,False
1.0,0.9285714285714285,0.31034482758620696,False,False,False,False,False,False,False,True,False,False,False,False,False,False,False,False
0.5,0.2857142857142857,0.6206896551724139,True,True,False,False,False,False,False,False,False,True,False,False,False,False,True,False
0.6666666666666665,0.4714285714285713,0.5344827586206897,True,False,True,False,False,False,False,False,False,True,False,False,False,False,False,False
1.0,0.11428571428571424,0.8620689655172415,False,False,True,False,False,False,False,False,False,False,False,False,False,True,False,True
0.6666666666666665,0.9285714285714285,0.12068965517241392,True,False,False,False,False,False,True,False,False,False,False,False,False,False,True,False
0.6666666666666665,0.7285714285714284,0.24137931034482774,True,False,False,False,False,False,False,True,False,False,False,False,False,False,True,False
0.6666666666666665,0.01428571428571429,0.7586206896551724,True,False,False,False,False,False,False,False,True,False,False,False,False,False,True,True
0.6666666666666665,0.757142857142857,0.27586206896551735,False,False,False,True,False,False,False,False,False,False,False,False,False,False,True,False
0.16666666666666652,0.042857142857142844,0.6551724137931034,True,False,False,False,False,False,False,False,True,False,False,False,False,False,False,True
0.33333333333333304,0.34285714285714275,0.8620689655172415,False,False,True,False,False,False,False,False,True,False,False,False,False,False,False,True
1.0,0.7428571428571428,0.27586206896551735,True,True,False,False,False,False,False,True,False,False,False,False,False,False,False,False
0.833333333333333,0.8999999999999998,0.3275862068965518,True,False,True,False,False,False,False,False,False,True,False,False,False,False,True,False
0.33333333333333304,0.4999999999999999,0.6206896551724139,False,False,False,False,False,False,False,False,True,False,False,False,False,False,True,False
0.0,0.8714285714285713,0.12068965517241392,False,False,True,False,False,False,False,False,False,False,False,False,False,False,False,False
0.5,0.028571428571428553,0.8448275862068966,False,False,True,True,False,False,False,False,False,False,False,False,False,False,False,True
0.6666666666666665,0.6142857142857142,0.5000000000000002,False,True,False,False,False,False,True,False,False,False,False,False,False,False,False,False
0.5,0.7,0.2931034482758621,True,True,False,False,False,False,False,True,False,False,False,False,False,False,False,False
0.6666666666666665,0.14285714285714282,0.7241379310344829,False,False,True,False,False,False,False,True,False,False,False,False,False,False,False,True
1.0,0.5285714285714286,0.4655172413793105,True,False,False,False,False,False,False,False,False,False,False,False,False,True,True,False
0.833333333333333,0.5285714285714286,0.517241379310345,True,False,True,False,False,False,False,False,True,False,False,False,False,False,True,False
0.33333333333333304,0.757142857142857,0.22413793103448276,False,False,False,False,False,False,False,False,True,False,False,False,False,False,True,False
0.6666666666666665,0.7999999999999999,0.3793103448275863,False,False,True,False,False,False,True,False,False,False,False,False,False,False,True,False
0.5,0.4571428571428571,0.5689655172413794,False,True,False,False,False,False,False,False,False,False,False,False,False,False,False,False
0.16666666666666652,0.8857142857142856,0.27586206896551735,True,False,True,False,False,False,False,False,False,False,False,False,False,False,True,False
0.5,0.15714285714285717,0.8793103448275863,False,True,False,False,False,False,True,False,False,False,False,False,False,False,False,True
0.16666666666666652,0.6714285714285714,0.206896551724138,False,False,True,False,False,False,False,False,True,False,False,False,False,False,True,False
0.6666666666666665,0.6,0.6206896551724139,True,False,True,False,False,False,False,True,False,False,False,False,False,False,True,False
0.33333333333333304,0.19999999999999998,0.603448275862069,False,False,False,False,False,False,False,False,False,True,False,False,False,False,False,True
0.16666666666666652,0.3857142857142857,0.5344827586206897,False,True,False,False,False,False,False,False,False,False,False,False,False,False,True,False
0.5,0.3285714285714285,0.8965517241379313,True,False,False,False,False,False,False,False,False,False,False,False,False,True,True,True
0.833333333333333,0.29999999999999993,0.6551724137931034,False,False,False,True,False,False,False,False,False,False,False,False,False,False,False,True
1.0,0.08571428571428572,0.7241379310344829,False,False,True,True,False,False,False,False,False,False,False,False,False,False,False,True
0.833333333333333,0.4571428571428571,0.603448275862069,False,True,False,False,False,False,False,False,False,True,False,False,False,False,False,False
1.0,0.8857142857142856,0.3448275862068966,True,True,False,False,False,False,True,False,False,False,False,False,False,False,True,False
0.833333333333333,0.8142857142857142,0.31034482758620696,False,True,False,False,False,False,False,False,False,False,False,False,False,False,False,False
0.833333333333333,0.9857142857142857,0.31034482758620696,True,False,False,False,False,False,False,False,False,True,False,False,False,False,False,False
0.6666666666666665,0.4714285714285713,0.5517241379310345,False,False,False,True,False,False,False,False,False,False,False,False,False,False,False,False
0.5,0.15714285714285717,0.8448275862068966,False,False,False,False,False,False,False,False,True,False,False,False,False,False,True,True
0.33333333333333304,0.9428571428571427,0.13793103448275867,True,False,True,False,False,False,False,False,False,True,False,False,False,False,True,False
0.16666666666666652,0.6857142857142856,0.27586206896551735,True,True,False,False,False,False,False,False,True,False,False,False,False,False,True,False
0.33333333333333304,0.8714285714285713,0.13793103448275867,True,False,False,False,False,False,True,False,False,False,False,False,False,False,True,False
0.33333333333333304,0.657142857142857,0.22413793103448276,False,True,False,False,False,False,False,False,False,False,False,False,False,True,True,False
1.0,0.2571428571428571,0.5862068965517242,False,False,False,False,False,False,False,False,False,False,False,False,False,False,False,True
0.833333333333333,0.7714285714285715,0.36206896551724155,False,False,True,False,False,False,False,False,True,False,False,False,False,False,True,False
0.33333333333333304,0.19999999999999998,0.6551724137931034,True,True,False,False,False,False,False,False,False,False,False,False,False,True,False,True
1.0,0.5857142857142856,0.31034482758620696,True,True,False,False,False,False,False,False,True,False,False,False,False,False,True,False
0.16666666666666652,0.3999999999999999,0.44827586206896575,True,True,False,False,False,False,False,False,False,False,False,False,False,True,True,False
0.5,0.757142857142857,0.13793103448275867,True,True,False,False,False,False,False,False,False,True,False,False,False,False,True,False
0.833333333333333,0.5571428571428572,0.48275862068965525,False,False,True,True,False,False,False,False,False,False,False,False,False,False,False,False
0.16666666666666652,0.9428571428571427,0.12068965517241392,True,False,False,False,False,False,False,False,False,False,False,False,False,True,False,False
0.6666666666666665,0.8285714285714284,0.1724137931034483,False,False,True,False,False,False,False,False,True,False,False,False,False,False,True,False
1.0,0.3142857142857143,0.8103448275862071,True,False,False,False,False,False,True,False,False,False,False,False,False,False,False,True
0.0,0.3142857142857143,0.8275862068965518,True,True,False,False,False,False,True,False,False,False,False,False,False,False,True,True
1.0,0.6857142857142856,0.31034482758620696,True,False,True,False,False,False,False,False,False,False,False,False,False,False,True,False
0.6666666666666665,0.5857142857142856,0.3448275862068966,True,True,False,True,False,False,False,False,False,False,False,False,False,False,True,False
1.0,0.3142857142857143,0.6206896551724139,False,True,False,False,False,False,False,False,False,False,False,False,False,True,True,False
0.5,0.8142857142857142,0.22413793103448276,True,False,False,False,False,False,True,False,False,False,False,False,False,False,True,False
0.0,0.7857142857142857,0.24137931034482774,True,False,True,False,False,False,False,False,False,False,False,False,False,True,False,False
1.0,0.5714285714285714,0.13793103448275867,False,False,True,False,False,False,False,False,False,True,False,False,False,False,True,False
0.16666666666666652,0.5571428571428572,0.5000000000000002,False,True,False,False,False,False,False,False,False,False,False,False,False,False,False,False
0.0,0.11428571428571424,0.7413793103448276,True,False,True,False,False,False,False,False,True,False,False,False,False,False,False,True
0.0,0.6285714285714286,0.22413793103448276,True,True,False,False,False,False,False,False,False,False,False,False,False,False,False,False
0.16666666666666652,0.5428571428571428,0.517241379310345,True,True,False,False,False,False,False,False,False,False,False,False,False,False,True,False
0.33333333333333304,0.07142857142857142,0.7586206896551724,True,False,False,False,False,False,True,False,False,False,False,False,False,False,False,True
1.0,0.01428571428571429,0.8793103448275863,True,False,True,False,False,False,False,True,False,False,False,False,False,False,False,True
0.5,0.6,0.517241379310345,False,True,False,False,False,False,True,False,False,False,False,False,False,False,True,False
0.833333333333333,0.7285714285714284,0.13793103448275867,False,True,False,True,False,False,False,False,False,False,False,False,False,False,False,False
0.6666666666666665,0.7285714285714284,0.1724137931034483,True,True,False,False,False,False,True,False,False,False,False,False,False,False,True,False
0.33333333333333304,0.7714285714285715,0.12068965517241392,False,False,True,True,False,False,False,False,False,False,False,False,False,False,True,False
0.0,0.3142857142857143,0.7068965517241381,True,True,False,False,False,False,True,False,False,False,False,False,False,False,True,True
0.833333333333333,0.11428571428571424,0.6379310344827587,True,False,True,False,False,False,True,False,False,False,False,False,False,False,False,True
1.0,0.7428571428571428,0.18965517241379326,False,False,True,False,False,False,False,True,False,False,False,False,False,False,False,False
0.33333333333333304,0.6857142857142856,0.3275862068965518,False,False,False,False,False,False,True,False,False,False,False,False,False,False,True,False
0.5,0.3857142857142857,0.39655172413793105,False,False,True,False,False,False,False,False,True,False,False,False,False,False,False,False
0.5,0.11428571428571424,0.5517241379310345,False,True,False,False,False,False,False,False,False,True,False,False,False,False,True,True
0.833333333333333,0.1,0.8275862068965518,False,False,True,True,False,False,False,False,False,False,False,False,False,False,False,True
0.833333333333333,0.29999999999999993,0.8275862068965518,True,False,False,False,False,False,False,False,True,False,False,False,False,False,False,True
0.16666666666666652,0.2571428571428571,0.7586206896551724,True,False,False,True,False,False,False,False,False,False,False,False,False,False,False,True
0.16666666666666652,0.7142857142857142,0.206896551724138,True,True,False,False,False,False,False,False,True,False,False,False,False,False,True,False
0.0,0.8428571428571429,0.18965517241379326,True,False,True,False,False,False,False,False,False,True,False,False,False,False,True,False
0.833333333333333,0.4571428571428571,0.603448275862069,False,False,False,False,False,False,False,False,False,True,False,False,False,False,False,False
1.0,0.3285714285714285,0.517241379310345,False,False,True,False,False,False,False,False,False,False,False,False,False,False,False,False
0.833333333333333,0.657142857142857,0.2586206896551725,False,False,True,False,False,False,False,True,False,False,False,False,False,False,True,False
0.0,0.657142857142857,0.31034482758620696,True,True,False,True,False,False,False,False,False,False,False,False,False,False,True,False
0.0,0.8857142857142856,0.27586206896551735,False,False,True,False,False,False,False,False,False,False,False,False,False,False,False,False
0.0,0.4999999999999999,0.4655172413793105,True,True,False,False,False,False,False,True,False,False,False,False,False,False,True,False
0.33333333333333304,0.6285714285714286,0.206896551724138,False,False,False,False,False,False,False,False,False,False,False,False,False,True,True,False
0.0,0.9285714285714285,0.27586206896551735,False,False,True,False,False,False,False,False,False,True,False,False,False,False,True,False
0.33333333333333304,0.41428571428571426,0.39655172413793105,True,False,False,False,False,False,False,False,False,False,False,False,False,True,False,False
0.33333333333333304,0.8571428571428571,0.24137931034482774,True,True,False,False,False,False,True,False,False,False,False,False,False,False,False,False
0.6666666666666665,0.5714285714285714,0.5689655172413794,True,False,False,False,False,False,False,False,False,True,False,False,False,False,True,False
0.6666666666666665,0.6428571428571428,0.3448275862068966,True,False,True,True,False,False,False,False,False,False,False,False,False,False,True,False
0.5,0.08571428571428572,0.8620689655172415,True,False,True,False,False,False,False,False,False,True,False,False,False,False,False,True
0.6666666666666665,0.37142857142857133,0.5000000000000002,True,False,True,False,False,False,False,False,False,False,False,False,False,False,False,False
0.0,0.5857142857142856,0.31034482758620696,False,False,False,False,False,False,False,False,False,True,False,False,False,False,True,False
0.833333333333333,0.042857142857142844,0.6896551724137931,True,False,True,True,False,False,False,False,False,False,False,False,False,False,False,True
0.6666666666666665,0.4571428571428571,0.48275862068965525,True,False,False,False,False,False,False,False,False,False,False,False,False,False,True,False
0.833333333333333,0.34285714285714275,0.603448275862069,True,False,True,False,False,False,False,False,False,True,False,False,False,False,False,True
0.6666666666666665,0.7285714285714284,0.206896551724138,False,False,True,False,False,False,False,False,False,False,False,False,False,True,True,False
0.5,0.6285714285714286,0.13793103448275867,True,True,False,False,False,False,False,False,False,False,False,False,False,False,True,False
1.0,0.3285714285714285,0.6379310344827587,False,True,False,False,False,False,False,False,False,False,False,False,False,False,True,True
0.0,0.8142857142857142,0.2931034482758621,False,True,False,False,False,False,False,False,False,False,False,False,False,True,True,False
1.0,0.8571428571428571,0.18965517241379326,False,False,False,False,False,False,False,False,False,False,False,False,False,True,False,False
0.0,0.01428571428571429,0.7931034482758623,True,True,False,False,False,False,False,True,False,False,False,False,False,False,False,True
0.6666666666666665,0.9428571428571427,0.27586206896551735,True,True,False,False,False,False,False,True,False,False,False,False,False,False,True,False
0.0,0.7999999999999999,0.36206896551724155,True,False,True,True,False,False,False,False,False,False,False,False,False,False,True,False
0.833333333333333,0.17142857142857146,0.8620689655172415,True,True,False,True,False,False,False,False,False,False,False,False,False,False,False,True
1.0,0.6142857142857142,0.1724137931034483,True,False,False,False,False,False,False,True,False,False,False,False,False,False,True,False
0.5,0.757142857142857,0.3275862068965518,True,True,False,False,False,False,False,False,False,False,False,False,False,False,True,False
1.0,0.8428571428571429,0.2586206896551725,True,False,True,False,False,False,False,False,False,True,False,False,False,False,True,False
0.6666666666666665,0.37142857142857133,0.5862068965517242,False,False,True,False,False,False,False,False,False,False,False,False,False,True,True,False
0.6666666666666665,0.6857142857142856,0.31034482758620696,True,False,True,False,False,False,False,True,False,False,False,False,False,False,True,False
1.0,0.8571428571428571,0.3275862068965518,True,False,False,True,False,False,False,False,False,False,False,False,False,False,True,False
0.0,0.9285714285714285,0.1724137931034483,False,False,True,False,False,False,False,False,True,False,False,False,False,False,True,False
0.16666666666666652,0.6285714285714286,0.3793103448275863,True,False,False,False,False,False,False,False,False,False,False,False,False,True,False,False
1.0,0.41428571428571426,0.4310344827586208,True,False,False,False,False,False,False,False,True,False,False,False,False,False,False,False
1.0,0.7857142857142857,0.31034482758620696,True,True,False,False,False,False,False,False,False,False,False,False,False,True,True,False
0.5,0.9285714285714285,0.24137931034482774,False,False,False,False,False,False,False,False,False,True,False,False,False,False,False,False
0.5,0.14285714285714282,0.5517241379310345,True,True,False,True,False,False,False,False,False,False,False,False,False,False,False,True
0.16666666666666652,0.6714285714285714,0.24137931034482774,False,False,False,False,False,False,False,False,False,False,False,False,False,False,True,False
0.5,0.8428571428571429,0.13793103448275867,False,True,False,False,False,False,True,False,False,False,False,False,False,False,True,False
0.33333333333333304,0.4428571428571427,0.39655172413793105,False,True,False,False,False,False,False,False,False,False,False,False,False,True,False,False
0.0,0.6857142857142856,0.1724137931034483,True,False,False,False,False,False,False,False,False,False,False,False,False,False,True,False
1.0,0.24285714285714285,0.7068965517241381,False,False,True,False,False,False,False,False,True,False,False,False,False,False,False,True
0.16666666666666652,0.5571428571428572,0.5689655172413794,False,False,False,False,False,False,True,False,False,False,False,False,False,False,False,False
1.0,0.14285714285714282,0.7068965517241381,True,False,True,False,False,False,True,False,False,False,False,False,False,False,False,True
0.5,0.07142857142857142,0.8448275862068966,False,False,False,False,False,False,True,False,False,False,False,False,False,False,False,True
0.833333333333333,0.1857142857142857,0.8103448275862071,False,False,True,False,False,False,False,False,False,True,False,False,False,False,False,True
0.6666666666666665,0.5285714285714286,0.4310344827586208,False,True,False,False,False,False,False,False,True,False,False,False,False,False,True,False
0.5,0.5285714285714286,0.5000000000000002,True,False,False,False,False,False,False,False,False,False,False,False,False,True,False,False
0.5,0.9428571428571427,0.31034482758620696,False,True,False,False,False,False,False,False,False,False,False,False,False,True,True,False
0.0,0.1857142857142857,0.603448275862069,True,False,False,True,False,False,False,False,False,False,False,False,False,False,False,True
0.16666666666666652,0.6285714285714286,0.6206896551724139,True,True,False,False,False,False,True,False,False,False,False,False,False,False,False,False
0.6666666666666665,0.01428571428571429,0.6724137931034484,True,True,False,False,False,False,False,False,True,False,False,False,False,False,False,True
0.0,0.8714285714285713,0.27586206896551735,False,True,False,False,False,False,False,True,False,False,False,False,False,False,True,False
0.0,0.057142857142857134,0.7068965517241381,False,True,False,False,False,False,False,False,False,False,False,False,False,True,False,True
0.0,0.19999999999999998,0.7586206896551724,False,True,False,False,False,False,False,True,False,False,False,False,False,False,False,True
0.0,0.08571428571428572,0.8448275862068966,False,False,True,True,False,False,False,False,False,False,False,False,False,False,False,True
0.0,0.6142857142857142,0.36206896551724155,True,True,False,False,False,False,True,False,False,False,False,False,False,False,True,False
0.0,0.29999999999999993,0.5689655172413794,False,True,False,False,False,False,False,False,False,True,False,False,False,False,True,False
0.0,0.34285714285714275,0.3793103448275863,True,False,False,False,False,False,False,False,False,False,False,False,False,True,True,False
0.33333333333333304,0.9428571428571427,0.36206896551724155,True,False,True,False,False,False,True,False,False,False,False,False,False,False,False,False
0.33333333333333304,0.957142857142857,0.24137931034482774,True,True,False,False,False,False,False,False,False,True,False,False,False,False,True,False
0.833333333333333,0.6428571428571428,0.4655172413793105,True,False,True,False,False,False,False,True,False,False,False,False,False,False,True,False
0.16666666666666652,0.657142857142857,0.13793103448275867,False,False,False,False,False,False,False,False,False,False,False,False,False,False,True,False
0.6666666666666665,0.8142857142857142,0.12068965517241392,False,True,False,False,False,False,False,False,True,False,False,False,False,False,True,False
0.5,0.14285714285714282,0.8448275862068966,False,False,False,False,False,False,False,False,False,False,False,False,False,False,False,True
0.16666666666666652,0.3285714285714285,0.48275862068965525,True,False,True,False,False,False,False,True,False,False,False,False,False,False,True,False
0.6666666666666665,0.5714285714285714,0.24137931034482774,True,False,True,False,False,False,False,False,False,False,False,False,False,True,True,False
0.33333333333333304,0.5857142857142856,0.3448275862068966,True,False,False,False,False,False,False,True,False,False,False,False,False,False,True,False
0.6666666666666665,0.4285714285714285,0.5000000000000002,False,False,True,False,False,False,False,True,False,False,False,False,False,False,True,False
0.33333333333333304,0.1857142857142857,0.8103448275862071,True,True,False,False,False,False,True,False,False,False,False,False,False,False,False,True
0.33333333333333304,0.5714285714285714,0.4655172413793105,False,False,True,False,False,False,True,False,False,False,False,False,False,False,False,False
0.0,0.6857142857142856,0.22413793103448276,False,False,True,False,False,False,True,False,False,False,False,False,False,False,False,False
0.6666666666666665,0.3571428571428571,0.8103448275862071,True,True,False,False,False,False,False,False,False,False,False,False,False,True,False,True
0.6666666666666665,0.5142857142857141,0.5689655172413794,False,True,False,False,False,False,False,False,False,False,False,False,False,False,True,False
0.33333333333333304,0.48571428571428577,0.3793103448275863,False,False,True,False,False,False,False,False,False,True,False,False,False,False,False,False
1.0,0.1,0.5689655172413794,False,False,True,False,False,False,True,False,False,False,False,False,False,False,False,True
0.833333333333333,0.3571428571428571,0.5689655172413794,False,True,False,True,False,False,False,False,False,False,False,False,False,False,True,True
0.5,0.5142857142857141,0.5344827586206897,False,True,False,False,False,False,True,False,False,False,False,False,False,False,False,False
0.6666666666666665,0.3142857142857143,0.6206896551724139,True,True,False,False,False,False,False,False,False,False,False,False,False,True,False,True
0.16666666666666652,0.41428571428571426,0.5517241379310345,True,True,False,False,False,False,False,False,True,False,False,False,False,False,False,False
0.33333333333333304,0.8857142857142856,0.31034482758620696,True,False,True,False,False,False,False,False,True,False,False,False,False,False,True,False
0.16666666666666652,0.6428571428571428,0.2931034482758621,True,False,True,False,False,False,True,False,False,False,False,False,False,False,True,False
0.6666666666666665,0.7857142857142857,0.3448275862068966,False,False,False,True,False,False,False,False,False,False,False,False,False,False,True,False
0.16666666666666652,0.5285714285714286,0.517241379310345,False,False,True,False,False,False,False,False,False,True,False,False,False,False,False,False
0.0,0.7142857142857142,0.27586206896551735,True,True,False,False,False,False,False,True,False,False,False,False,False,False,False,False
0.33333333333333304,0.24285714285714285,0.8275862068965518,False,False,False,False,False,False,False,False,True,False,False,False,False,False,False,True
0.833333333333333,0.3999999999999999,0.39655172413793105,False,False,False,False,False,False,False,False,True,False,False,False,False,False,False,False
0.6666666666666665,0.6714285714285714,0.2931034482758621,True,False,True,False,False,False,False,False,False,False,False,False,False,True,False,False
0.33333333333333304,0.7,0.2931034482758621,False,False,False,False,False,False,False,False,False,False,False,False,False,False,True,False
1.0,0.9428571428571427,0.22413793103448276,True,False,False,False,False,False,True,False,False,False,False,False,False,False,True,False
0.5,0.5285714285714286,0.603448275862069,True,False,True,False,False,False,False,False,False,False,False,False,False,False,False,False
0.6666666666666665,0.7714285714285715,0.13793103448275867,True,False,True,False,False,False,False,True,False,False,False,False,False,False,True,False
0.6666666666666665,0.15714285714285717,0.6724137931034484,True,False,True,False,False,False,False,False,False,False,False,False,False,True,False,True
0.6666666666666665,0.01428571428571429,0.5689655172413794,False,False,False,False,False,False,True,False,False,False,False,False,False,False,True,True
0.5,0.3285714285714285,0.5000000000000002,True,True,False,False,False,False,False,True,False,False,False,False,False,False,False,False
0.6666666666666665,0.8428571428571429,0.24137931034482774,False,False,True,False,False,False,False,False,True,False,False,False,False,False,True,False
0.33333333333333304,0.7,0.3448275862068966,False,False,True,False,False,False,False,False,True,False,False,False,False,False,False,False
0.16666666666666652,0.5142857142857141,0.603448275862069,True,False,True,False,False,False,False,False,False,True,False,False,False,False,False,False
0.0,0.6857142857142856,0.3448275862068966,True,False,False,False,False,False,False,True,False,False,False,False,False,False,True,False
0.833333333333333,0.6,0.2931034482758621,False,False,False,False,False,False,False,True,False,False,False,False,False,False,True,False
1.0,0.8285714285714284,0.31034482758620696,False,False,False,False,False,False,False,False,False,False,False,False,False,True,True,False
0.16666666666666652,0.41428571428571426,0.5344827586206897,False,False,False,False,False,False,True,False,False,False,False,False,False,False,False,False
0.16666666666666652,0.7142857142857142,0.27586206896551735,True,False,True,False,False,False,True,False,False,False,False,False,False,False,True,False
0.833333333333333,0.3285714285714285,0.5000000000000002,True,True,False,False,False,False,False,False,False,False,False,False,False,True,False,False
1.0,0.4714285714285713,0.5000000000000002,True,False,False,False,False,False,False,False,False,False,False,False,False,True,False,False
0.0,0.14285714285714282,0.603448275862069,False,False,True,False,False,False,True,False,False,False,False,False,False,False,False,True
0.0,0.1857142857142857,0.8275862068965518,False,False,False,False,False,False,False,False,False,True,False,False,False,False,False,True
0.5,0.8142857142857142,0.15517241379310354,True,False,False,False,False,False,False,False,True,False,False,False,False,False,True,False
0.16666666666666652,0.9857142857142857,0.206896551724138,False,False,False,False,False,False,False,True,False,False,False,False,False,False,True,False
0.33333333333333304,0.14285714285714282,0.7241379310344829,False,True,False,False,False,False,False,False,False,False,False,False,False,False,True,True
0.16666666666666652,0.9857142857142857,0.1724137931034483,True,True,False,False,False,False,False,True,False,False,False,False,False,False,True,False
0.5,0.14285714285714282,0.6206896551724139,True,True,False,False,False,False,False,True,False,False,False,False,False,False,False,True
0.6666666666666665,0.7285714285714284,0.15517241379310354,False,True,False,False,False,False,False,True,False,False,False,False,False,False,True,False
0.16666666666666652,0.3142857142857143,0.39655172413793105,False,False,True,False,False,False,True,False,False,False,False,False,False,False,False,False
0.6666666666666665,0.19999999999999998,0.5517241379310345,False,False,True,False,False,False,False,False,False,False,False,False,False,False,False,True
0.833333333333333,0.2571428571428571,0.8620689655172415,True,False,True,True,False,False,False,False,False,False,False,False,False,False,False,True
1.0,0.8428571428571429,0.31034482758620696,True,False,False,False,False,False,False,False,False,True,False,False,False,False,True,False
0.6666666666666665,0.21428571428571427,0.7758620689655176,False,False,True,False,False,False,False,False,False,False,False,False,False,True,False,True
0.6666666666666665,0.757142857142857,0.24137931034482774,True,False,True,False,False,False,False,False,False,False,False,False,False,False,True,False
0.833333333333333,0.15714285714285717,0.6724137931034484,False,False,False,False,False,False,False,False,False,False,False,False,False,False,True,True
0.6666666666666665,0.7428571428571428,0.22413793103448276,True,False,True,False,False,False,False,False,False,False,False,False,False,False,True,False
0.833333333333333,0.7428571428571428,0.3448275862068966,False,True,False,True,False,False,False,False,False,False,False,False,False,False,True,False
0.5,0.29999999999999993,0.413793103448276,True,False,True,False,False,False,False,False,False,False,False,False,False,True,True,False
0.833333333333333,0.27142857142857135,0.8448275862068966,True,True,False,False,False,False,False,False,False,False,False,False,False,True,False,True
0.33333333333333304,0.757142857142857,0.3793103448275863,True,False,True,False,False,False,False,False,False,False,False,False,False,True,True,False
0.0,0.12857142857142853,0.603448275862069,True,False,True,False,False,False,False,False,False,True,False,False,False,False,True,True
0.0,0.6428571428571428,0.206896551724138,True,True,False,False,False,False,False,True,False,False,False,False,False,False,True,False
0.833333333333333,0.8428571428571429,0.13793103448275867,False,False,False,True,False,False,False,False,False,False,False,False,False,False,True,False
0.833333333333333,0.4285714285714285,0.5344827586206897,False,False,True,False,False,False,False,False,False,True,False,False,False,False,True,False
0.833333333333333,0.7285714285714284,0.31034482758620696,True,False,False,False,False,False,False,False,True,False,False,False,False,False,False,False
0.16666666666666652,0.29999999999999993,0.8620689655172415,True,True,False,False,False,False,False,False,False,False,False,False,False,False,False,True
0.33333333333333304,0.07142857142857142,0.6551724137931034,True,False,False,False,False,False,True,False,False,False,False,False,False,False,False,True
0.5,0.34285714285714275,0.6896551724137931,False,False,True,False,False,False,False,False,False,False,False,False,False,False,False,True
0.33333333333333304,0.5714285714285714,0.5000000000000002,True,True,False,True,False,False,False,False,False,False,False,False,False,False,False,False
0.0,0.7428571428571428,0.1724137931034483,True,True,False,True,False,False,False,False,False,False,False,False,False,False,False,False
0.5,0.957142857142857,0.18965517241379326,True,False,True,False,False,False,False,True,False,False,False,False,False,False,False,False
0.5,0.6142857142857142,0.31034482758620696,False,True,False,False,False,False,False,False,True,False,False,False,False,False,True,False
0.0,0.6285714285714286,0.13793103448275867,False,True,False,False,False,False,False,True,False,False,False,False,False,False,True,False
0.0,0.8142857142857142,0.36206896551724155,True,False,True,True,False,False,False,False,False,False,False,False,False,False,True,False
1.0,0.7142857142857142,0.2586206896551725,True,False,False,True,False,False,False,False,False,False,False,False,False,False,False,False
0.16666666666666652,0.19999999999999998,0.8793103448275863,False,False,True,False,False,False,True,False,False,False,False,False,False,False,False,True
1.0,0.6857142857142856,0.3275862068965518,True,False,True,False,False,False,False,False,True,False,False,False,False,False,True,False
0.0,0.41428571428571426,0.39655172413793105,True,True,False,False,False,False,False,False,False,True,False,False,False,False,True,False
0.5,0.7999999999999999,0.2931034482758621,False,False,True,False,False,False,False,False,True,False,False,False,False,False,True,False
0.33333333333333304,0.3285714285714285,0.5862068965517242,False,True,False,False,False,False,False,False,True,False,False,False,False,False,False,True
0.6666666666666665,0.9142857142857143,0.27586206896551735,False,False,True,True,False,False,False,False,False,False,False,False,False,False,True,False
0.16666666666666652,0.5857142857142856,0.4310344827586208,False,True,False,False,False,False,True,False,False,False,False,False,False,False,True,False
0.33333333333333304,0.6857142857142856,0.24137931034482774,False,True,False,False,False,False,False,False,False,False,False,False,False,True,True,False
0.5,0.24285714285714285,0.5689655172413794,True,False,True,False,False,False,False,False,True,False,False,False,False,False,False,True
0.33333333333333304,0.07142857142857142,0.5689655172413794,True,False,True,False,False,False,False,True,False,False,False,False,False,False,True,True
0.833333333333333,0.8714285714285713,0.36206896551724155,True,False,True,False,False,False,False,True,False,False,False,False,False,False,True,False
0.833333333333333,0.8428571428571429,0.3275862068965518,False,False,False,False,False,False,False,False,False,False,False,False,False,True,True,False
0.5,0.5857142857142856,0.18965517241379326,True,False,True,False,False,False,False,False,False,False,False,False,False,True,True,False
0.16666666666666652,0.4428571428571427,0.5862068965517242,False,True,False,False,False,False,True,False,False,False,False,False,False,False,True,False
0.16666666666666652,0.657142857142857,0.1724137931034483,False,False,False,False,False,False,False,False,False,False,False,False,False,False,True,False
0.33333333333333304,0.3857142857142857,0.413793103448276,False,False,True,False,False,False,False,True,False,False,False,False,False,False,False,False
0.6666666666666665,0.3142857142857143,0.413793103448276,False,False,True,False,False,False,True,False,False,False,False,False,False,False,False,False
0.833333333333333,0.657142857142857,0.31034482758620696,True,False,True,False,False,False,True,False,False,False,False,False,False,False,False,False
0.16666666666666652,0.657142857142857,0.2931034482758621,False,False,False,False,False,False,False,False,True,False,False,False,False,False,True,False
0.33333333333333304,0.17142857142857146,0.6551724137931034,True,True,False,False,False,False,True,False,False,False,False,False,False,False,False,True
0.33333333333333304,0.6428571428571428,0.3448275862068966,True,False,True,False,False,False,False,True,False,False,False,False,False,False,False,False
0.833333333333333,0.7,0.27586206896551735,True,False,False,False,False,False,False,False,True,False,False,False,False,False,True,False
0.5,0.6,0.2586206896551725,True,False,False,False,False,False,False,False,False,False,False,False,False,True,True,False
0.33333333333333304,0.7857142857142857,0.2586206896551725,True,True,False,True,False,False,False,False,False,False,False,False,False,False,True,False
0.833333333333333,0.8857142857142856,0.3275862068965518,False,False,False,False,False,False,False,False,False,False,False,False,False,False,True,False
0.16666666666666652,0.6857142857142856,0.1724137931034483,True,False,False,False,False,False,False,False,True,False,False,False,False,False,True,False
0.33333333333333304,0.6,0.24137931034482774,False,False,True,False,False,False,False,False,False,True,False,False,False,False,True,False
0.0,0.957142857142857,0.24137931034482774,True,False,True,False,False,False,True,False,False,False,False,False,False,False,True,False
0.16666666666666652,0.7,0.2931034482758621,False,False,True,False,False,False,False,False,False,True,False,False,False,False,True,False
0.6666666666666665,0.7285714285714284,0.15517241379310354,True,True,False,False,False,False,False,False,True,False,False,False,False,False,True,False
0.0,0.6428571428571428,0.13793103448275867,False,False,True,False,False,False,True,False,False,False,False,False,False,False,True,False
0.5,0.6285714285714286,0.22413793103448276,False,True,False,False,False,False,True,False,False,False,False,False,False,False,True,False
0.833333333333333,0.8428571428571429,0.22413793103448276,False,False,True,False,False,False,True,False,False,False,False,False,False,False,False,False
0.16666666666666652,0.6142857142857142,0.31034482758620696,True,False,False,False,False,False,False,True,False,False,False,False,False,False,True,False
0.5,0.6142857142857142,0.3793103448275863,False,True,False,True,False,False,False,False,False,False,False,False,False,False,True,False
0.5,0.042857142857142844,0.8965517241379313,True,True,False,False,False,False,True,False,False,False,False,False,False,False,False,True
0.0,0.7142857142857142,0.27586206896551735,True,False,False,False,False,False,False,True,False,False,False,False,False,False,False,False
0.833333333333333,0.3285714285714285,0.4655172413793105,True,False,True,True,False,False,False,False,False,False,False,False,False,False,True,False
0.0,0.9285714285714285,0.31034482758620696,True,True,False,False,False,False,False,False,True,False,False,False,False,False,True,False
0.16666666666666652,0.8857142857142856,0.2931034482758621,True,False,True,False,False,False,False,False,False,True,False,False,False,False,True,False
0.16666666666666652,0.9428571428571427,0.24137931034482774,True,False,True,False,False,False,False,True,False,False,False,False,False,False,True,False
0.6666666666666665,0.6714285714285714,0.24137931034482774,True,False,True,False,False,False,False,False,True,False,False,False,False,False,False,False
0.0,0.48571428571428577,0.5689655172413794,False,False,True,False,False,False,False,False,False,False,False,False,False,False,False,False
0.833333333333333,0.34285714285714275,0.8103448275862071,True,True,False,False,False,False,False,False,False,False,False,False,False,True,False,True
0.5,0.7285714285714284,0.206896551724138,True,False,True,False,False,False,False,False,False,True,False,False,False,False,False,False
0.6666666666666665,0.6714285714285714,0.15517241379310354,True,True,False,True,False,False,False,False,False,False,False,False,False,False,False,False
1.0,0.12857142857142853,0.6379310344827587,True,False,False,False,False,False,False,False,False,False,False,False,False,False,False,True
0.16666666666666652,0.29999999999999993,0.8448275862068966,True,False,True,True,False,False,False,False,False,False,False,False,False,False,True,True
0.0,0.1857142857142857,0.8620689655172415,True,True,False,True,False,False,False,False,False,False,False,False,False,False,True,True
0.833333333333333,0.01428571428571429,0.5689655172413794,True,True,False,False,False,False,False,False,False,False,False,False,False,True,False,True
0.6666666666666665,0.8285714285714284,0.36206896551724155,True,True,False,False,False,False,False,False,False,False,False,False,False,False,True,False
0.0,0.757142857142857,0.24137931034482774,False,True,False,False,False,False,False,False,False,False,False,False,False,True,True,False
0.6666666666666665,0.8857142857142856,0.206896551724138,True,False,True,False,False,False,False,False,False,False,False,False,False,False,True,False
0.833333333333333,0.5714285714285714,0.603448275862069,False,False,False,False,False,False,True,False,False,False,False,False,False,False,False,False
0.6666666666666665,0.6714285714285714,0.2931034482758621,True,True,False,False,False,False,False,False,True,False,False,False,False,False,False,False
1.0,0.4428571428571427,0.517241379310345,False,False,False,False,False,False,True,False,False,False,False,False,False,False,True,False
0.33333333333333304,0.8142857142857142,0.31034482758620696,True,False,False,False,False,False,False,False,False,False,False,False,False,False,True,False
1.0,0.2571428571428571,0.6724137931034484,True,False,False,False,False,False,False,False,True,False,False,False,False,False,True,True
0.833333333333333,0.5571428571428572,0.48275862068965525,True,False,False,False,False,False,False,False,False,False,False,False,False,True,True,False
0.833333333333333,0.24285714285714285,0.6551724137931034,False,False,True,False,False,False,False,False,True,False,False,False,False,False,False,True
0.0,0.3142857142857143,0.7068965517241381,False,False,False,False,False,False,False,True,False,False,False,False,False,False,False,True
0.16666666666666652,0.6857142857142856,0.3275862068965518,False,True,False,False,False,False,False,True,False,False,False,False,False,False,True,False
0.5,0.8571428571428571,0.206896551724138,False,False,True,False,False,False,False,False,False,False,False,False,False,True,True,False
0.833333333333333,0.6428571428571428,0.3793103448275863,False,False,False,False,False,False,False,False,False,False,False,False,False,False,True,False
0.33333333333333304,0.957142857142857,0.3448275862068966,True,True,False,False,False,False,False,False,True,False,False,False,False,False,False,False
0.0,0.657142857142857,0.2931034482758621,False,True,False,False,False,False,False,False,False,False,False,False,False,True,True,False
0.16666666666666652,0.957142857142857,0.12068965517241392,False,False,False,True,False,False,False,False,False,False,False,False,False,False,True,False
1.0,0.5428571428571428,0.5517241379310345,True,False,False,False,False,False,True,False,False,False,False,False,False,False,False,False
0.6666666666666665,0.6142857142857142,0.5862068965517242,True,False,True,False,False,False,False,False,False,False,False,False,False,True,True,False
0.6666666666666665,0.8142857142857142,0.13793103448275867,False,False,True,False,False,False,False,False,False,False,False,False,False,True,True,False
0.833333333333333,0.3571428571428571,0.5862068965517242,True,False,True,False,False,False,False,True,False,False,False,False,False,False,False,False
0.33333333333333304,0.2571428571428571,0.6379310344827587,False,False,True,False,False,False,True,False,False,False,False,False,False,False,False,True
0.6666666666666665,0.657142857142857,0.12068965517241392,True,True,False,False,False,False,False,True,False,False,False,False,False,False,True,False
0.0,0.757142857142857,0.1724137931034483,False,True,False,False,False,False,False,False,False,False,False,False,False,False,False,False
1.0,0.27142857142857135,0.5689655172413794,True,False,True,False,False,False,False,True,False,False,False,False,False,False,False,True
1.0,0.8857142857142856,0.1724137931034483,False,True,False,True,False,False,False,False,False,False,False,False,False,False,True,False
0.833333333333333,0.8714285714285713,0.15517241379310354,False,True,False,True,False,False,False,False,False,False,False,False,False,False,True,False
1.0,0.4571428571428571,0.48275862068965525,False,False,False,False,False,False,False,True,False,False,False,False,False,False,False,False
0.33333333333333304,0.48571428571428577,0.6206896551724139,True,False,False,False,False,False,False,False,False,False,False,False,False,False,True,False
0.833333333333333,0.9285714285714285,0.18965517241379326,True,False,True,False,False,False,True,False,False,False,False,False,False,False,True,False
1.0,0.8142857142857142,0.36206896551724155,True,False,False,False,False,False,False,False,False,False,False,False,False,True,False,False
0.6666666666666665,0.028571428571428553,0.7068965517241381,False,True,False,False,False,False,True,False,False,False,False,False,False,False,False,True
1.0,0.4428571428571427,0.517241379310345,False,True,False,False,False,False,False,False,True,False,False,False,False,False,False,False
0.0,0.41428571428571426,0.4655172413793105,True,True,False,False,False,False,False,False,False,False,False,False,False,False,True,False
1.0,0.3142857142857143,0.8620689655172415,False,True,False,False,False,False,False,False,True,False,False,False,False,False,False,True
0.0,0.042857142857142844,0.7068965517241381,False,True,False,False,False,False,False,False,False,False,False,False,False,True,False,True
0.833333333333333,0.8857142857142856,0.18965517241379326,False,True,False,False,False,False,False,False,False,False,False,False,False,True,False,False
0.0,0.4285714285714285,0.5862068965517242,True,False,False,False,False,False,False,False,False,False,False,False,False,False,True,False
0.6666666666666665,0.9428571428571427,0.24137931034482774,True,True,False,False,False,False,False,False,False,False,False,False,False,False,True,False
0.833333333333333,0.2857142857142857,0.6896551724137931,True,False,True,False,False,False,False,False,False,False,False,False,False,True,False,True
0.5,0.27142857142857135,0.5517241379310345,False,False,True,True,False,False,False,False,False,False,False,False,False,False,False,True
0.33333333333333304,0.3571428571428571,0.5689655172413794,True,True,False,False,False,False,False,False,True,False,False,False,False,False,True,True
1.0,0.3285714285714285,0.3793103448275863,True,False,False,False,False,False,False,False,True,False,False,False,False,False,True,False
0.833333333333333,0.3285714285714285,0.48275862068965525,True,False,False,False,False,False,False,False,False,True,False,False,False,False,True,False
0.0,0.5857142857142856,0.5344827586206897,True,False,True,False,False,False,False,False,False,True,False,False,False,False,False,False
0.833333333333333,0.3999999999999999,0.44827586206896575,False,False,True,True,False,False,False,False,False,False,False,False,False,False,False,False
0.6666666666666665,0.37142857142857133,0.39655172413793105,False,False,True,False,False,False,False,True,False,False,False,False,False,False,False,False
0.5,0.14285714285714282,0.5862068965517242,False,False,True,False,False,False,False,False,False,False,False,False,False,True,False,True
0.833333333333333,0.4285714285714285,0.413793103448276,True,True,False,False,False,False,True,False,False,False,False,False,False,False,True,False
0.6666666666666665,0.8857142857142856,0.3448275862068966,False,True,False,False,False,False,False,False,False,False,False,False,False,False,False,False
1.0,0.5285714285714286,0.603448275862069,True,False,False,False,False,False,False,False,False,False,False,False,False,False,True,False
0.6666666666666665,0.9285714285714285,0.22413793103448276,False,True,False,False,False,False,False,False,False,False,False,False,False,False,True,False
0.833333333333333,0.7714285714285715,0.3275862068965518,True,False,True,False,False,False,False,True,False,False,False,False,False,False,True,False
0.33333333333333304,0.3999999999999999,0.48275862068965525,True,True,False,False,False,False,True,False,False,False,False,False,False,False,False,False
0.33333333333333304,0.2857142857142857,0.7758620689655176,True,True,False,False,False,False,False,False,False,False,False,False,False,True,False,True
0.5,0.8714285714285713,0.3793103448275863,True,False,True,False,False,False,True,False,False,False,False,False,False,False,True,False
0.16666666666666652,0.657142857142857,0.3448275862068966,False,False,False,False,False,False,True,False,False,False,False,False,False,False,True,False
0.16666666666666652,0.7857142857142857,0.27586206896551735,True,False,False,False,False,False,False,False,False,False,False,False,False,True,True,False
0.0,0.6428571428571428,0.36206896551724155,True,False,True,False,False,False,False,False,False,False,False,False,False,True,True,False
1.0,0.7857142857142857,0.206896551724138,True,True,False,False,False,False,True,False,False,False,False,False,False,False,True,False
0.833333333333333,0.17142857142857146,0.6896551724137931,False,False,False,True,False,False,False,False,False,False,False,False,False,False,False,True
0.5,0.34285714285714275,0.5689655172413794,True,True,False,False,False,False,False,True,False,False,False,False,False,False,False,True
0.16666666666666652,0.5714285714285714,0.27586206896551735,False,False,False,False,False,False,False,False,False,True,False,False,False,False,True,False
0.6666666666666665,0.057142857142857134,0.7931034482758623,True,False,False,False,False,False,False,False,False,False,False,False,False,False,False,True
0.833333333333333,0.042857142857142844,0.7586206896551724,False,False,True,False,False,False,True,False,False,False,False,False,False,False,False,True
0.833333333333333,0.48571428571428577,0.4310344827586208,True,True,False,False,False,False,False,False,False,False,False,False,False,False,True,False
0.33333333333333304,0.3999999999999999,0.413793103448276,True,False,True,False,False,False,True,False,False,False,False,False,False,False,True,False
0.16666666666666652,0.19999999999999998,0.5689655172413794,False,True,False,False,False,False,False,False,False,False,False,False,False,True,True,True
0.6666666666666665,0.8142857142857142,0.27586206896551735,False,False,False,False,False,False,False,False,False,False,False,False,False,False,True,False
0.6666666666666665,0.9142857142857143,0.15517241379310354,True,False,True,False,False,False,True,False,False,False,False,False,False,False,True,False
0.16666666666666652,0.14285714285714282,0.7758620689655176,False,False,True,True,False,False,False,False,False,False,False,False,False,False,False,True
0.5,0.3285714285714285,0.6206896551724139,False,False,False,False,False,False,True,False,False,False,False,False,False,False,False,True
0.33333333333333304,0.6142857142857142,0.5862068965517242,False,False,True,False,False,False,False,True,False,False,False,False,False,False,True,False
0.33333333333333304,0.6285714285714286,0.3448275862068966,True,False,True,False,False,False,False,False,False,False,False,False,False,False,True,False
0.6666666666666665,0.15714285714285717,0.6379310344827587,True,True,False,True,False,False,False,False,False,False,False,False,False,False,False,True
0.0,0.5285714285714286,0.517241379310345,False,False,False,False,False,False,False,False,False,True,False,False,False,False,True,False
0.5,0.028571428571428553,0.8103448275862071,True,True,False,False,False,False,False,True,False,False,False,False,False,False,False,True
0.33333333333333304,0.1857142857142857,0.5517241379310345,True,False,False,False,False,False,False,False,False,True,False,False,False,False,False,True
0.16666666666666652,0.3285714285714285,0.6206896551724139,True,False,False,False,False,False,False,False,False,False,False,False,False,False,False,True
1.0,0.5142857142857141,0.4655172413793105,True,True,False,False,False,False,True,False,False,False,False,False,False,False,True,False
0.833333333333333,0.3142857142857143,0.4655172413793105,True,False,False,True,False,False,False,False,False,False,False,False,False,False,True,False
0.833333333333333,0.0,0.5862068965517242,False,False,True,False,False,False,False,True,False,False,False,False,False,False,False,True
0.0,0.2857142857142857,0.7068965517241381,False,False,False,False,False,False,False,False,False,False,False,False,False,False,False,True
0.833333333333333,0.3285714285714285,0.4655172413793105,True,False,False,False,False,False,False,False,False,False,False,False,False,False,False,False
0.5,0.37142857142857133,0.413793103448276,False,False,True,False,False,False,False,False,False,False,False,False,False,True,False,False
0.5,0.5571428571428572,0.4310344827586208,False,True,False,False,False,False,False,True,False,False,False,False,False,False,True,False
0.5,0.7428571428571428,0.2931034482758621,False,False,False,False,False,False,False,False,False,False,False,False,False,True,True,False
0.5,0.8428571428571429,0.2586206896551725,True,True,False,False,False,False,False,False,False,False,False,False,False,False,True,False
1.0,0.3285714285714285,0.4310344827586208,True,False,True,False,False,False,False,False,False,False,False,False,False,False,False,False
0.16666666666666652,0.8428571428571429,0.3275862068965518,True,False,False,False,False,False,True,False,False,False,False,False,False,False,True,False
0.6666666666666665,0.07142857142857142,0.6379310344827587,False,False,True,False,False,False,True,False,False,False,False,False,False,False,False,True
0.6666666666666665,0.8285714285714284,0.3448275862068966,True,False,False,False,False,False,False,False,False,False,False,False,False,False,True,False
1.0,0.6142857142857142,0.2931034482758621,False,True,False,False,False,False,False,False,False,False,False,False,False,False,True,False
0.6666666666666665,0.8142857142857142,0.22413793103448276,False,False,True,False,False,False,False,True,False,False,False,False,False,False,True,False
1.0,0.29999999999999993,0.7931034482758623,False,False,False,False,False,False,True,False,False,False,False,False,False,False,False,True
0.5,0.8714285714285713,0.24137931034482774,False,True,False,False,False,False,False,False,True,False,False,False,False,False,True,False
0.6666666666666665,0.3285714285714285,0.6206896551724139,False,False,True,False,False,False,False,False,True,False,False,False,False,False,False,False
0.5,0.657142857142857,0.3448275862068966,True,False,True,False,False,False,False,False,False,True,False,False,False,False,True,False
0.33333333333333304,0.19999999999999998,0.6379310344827587,False,False,False,False,False,False,False,False,True,False,False,False,False,False,False,True
1.0,0.3142857142857143,0.8620689655172415,False,True,False,True,False,False,False,False,False,False,False,False,False,False,True,True
0.5,0.7857142857142857,0.36206896551724155,False,False,True,False,False,False,False,False,False,False,False,False,False,False,True,False
0.6666666666666665,0.34285714285714275,0.6724137931034484,False,False,True,True,False,False,False,False,False,False,False,False,False,False,False,True
0.16666666666666652,0.6428571428571428,0.31034482758620696,True,True,False,False,False,False,False,False,False,False,False,False,False,True,True,False
0.0,0.11428571428571424,0.7241379310344829,True,False,True,False,False,False,False,False,True,False,False,False,False,False,False,True
0.6666666666666665,0.11428571428571424,0.7241379310344829,False,False,True,False,False,False,False,False,True,False,False,False,False,False,True,True
0.16666666666666652,0.2857142857142857,0.3793103448275863,True,True,False,False,False,False,False,False,False,True,False,False,False,False,True,False
0.6666666666666665,0.8999999999999998,0.3793103448275863,True,True,False,True,False,False,False,False,False,False,False,False,False,False,False,False
0.16666666666666652,0.8428571428571429,0.24137931034482774,True,False,True,True,False,False,False,False,False,False,False,False,False,False,True,False
0.33333333333333304,0.24285714285714285,0.8793103448275863,False,False,True,False,False,False,True,False,False,False,False,False,False,False,False,True
0.833333333333333,0.6142857142857142,0.1724137931034483,True,False,False,False,False,False,False,False,False,True,False,False,False,False,True,False
0.5,0.7714285714285715,0.3275862068965518,False,False,True,True,False,False,False,False,False,False,False,False,False,False,True,False
0.6666666666666665,0.15714285714285717,0.7586206896551724,True,True,False,False,False,False,False,False,False,True,False,False,False,False,False,True
0.33333333333333304,0.11428571428571424,0.5862068965517242,True,False,True,False,False,False,False,False,False,False,False,False,False,True,False,True
0.833333333333333,0.5714285714285714,0.36206896551724155,True,False,False,True,False,False,False,False,False,False,False,False,False,False,True,False
1.0,0.3571428571428571,0.8275862068965518,True,False,False,False,False,False,False,True,False,False,False,False,False,False,False,True
0.16666666666666652,0.6714285714285714,0.15517241379310354,True,False,True,False,False,False,True,False,False,False,False,False,False,False,False,False
0.0,0.4571428571428571,0.39655172413793105,True,False,False,False,False,False,False,True,False,False,False,False,False,False,False,False
0.33333333333333304,0.3142857142857143,0.8275862068965518,False,False,False,False,False,False,False,False,False,False,False,False,False,True,False,True
0.16666666666666652,0.6428571428571428,0.3793103448275863,False,False,True,False,False,False,True,False,False,False,False,False,False,False,False,False
1.0,0.8999999999999998,0.206896551724138,True,False,False,False,False,False,False,False,True,False,False,False,False,False,True,False
0.33333333333333304,0.34285714285714275,0.48275862068965525,True,False,False,True,False,False,False,False,False,False,False,False,False,False,False,False
0.16666666666666652,0.8142857142857142,0.36206896551724155,False,False,True,False,False,False,False,False,False,False,False,False,False,True,True,False
0.5,0.6714285714285714,0.27586206896551735,False,True,False,False,False,False,False,False,False,True,False,False,False,False,False,False
0.5,0.8857142857142856,0.31034482758620696,False,False,True,False,False,False,False,False,False,True,False,False,False,False,True,False
0.6666666666666665,0.3571428571428571,0.6551724137931034,True,True,False,False,False,False,False,False,False,True,False,False,False,False,False,True
0.6666666666666665,0.3857142857142857,0.517241379310345,False,False,True,False,False,False,True,False,False,False,False,False,False,False,False,False
1.0,0.34285714285714275,0.5862068965517242,False,False,False,False,False,False,True,False,False,False,False,False,False,False,False,False
0.5,0.4571428571428571,0.413793103448276,True,True,False,False,False,False,False,False,True,False,False,False,False,False,True,False
0.833333333333333,0.8285714285714284,0.206896551724138,True,True,False,False,False,False,False,True,False,False,False,False,False,False,False,False
0.833333333333333,0.7,0.2586206896551725,False,True,False,False,False,False,False,False,True,False,False,False,False,False,False,False
0.33333333333333304,0.2571428571428571,0.6206896551724139,False,False,False,False,False,False,False,False,False,False,False,False,False,True,False,True
0.16666666666666652,0.7428571428571428,0.3793103448275863,False,False,False,False,False,False,False,False,False,True,False,False,False,False,True,False
0.5,0.8714285714285713,0.22413793103448276,True,True,False,False,False,False,False,False,False,False,False,False,False,False,True,False
0.833333333333333,0.4285714285714285,0.48275862068965525,True,True,False,True,False,False,False,False,False,False,False,False,False,False,True,False
0.16666666666666652,0.21428571428571427,0.5689655172413794,True,False,False,False,False,False,False,False,False,False,False,False,False,True,False,True
0.5,0.6714285714285714,0.22413793103448276,False,True,False,False,False,False,False,False,False,False,False,False,False,False,False,False
0.0,0.7285714285714284,0.27586206896551735,False,True,False,True,False,False,False,False,False,False,False,False,False,False,True,False
0.833333333333333,0.9857142857142857,0.13793103448275867,True,False,False,False,False,False,False,False,False,True,False,False,False,False,True,False
0.833333333333333,0.7857142857142857,0.31034482758620696,False,False,True,False,False,False,False,True,False,False,False,False,False,False,True,False
0.833333333333333,0.9142857142857143,0.3448275862068966,False,True,False,False,False,False,False,True,False,False,False,False,False,False,True,False
1.0,0.29999999999999993,0.7931034482758623,False,False,False,False,False,False,False,False,False,False,False,False,False,False,False,True
1.0,0.5714285714285714,0.13793103448275867,True,False,True,False,False,False,False,True,False,False,False,False,False,False,True,False
0.5,0.07142857142857142,0.5689655172413794,True,False,False,True,False,False,False,False,False,False,False,False,False,False,False,True
0.16666666666666652,0.6142857142857142,0.6206896551724139,True,True,False,False,False,False,False,False,False,False,False,False,False,False,True,False
0.0,0.6857142857142856,0.2931034482758621,False,False,False,False,False,False,False,False,False,False,False,False,False,True,True,False
0.16666666666666652,0.24285714285714285,0.8965517241379313,True,False,True,False,False,False,True,False,False,False,False,False,False,False,False,True
1.0,0.028571428571428553,0.8103448275862071,False,True,False,False,False,False,False,False,False,False,False,False,False,True,False,True
0.0,0.7857142857142857,0.1724137931034483,False,False,False,False,False,False,False,True,False,False,False,False,False,False,True,False
0.6666666666666665,0.4714285714285713,0.44827586206896575,True,False,True,False,False,False,False,True,False,False,False,False,False,False,False,False
1.0,0.7,0.206896551724138,False,False,True,False,False,False,False,False,False,False,False,False,False,False,False,False
0.833333333333333,0.042857142857142844,0.8448275862068966,True,False,True,False,False,False,False,False,True,False,False,False,False,False,True,True
0.0,0.7857142857142857,0.22413793103448276,True,False,False,False,False,False,False,False,False,True,False,False,False,False,True,False
0.6666666666666665,0.15714285714285717,0.6724137931034484,True,True,False,False,False,False,False,False,False,False,False,False,False,True,False,True
0.5,0.028571428571428553,0.603448275862069,False,True,False,False,False,False,False,False,False,True,False,False,False,False,False,True
0.33333333333333304,0.4999999999999999,0.5517241379310345,True,False,False,True,False,False,False,False,False,False,False,False,False,False,False,False
0.833333333333333,0.6428571428571428,0.27586206896551735,True,False,True,True,False,False,False,False,False,False,False,False,False,False,True,False
0.16666666666666652,0.9714285714285714,0.36206896551724155,False,False,True,False,False,False,False,False,False,False,False,False,False,True,False,False
0.5,0.3142857142857143,0.5517241379310345,True,True,False,False,False,False,True,False,False,False,False,False,False,False,False,True
0.0,0.9857142857142857,0.2931034482758621,False,False,False,False,False,False,False,True,False,False,False,False,False,False,True,False
0.16666666666666652,0.5714285714285714,0.22413793103448276,False,False,True,False,False,False,False,False,False,True,False,False,False,False,False,False
0.5,0.9285714285714285,0.206896551724138,True,False,False,False,False,False,False,False,False,False,False,False,False,True,True,False
0.6666666666666665,0.1,0.8275862068965518,True,False,True,False,False,False,False,False,False,False,False,False,False,True,False,True
0.6666666666666665,0.8142857142857142,0.36206896551724155,False,False,True,False,False,False,False,False,False,True,False,False,False,False,True,False
0.0,0.6285714285714286,0.31034482758620696,True,False,False,True,False,False,False,False,False,False,False,False,False,False,True,False
1.0,0.7857142857142857,0.3448275862068966,True,False,True,True,False,False,False,False,False,False,False,False,False,False,True,False
0.0,0.057142857142857134,0.6724137931034484,False,False,False,False,False,False,False,False,False,False,False,False,False,True,False,True
0.33333333333333304,0.6428571428571428,0.2586206896551725,True,False,False,False,False,False,False,False,False,False,False,False,False,True,True,False
0.0,0.5428571428571428,0.4310344827586208,True,True,False,False,False,False,False,True,False,False,False,False,False,False,False,False
0.0,0.7999999999999999,0.13793103448275867,True,False,True,False,False,False,False,True,False,False,False,False,False,False,False,False
0.6666666666666665,0.6714285714285714,0.31034482758620696,False,False,False,False,False,False,False,False,False,False,False,False,False,True,True,False
0.16666666666666652,0.5285714285714286,0.4655172413793105,False,False,True,True,False,False,False,False,False,False,False,False,False,False,True,False
0.6666666666666665,0.08571428571428572,0.6379310344827587,True,False,False,False,False,False,False,False,False,True,False,False,False,False,False,False
0.33333333333333304,0.6428571428571428,0.206896551724138,False,False,True,False,False,False,False,False,True,False,False,False,False,False,True,False
0.0,0.21428571428571427,0.5517241379310345,True,True,False,False,False,False,False,False,False,False,False,False,False,True,False,True
0.5,0.4285714285714285,0.3793103448275863,True,False,False,False,False,False,False,False,False,False,False,False,False,False,True,False
0.16666666666666652,0.8142857142857142,0.12068965517241392,False,False,True,True,False,False,False,False,False,False,False,False,False,False,True,False
0.833333333333333,0.0,0.7241379310344829,True,False,False,False,False,False,True,False,False,False,False,False,False,False,False,False
0.33333333333333304,0.6142857142857142,0.3793103448275863,False,False,True,False,False,False,False,True,False,False,False,False,False,False,True,False
0.0,0.3571428571428571,0.4655172413793105,True,True,False,False,False,False,False,False,True,False,False,False,False,False,False,True
0.5,0.2571428571428571,0.5517241379310345,False,False,False,True,False,False,False,False,False,False,False,False,False,False,False,True
0.16666666666666652,0.4714285714285713,0.413793103448276,True,False,True,False,False,False,False,True,False,False,False,False,False,False,True,False
0.33333333333333304,0.5714285714285714,0.3448275862068966,False,False,True,False,False,False,False,False,True,False,False,False,False,False,True,False
0.6666666666666665,0.1857142857142857,0.5862068965517242,True,False,False,False,False,False,True,False,False,False,False,False,False,False,False,True
0.0,0.7142857142857142,0.2931034482758621,False,True,False,True,False,False,False,False,False,False,False,False,False,False,True,False
0.5,0.3142857142857143,0.517241379310345,True,False,True,False,False,False,False,False,False,False,False,False,False,True,False,True
0.33333333333333304,0.3857142857142857,0.3793103448275863,False,False,True,False,False,False,False,False,True,False,False,False,False,False,True,False
1.0,0.07142857142857142,0.6896551724137931,True,False,False,False,False,False,True,False,False,False,False,False,False,False,False,False
0.16666666666666652,0.4999999999999999,0.3275862068965518,False,True,False,True,False,False,False,False,False,False,False,False,False,False,True,False
0.5,0.2857142857142857,0.5000000000000002,True,False,True,False,False,False,False,False,False,False,False,False,False,False,False,True
0.33333333333333304,0.4571428571428571,0.36206896551724155,False,False,True,False,False,False,False,True,False,False,False,False,False,False,True,False
0.0,0.5428571428571428,0.2931034482758621,True,True,False,False,False,False,False,False,True,False,False,False,False,False,True,False
0.833333333333333,0.14285714285714282,0.603448275862069,False,False,False,False,False,False,True,False,False,False,False,False,False,False,False,True
0.16666666666666652,0.48571428571428577,0.3448275862068966,True,False,True,True,False,False,False,False,False,False,False,False,False,False,True,False
0.33333333333333304,0.6,0.27586206896551735,False,False,True,False,False,False,False,False,True,False,False,False,False,False,True,False
0.6666666666666665,0.24285714285714285,0.5344827586206897,True,False,False,False,False,False,False,False,False,False,False,False,False,False,False,True
0.16666666666666652,0.657142857142857,0.24137931034482774,False,True,False,True,False,False,False,False,False,False,False,False,False,False,True,False
0.5,0.3285714285714285,0.48275862068965525,True,False,True,False,False,False,False,False,False,False,False,False,False,True,False,True
0.33333333333333304,0.41428571428571426,0.36206896551724155,False,False,True,False,False,False,False,False,True,False,False,False,False,False,True,False
1.0,0.1,0.6206896551724139,True,False,False,False,False,False,True,False,False,False,False,False,False,False,False,False
0.16666666666666652,0.6285714285714286,0.2586206896551725,False,True,False,True,False,False,False,False,False,False,False,False,False,False,True,False
0.5,0.29999999999999993,0.5000000000000002,True,False,True,False,False,False,False,False,False,False,False,False,False,False,False,True
0.33333333333333304,0.4714285714285713,0.3275862068965518,False,False,True,False,False,False,False,True,False,False,False,False,False,False,True,False
0.0,0.5571428571428572,0.27586206896551735,True,True,False,False,False,False,False,False,True,False,False,False,False,False,True,False
0.833333333333333,0.15714285714285717,0.5862068965517242,False,False,False,False,False,False,True,False,False,False,False,False,False,False,False,True
0.16666666666666652,0.4571428571428571,0.3448275862068966,True,False,True,True,False,False,False,False,False,False,False,False,False,False,True,False
0.33333333333333304,0.5857142857142856,0.2931034482758621,False,False,True,False,False,False,False,False,True,False,False,False,False,False,True,False
0.6666666666666665,0.22857142857142856,0.517241379310345,True,False,False,False,False,False,False,False,False,False,False,False,False,False,False,True
0.16666666666666652,0.6714285714285714,0.22413793103448276,False,True,False,True,False,False,False,False,False,False,False,False,False,False,True,False
0.5,0.34285714285714275,0.4655172413793105,True,False,True,False,False,False,False,False,False,False,False,False,False,True,False,False
0.33333333333333304,0.4285714285714285,0.3448275862068966,False,False,True,False,False,False,False,False,True,False,False,False,False,False,True,False
1.0,0.11428571428571424,0.603448275862069,True,False,False,False,False,False,True,False,False,False,False,False,False,False,False,True
0.16666666666666652,0.6142857142857142,0.27586206896551735,False,True,False,True,False,False,False,False,False,False,False,False,False,False,True,False
0.5,0.3142857142857143,0.48275862068965525,True,False,True,False,False,False,False,False,False,False,False,False,False,False,False,True
0.33333333333333304,0.4428571428571427,0.3275862068965518,False,False,True,False,False,False,False,True,False,False,False,False,False,False,True,False
0.0,0.5714285714285714,0.2586206896551725,True,True,False,False,False,False,False,False,True,False,False,False,False,False,True,False
0.833333333333333,0.17142857142857146,0.5689655172413794,False,False,False,False,False,False,True,False,False,False,False,False,False,False,False,True
0.16666666666666652,0.4714285714285713,0.36206896551724155,True,False,True,True,False,False,False,False,False,False,False,False,False,False,True,False
0.33333333333333304,0.5714285714285714,0.31034482758620696,False,False,True,False,False,False,False,False,True,False,False,False,False,False,True,False
0.6666666666666665,0.2571428571428571,0.5000000000000002,True,False,False,False,False,False,False,False,False,False,False,False,False,False,False,True
0.16666666666666652,0.6857142857142856,0.24137931034482774,False,True,False,True,False,False,False,False,False,False,False,False,False,False,True,False
0.5,0.3285714285714285,0.44827586206896575,True,False,True,False,False,False,False,False,False,False,False,False,False,True,False,False
0.33333333333333304,0.4571428571428571,0.3448275862068966,False,False,True,False,False,False,False,False,True,False,False,False,False,False,True,False
1.0,0.12857142857142853,0.5862068965517242,True,False,False,False,False,False,True,False,False,False,False,False,False,False,False,True
0.16666666666666652,0.6,0.2931034482758621,False,True,False,True,False,False,False,False,False,False,False,False,False,False,True,False
0.5,0.29999999999999993,0.4655172413793105,True,False,True,False,False,False,False,False,False,False,False,False,False,False,False,True
0.33333333333333304,0.48571428571428577,0.31034482758620696,False,False,True,False,False,False,False,True,False,False,False,False,False,False,True,False
0.0,0.5857142857142856,0.24137931034482774,True,True,False,False,False,False,False,False,True,False,False,False,False,False,True,False
0.833333333333333,0.1857142857142857,0.5517241379310345,False,False,False,False,False,False,True,False,False,False,False,False,False,False,False,True
0.16666666666666652,0.4428571428571427,0.36206896551724155,True,False,True,True,False,False,False,False,False,False,False,False,False,False,True,False
0.33333333333333304,0.5571428571428572,0.3275862068965518,False,False,True,False,False,False,False,False,True,False,False,False,False,False,True,False
0.6666666666666665,0.22857142857142856,0.5689655172413794,True,False,False,False,False,False,False,False,False,False,False,False,False,False,False,True
0.16666666666666652,0.5857142857142856,0.31034482758620696,False,False,True,True,False,False,False,False,False,False,False,False,False,False,True,False
0.33333333333333304,0.3857142857142857,0.3793103448275863,True,False,True,False,False,False,False,False,True,False,False,False,False,False,True,False
0.0,0.657142857142857,0.24137931034482774,False,True,False,False,False,False,False,True,False,False,False,False,False,False,True,False
0.833333333333333,0.11428571428571424,0.6206896551724139,True,False,False,False,False,False,True,False,False,False,False,False,False,False,False,False
0.5,0.4714285714285713,0.3448275862068966,False,False,True,True,False,False,False,False,False,False,False,False,False,False,True,False
0.33333333333333304,0.34285714285714275,0.4655172413793105,True,False,True,False,False,False,False,False,False,False,False,False,False,True,False,False
0.16666666666666652,0.6,0.27586206896551735,False,True,False,False,False,False,False,False,True,False,False,False,False,False,True,False
0.6666666666666665,0.1857142857142857,0.5862068965517242,True,False,False,False,False,False,True,False,False,False,False,False,False,False,False,True
0.33333333333333304,0.4285714285714285,0.36206896551724155,False,False,True,True,False,False,False,False,False,False,False,False,False,False,True,False
0.0,0.5571428571428572,0.2931034482758621,True,True,False,False,False,False,False,True,False,False,False,False,False,False,True,False
0.5,0.24285714285714285,0.517241379310345,False,False,False,False,False,False,False,False,False,False,False,False,False,False,False,True
0.16666666666666652,0.48571428571428577,0.3275862068965518,True,False,True,False,False,False,False,False,True,False,False,False,False,False,True,False
0.33333333333333304,0.6142857142857142,0.2586206896551725,False,False,True,True,False,False,False,False,False,False,False,False,False,False,True,False
0.833333333333333,0.14285714285714282,0.603448275862069,True,False,False,False,False,False,True,False,False,False,False,False,False,False,False,True
0.5,0.4428571428571427,0.3448275862068966,False,False,True,False,False,False,False,True,False,False,False,False,False,False,True,False
0.16666666666666652,0.5714285714285714,0.27586206896551735,True,True,False,False,False,False,False,False,True,False,False,False,False,False,True,False
0.6666666666666665,0.19999999999999998,0.5517241379310345,False,False,False,False,False,False,False,False,False,False,False,False,False,False,False,True
0.33333333333333304,0.4571428571428571,0.36206896551724155,True,False,True,False,False,False,False,False,False,False,False,False,False,True,True,False
0.0,0.6285714285714286,0.24137931034482774,False,True,False,True,False,False,False,False,False,False,False,False,False,False,True,False
0.5,0.21428571428571427,0.5689655172413794,True,False,False,False,False,False,True,False,False,False,False,False,False,False,False,True
0.16666666666666652,0.4714285714285713,0.3275862068965518,False,False,True,False,False,False,False,False,True,False,False,False,False,False,True,False
0.33333333333333304,0.3285714285714285,0.48275862068965525,True,False,True,False,False,False,False,False,False,False,False,False,False,False,False,False
0.6666666666666665,0.17142857142857146,0.5862068965517242,False,False,False,False,False,False,True,False,False,False,False,False,False,False,False,True
0.0,0.5857142857142856,0.2586206896551725,True,True,False,False,False,False,False,True,False,False,False,False,False,False,True,False
0.5,0.4285714285714285,0.3448275862068966,False,False,True,True,False,False,False,False,False,False,False,False,False,False,True,False
0.16666666666666652,0.5428571428571428,0.2931034482758621,True,True,False,False,False,False,False,False,True,False,False,False,False,False,True,False
0.833333333333333,0.15714285714285717,0.603448275862069,False,False,False,False,False,False,True,False,False,False,False,False,False,False,False,True
0.33333333333333304,0.41428571428571426,0.3793103448275863,True,False,True,False,False,False,False,False,False,False,False,False,False,True,True,False
0.0,0.6142857142857142,0.24137931034482774,False,True,False,True,False,False,False,False,False,False,False,False,False,False,True,False
0.6666666666666665,0.19999999999999998,0.5517241379310345,True,False,False,False,False,False,False,False,False,False,False,False,False,False,False,True
0.16666666666666652,0.4571428571428571,0.3448275862068966,False,False,True,False,False,False,False,False,True,False,False,False,False,False,True,False
0.5,0.3142857142857143,0.4655172413793105,True,False,True,False,False,False,False,True,False,False,False,False,False,False,False,False
0.33333333333333304,0.5714285714285714,0.27586206896551735,False,True,False,True,False,False,False,False,False,False,False,False,False,False,True,False
0.833333333333333,0.12857142857142853,0.6206896551724139,True,False,False,False,False,False,True,False,False,False,False,False,False,False,False,True
0.16666666666666652,0.48571428571428577,0.3275862068965518,False,False,True,False,False,False,False,False,True,False,False,False,False,False,True,False
0.0,0.6,0.2586206896551725,True,True,False,False,False,False,False,True,False,False,False,False,False,False,True,False
0.6666666666666665,0.1857142857142857,0.5689655172413794,False,False,False,False,False,False,True,False,False,False,False,False,False,False,False,True
0.33333333333333304,0.4428571428571427,0.36206896551724155,True,False,True,True,False,False,False,False,False,False,False,False,False,False,True,False
0.5,0.5571428571428572,0.2931034482758621,False,False,True,False,False,False,False,False,True,False,False,False,False,False,True,False
0.16666666666666652,0.6142857142857142,0.24137931034482774,True,True,False,False,False,False,False,False,False,False,False,False,False,True,True,False
0.833333333333333,0.14285714285714282,0.603448275862069,False,False,False,False,False,False,True,False,False,False,False,False,False,False,False,True
0.33333333333333304,0.4571428571428571,0.3448275862068966,True,False,True,False,False,False,False,False,False,False,False,False,False,False,True,False
0.0,0.5857142857142856,0.27586206896551735,False,True,False,True,False,False,False,False,False,False,False,False,False,False,True,False
0.6666666666666665,0.19999999999999998,0.5517241379310345,True,False,False,False,False,False,True,False,False,False,False,False,False,False,False,True
0.16666666666666652,0.4714285714285713,0.3275862068965518,False,False,True,False,False,False,False,False,True,False,False,False,False,False,True,False
0.5,0.3285714285714285,0.48275862068965525,True,False,True,False,False,False,False,False,False,False,False,False,False,True,False,False
0.33333333333333304,0.5714285714285714,0.2931034482758621,False,True,False,False,False,False,False,True,False,False,False,False,False,False,True,False
0.833333333333333,0.15714285714285717,0.5862068965517242,True,False,False,False,False,False,True,False,False,False,False,False,False,False,False,True
0.16666666666666652,0.48571428571428577,0.3448275862068966,False,False,True,True,False,False,False,False,False,False,False,False,False,False,True,False
0.33333333333333304,0.657142857142857,0.413793103448276,True,False,True,True,False,False,False,False,False,False,False,False,False,False,True,False
0.5,0.6142857142857142,0.36206896551724155,False,False,True,False,False,False,False,False,True,False,False,False,False,False,True,False
0.16666666666666652,0.48571428571428577,0.5689655172413794,True,False,True,False,False,False,False,False,False,False,False,False,False,False,False,True
0.6666666666666665,0.5714285714285714,0.3793103448275863,False,False,False,True,False,False,False,False,False,False,False,False,False,False,True,False
0.33333333333333304,0.5285714285714286,0.4310344827586208,True,False,True,False,False,False,False,False,True,False,False,False,False,False,True,False
0.16666666666666652,0.4714285714285713,0.5862068965517242,False,False,True,True,False,False,False,False,False,False,False,False,False,False,False,True
0.5,0.6428571428571428,0.3448275862068966,True,False,False,False,False,False,False,False,False,False,False,False,False,False,True,False
0.33333333333333304,0.6,0.39655172413793105,False,False,True,True,False,False,False,False,False,False,False,False,False,False,True,False
0.6666666666666665,0.4571428571428571,0.603448275862069,True,False,False,False,False,False,False,False,True,False,False,False,False,False,False,True
0.16666666666666652,0.5571428571428572,0.413793103448276,False,False,True,True,False,False,False,False,False,False,False,False,False,False,True,False
0.33333333333333304,0.6285714285714286,0.36206896551724155,True,False,True,False,False,False,False,False,False,False,False,False,False,False,True,False
0.5,0.4428571428571427,0.6206896551724139,False,False,False,True,False,False,False,False,False,False,False,False,False,False,False,True
0.16666666666666652,0.5428571428571428,0.4310344827586208,True,False,True,False,False,False,False,False,True,False,False,False,False,False,True,False
0.6666666666666665,0.6142857142857142,0.3448275862068966,False,False,False,True,False,False,False,False,False,False,False,False,False,False,True,False
0.33333333333333304,0.4285714285714285,0.6379310344827587,True,False,True,False,False,False,False,False,False,False,False,False,False,False,False,True
0.5,0.5285714285714286,0.44827586206896575,False,False,False,True,False,False,False,False,False,False,False,False,False,False,True,False
0.16666666666666652,0.6,0.3275862068965518,True,False,True,False,False,False,False,False,True,False,False,False,False,False,True,False
0.33333333333333304,0.41428571428571426,0.6551724137931034,False,False,True,True,False,False,False,False,False,False,False,False,False,False,False,True
0.6666666666666665,0.5142857142857141,0.4655172413793105,True,False,False,False,False,False,False,False,False,False,False,False,False,False,True,False
0.5,0.5857142857142856,0.31034482758620696,False,False,False,True,False,False,False,False,False,False,False,False,False,False,True,False
0.16666666666666652,0.3999999999999999,0.6724137931034484,True,False,True,False,False,False,False,False,True,False,False,False,False,False,False,True
0.33333333333333304,0.4999999999999999,0.48275862068965525,False,False,True,True,False,False,False,False,False,False,False,False,False,False,True,False
0.6666666666666665,0.5714285714285714,0.2931034482758621,True,False,False,False,False,False,False,False,False,False,False,False,False,False,True,False
0.5,0.3857142857142857,0.6896551724137931,False,False,False,True,False,False,False,False,False,False,False,False,False,False,False,True
0.16666666666666652,0.48571428571428577,0.5000000000000002,True,False,True,False,False,False,False,False,True,False,False,False,False,False,True,False
0.33333333333333304,0.5571428571428572,0.27586206896551735,False,False,True,True,False,False,False,False,False,False,False,False,False,False,True,False
0.6666666666666665,0.37142857142857133,0.7068965517241381,True,False,False,False,False,False,False,False,False,False,False,False,False,False,False,True
0.5,0.4714285714285713,0.517241379310345,False,False,False,True,False,False,False,False,False,False,False,False,False,False,True,False
0.16666666666666652,0.5428571428571428,0.2586206896551725,True,False,True,False,False,False,False,False,True,False,False,False,False,False,True,False
0.33333333333333304,0.3571428571428571,0.7241379310344829,False,False,True,True,False,False,False,False,False,False,False,False,False,False,False,True
0.6666666666666665,0.4571428571428571,0.5344827586206897,True,False,False,False,False,False,False,False,False,False,False,False,False,False,True,False
0.5,0.5285714285714286,0.24137931034482774,False,False,False,True,False,False,False,False,False,False,False,False,False,False,True,False
0.16666666666666652,0.34285714285714275,0.7413793103448276,True,False,True,False,False,False,False,False,True,False,False,False,False,False,False,True
0.33333333333333304,0.4428571428571427,0.5517241379310345,False,False,True,True,False,False,False,False,False,False,False,False,False,False,True,False
0.6666666666666665,0.5142857142857141,0.22413793103448276,True,False,False,False,False,False,False,False,False,False,False,False,False,False,True,False
0.5,0.3285714285714285,0.7586206896551724,False,False,False,True,False,False,False,False,False,False,False,False,False,False,False,True
0.16666666666666652,0.4285714285714285,0.5689655172413794,True,False,True,False,False,False,False,False,True,False,False,False,False,False,True,False
0.33333333333333304,0.4999999999999999,0.206896551724138,False,False,True,True,False,False,False,False,False,False,False,False,False,False,True,False
0.6666666666666665,0.3142857142857143,0.7758620689655176,True,False,False,False,False,False,False,False,False,False,False,False,False,False,False,True
0.5,0.41428571428571426,0.5862068965517242,False,False,False,True,False,False,False,False,False,False,False,False,False,False,True,False
0.16666666666666652,0.48571428571428577,0.18965517241379326,True,False,True,False,False,False,False,False,True,False,False,False,False,False,True,False
0.33333333333333304,0.29999999999999993,0.7931034482758623,False,False,True,True,False,False,False,False,False,False,False,False,False,False,False,True
0.6666666666666665,0.3999999999999999,0.603448275862069,True,False,False,False,False,False,False,False,False,False,False,False,False,False,True,False
0.5,0.4714285714285713,0.1724137931034483,False,False,False,True,False,False,False,False,False,False,False,False,False,False,True,False
0.16666666666666652,0.2857142857142857,0.8103448275862071,True,False,True,False,False,False,False,False,True,False,False,False,False,False,False,True
0.33333333333333304,0.3857142857142857,0.6206896551724139,False,False,True,True,False,False,False,False,False,False,False,False,False,False,True,False
0.6666666666666665,0.4571428571428571,0.15517241379310354,True,False,False,False,False,False,False,False,False,False,False,False,False,False,True,False
0.5,0.27142857142857135,0.8275862068965518,False,False,False,True,False,False,False,False,False,False,False,False,False,False,False,True
0.16666666666666652,0.37142857142857133,0.6379310344827587,True,False,True,False,False,False,False,False,True,False,False,False,False,False,True,False
0.33333333333333304,0.4428571428571427,0.13793103448275867,False,False,True,True,False,False,False,False,False,False,False,False,False,False,True,False
0.16666666666666652,0.5428571428571428,0.39655172413793105,False,False,True,True,False,False,False,False,False,False,False,False,False,False,True,False
0.5,0.4714285714285713,0.5862068965517242,True,False,False,False,False,False,False,False,False,False,False,False,False,False,False,False
0.33333333333333304,0.5714285714285714,0.36206896551724155,False,False,True,False,False,False,False,False,True,False,False,False,False,False,True,False
0.6666666666666665,0.4571428571428571,0.4310344827586208,True,False,False,True,False,False,False,False,False,False,False,False,False,False,True,False
0.16666666666666652,0.5142857142857141,0.5517241379310345,False,False,True,False,False,False,False,False,False,False,False,False,False,False,False,True
0.5,0.5571428571428572,0.3793103448275863,True,False,False,False,False,False,False,False,True,False,False,False,False,False,True,False
0.33333333333333304,0.48571428571428577,0.44827586206896575,False,False,True,True,False,False,False,False,False,False,False,False,False,False,True,False
0.6666666666666665,0.5285714285714286,0.5689655172413794,True,False,False,False,False,False,False,False,False,False,False,False,False,False,False,False
0.16666666666666652,0.5857142857142856,0.3448275862068966,False,False,True,False,False,False,False,False,True,False,False,False,False,False,True,False
0.5,0.4428571428571427,0.4655172413793105,True,False,False,True,False,False,False,False,False,False,False,False,False,False,True,False
0.33333333333333304,0.4999999999999999,0.603448275862069,False,False,True,False,False,False,False,False,False,False,False,False,False,False,False,True
0.6666666666666665,0.5428571428571428,0.3275862068965518,True,False,False,False,False,False,False,False,True,False,False,False,False,False,True,False
0.16666666666666652,0.4714285714285713,0.48275862068965525,False,False,True,True,False,False,False,False,False,False,False,False,False,False,True,False
0.5,0.5142857142857141,0.6206896551724139,True,False,False,False,False,False,False,False,False,False,False,False,False,False,False,False
0.33333333333333304,0.6,0.31034482758620696,False,False,True,False,False,False,False,False,True,False,False,False,False,False,True,False
0.6666666666666665,0.4285714285714285,0.5000000000000002,True,False,False,True,False,False,False,False,False,False,False,False,False,False,True,False
0.16666666666666652,0.48571428571428577,0.6379310344827587,False,False,True,False,False,False,False,False,False,False,False,False,False,False,False,True
0.5,0.5285714285714286,0.2931034482758621,True,False,False,False,False,False,False,False,True,False,False,False,False,False,True,False
0.33333333333333304,0.4571428571428571,0.517241379310345,False,False,True,True,False,False,False,False,False,False,False,False,False,False,True,False
0.6666666666666665,0.4999999999999999,0.6551724137931034,True,False,False,False,False,False,False,False,False,False,False,False,False,False,False,False
0.16666666666666652,0.6142857142857142,0.27586206896551735,False,False,True,False,False,False,False,False,True,False,False,False,False,False,True,False
0.5,0.41428571428571426,0.5344827586206897,True,False,False,True,False,False,False,False,False,False,False,False,False,False,True,False
0.33333333333333304,0.4714285714285713,0.6724137931034484,False,False,True,False,False,False,False,False,False,False,False,False,False,False,False,True
0.6666666666666665,0.5142857142857141,0.2586206896551725,True,False,False,False,False,False,False,False,True,False,False,False,False,False,True,False
0.16666666666666652,0.4428571428571427,0.5517241379310345,False,False,True,True,False,False,False,False,False,False,False,False,False,False,True,False
0.5,0.48571428571428577,0.6896551724137931,True,False,False,False,False,False,False,False,False,False,False,False,False,False,False,False
0.33333333333333304,0.6285714285714286,0.24137931034482774,False,False,True,False,False,False,False,False,True,False,False,False,False,False,True,False
0.6666666666666665,0.3999999999999999,0.5689655172413794,True,False,False,True,False,False,False,False,False,False,False,False,False,False,True,False
0.16666666666666652,0.4571428571428571,0.7068965517241381,False,False,True,False,False,False,False,False,False,False,False,False,False,False,False,True
0.5,0.4999999999999999,0.22413793103448276,True,False,False,False,False,False,False,False,True,False,False,False,False,False,True,False
0.33333333333333304,0.4285714285714285,0.5862068965517242,False,False,True,True,False,False,False,False,False,False,False,False,False,False,True,False
0.6666666666666665,0.4714285714285713,0.7241379310344829,True,False,False,False,False,False,False,False,False,False,False,False,False,False,False,False
0.16666666666666652,0.6428571428571428,0.206896551724138,False,False,True,False,False,False,False,False,True,False,False,False,False,False,True,False
0.5,0.3857142857142857,0.603448275862069,True,False,False,True,False,False,False,False,False,False,False,False,False,False,True,False
0.33333333333333304,0.4428571428571427,0.7413793103448276,False,False,True,False,False,False,False,False,False,False,False,False,False,False,False,True
0.6666666666666665,0.48571428571428577,0.18965517241379326,True,False,False,False,False,False,False,False,True,False,False,False,False,False,True,False
0.16666666666666652,0.41428571428571426,0.6206896551724139,False,False,True,True,False,False,False,False,False,False,False,False,False,False,True,False
0.5,0.4571428571428571,0.7586206896551724,True,False,False,False,False,False,False,False,False,False,False,False,False,False,False,False
0.33333333333333304,0.657142857142857,0.1724137931034483,False,False,True,False,False,False,False,False,True,False,False,False,False,False,True,False
0.6666666666666665,0.37142857142857133,0.6379310344827587,True,False,False,True,False,False,False,False,False,False,False,False,False,False,True,False
0.16666666666666652,0.4285714285714285,0.7758620689655176,False,False,True,False,False,False,False,False,False,False,False,False,False,False,False,True
0.5,0.4714285714285713,0.15517241379310354,True,False,False,False,False,False,False,False,True,False,False,False,False,False,True,False
0.33333333333333304,0.3999999999999999,0.6551724137931034,False,False,True,True,False,False,False,False,False,False,False,False,False,False,True,False
0.6666666666666665,0.4428571428571427,0.7931034482758623,True,False,False,False,False,False,False,False,False,False,False,False,False,False,False,False
0.16666666666666652,0.6714285714285714,0.13793103448275867,False,False,True,False,False,False,False,False,True,False,False,False,False,False,True,False
0.5,0.3571428571428571,0.6724137931034484,True,False,False,True,False,False,False,False,False,False,False,False,False,False,True,False
0.33333333333333304,0.41428571428571426,0.8103448275862071,False,False,True,False,False,False,False,False,False,False,False,False,False,False,False,True
0.6666666666666665,0.4571428571428571,0.12068965517241392,True,False,False,False,False,False,False,False,True,False,False,False,False,False,True,False
0.16666666666666652,0.3857142857142857,0.6896551724137931,False,False,True,True,False,False,False,False,False,False,False,False,False,False,True,False
0.5,0.4285714285714285,0.8275862068965518,True,False,False,False,False,False,False,False,False,False,False,False,False,False,False,False
0.33333333333333304,0.6857142857142856,0.10344827586206906,False,False,True,False,False,False,False,False,True,False,False,False,False,False,True,False
0.6666666666666665,0.34285714285714275,0.7068965517241381,True,False,False,True,False,False,False,False,False,False,False,False,False,False,True,False
0.16666666666666652,0.3999999999999999,0.8448275862068966,False,False,True,False,False,False,False,False,False,False,False,False,False,False,False,True
0.5,0.4428571428571427,0.0862068965517242,True,False,False,False,False,False,False,False,True,False,False,False,False,False,True,False
0.33333333333333304,0.37142857142857133,0.7241379310344829,False,False,True,True,False,False,False,False,False,False,False,False,False,False,True,False
0.6666666666666665,0.41428571428571426,0.8620689655172415,True,False,False,False,False,False,False,False,False,False,False,False,False,False,False,False
0.16666666666666652,0.7,0.06896551724137945,False,False,True,False,False,False,False,False,True,False,False,False,False,False,True,False
0.5,0.3285714285714285,0.7413793103448276,True,False,False,True,False,False,False,False,False,False,False,False,False,False,True,False
0.33333333333333304,0.3857142857142857,0.8793103448275863,False,False,True,False,False,False,False,False,False,False,False,False,False,False,False,True
0.6666666666666665,0.4285714285714285,0.051724137931034475,True,False,False,False,False,False,False,False,True,False,False,False,False,False,True,False
0.16666666666666652,0.7142857142857142,0.3793103448275863,False,False,True,True,False,False,False,False,False,False,False,False,False,False,True,False
0.5,0.6142857142857142,0.4655172413793105,True,False,False,False,False,False,False,False,True,False,False,False,False,False,True,False
0.33333333333333304,0.4285714285714285,0.6379310344827587,False,False,True,True,False,False,False,False,False,False,False,False,False,False,False,True
0.6666666666666665,0.3857142857142857,0.6896551724137931,True,False,False,False,False,False,False,False,False,False,False,False,False,False,False,True
0.16666666666666652,0.3285714285714285,0.7068965517241381,False,False,True,False,False,True,False,False,False,False,False,False,False,False,False,False
0.5,0.5714285714285714,0.517241379310345,True,False,False,True,False,False,False,False,False,False,False,False,False,False,True,False
0.33333333333333304,0.5285714285714286,0.4655172413793105,False,False,True,False,True,False,False,False,False,False,False,False,False,False,True,False
0.6666666666666665,0.4714285714285713,0.5862068965517242,True,False,False,False,False,False,False,False,False,False,True,False,False,False,False,True
0.16666666666666652,0.7857142857142857,0.3448275862068966,False,False,True,False,False,False,False,False,True,False,False,False,False,False,True,False
0.5,0.5714285714285714,0.5000000000000002,True,False,False,True,False,False,False,False,False,False,False,False,False,False,True,False
0.33333333333333304,0.4571428571428571,0.6206896551724139,False,False,True,False,False,False,False,False,False,False,False,False,False,False,False,True
0.6666666666666665,0.3571428571428571,0.7068965517241381,True,False,False,True,False,False,False,False,False,False,False,False,False,False,False,True
0.16666666666666652,0.2857142857142857,0.7241379310344829,False,False,True,False,False,True,False,False,False,False,False,False,False,False,False,False
0.5,0.6,0.4655172413793105,True,False,False,False,False,False,False,False,True,False,False,False,False,False,True,False
0.33333333333333304,0.4999999999999999,0.517241379310345,False,False,True,False,True,False,False,False,False,False,False,False,False,False,True,False
0.6666666666666665,0.4285714285714285,0.6206896551724139,True,False,False,False,False,False,False,False,False,False,True,False,False,False,False,True
0.16666666666666652,0.757142857142857,0.36206896551724155,False,False,True,True,False,False,False,False,False,False,False,False,False,False,True,False
0.5,0.5857142857142856,0.48275862068965525,True,False,False,False,False,False,False,False,False,False,False,False,False,False,True,False
0.33333333333333304,0.4428571428571427,0.603448275862069,False,False,True,True,False,False,False,False,False,False,False,False,False,False,False,True
0.6666666666666665,0.37142857142857133,0.6724137931034484,True,False,False,False,False,False,False,False,False,False,False,False,False,False,False,True
0.16666666666666652,0.3142857142857143,0.6896551724137931,False,False,True,False,False,True,False,False,False,False,False,False,False,False,False,False
0.5,0.5571428571428572,0.5000000000000002,True,False,False,True,False,False,False,False,False,False,False,False,False,False,True,False
0.33333333333333304,0.5142857142857141,0.48275862068965525,False,False,True,False,True,False,False,False,False,False,False,False,False,False,True,False
0.6666666666666665,0.4571428571428571,0.603448275862069,True,False,False,False,False,False,False,False,False,False,True,False,False,False,False,True
0.16666666666666652,0.7714285714285715,0.3275862068965518,False,False,True,False,False,False,False,False,True,False,False,False,False,False,True,False
0.5,0.6,0.44827586206896575,True,False,False,True,False,False,False,False,False,False,False,False,False,False,True,False
0.33333333333333304,0.4714285714285713,0.5862068965517242,False,False,True,False,False,False,False,False,False,False,False,False,False,False,False,True
0.6666666666666665,0.34285714285714275,0.6896551724137931,True,False,False,True,False,False,False,False,False,False,False,False,False,False,False,True
0.16666666666666652,0.29999999999999993,0.7413793103448276,False,False,True,False,False,True,False,False,False,False,False,False,False,False,False,False
0.5,0.5857142857142856,0.48275862068965525,True,False,False,False,False,False,False,False,True,False,False,False,False,False,True,False
0.33333333333333304,0.48571428571428577,0.5344827586206897,False,False,True,False,True,False,False,False,False,False,False,False,False,False,True,False
0.6666666666666665,0.4428571428571427,0.6379310344827587,True,False,False,False,False,False,False,False,False,False,True,False,False,False,False,True
0.16666666666666652,0.7428571428571428,0.3448275862068966,False,False,True,True,False,False,False,False,False,False,False,False,False,False,True,False
0.5,0.5571428571428572,0.4655172413793105,True,False,False,False,False,False,False,False,False,False,False,False,False,False,True,False
0.33333333333333304,0.41428571428571426,0.6206896551724139,False,False,True,True,False,False,False,False,False,False,False,False,False,False,False,True
0.6666666666666665,0.3571428571428571,0.6551724137931034,True,False,False,False,False,False,False,False,False,False,False,False,False,False,False,True
0.16666666666666652,0.27142857142857135,0.7586206896551724,False,False,True,False,False,True,False,False,False,False,False,False,False,False,False,False
0.5,0.5428571428571428,0.517241379310345,True,False,False,True,False,False,False,False,False,False,False,False,False,False,True,False
0.33333333333333304,0.4999999999999999,0.5000000000000002,False,False,True,False,True,False,False,False,False,False,False,False,False,False,True,False
0.6666666666666665,0.41428571428571426,0.6551724137931034,True,False,False,False,False,False,False,False,False,False,True,False,False,False,False,True
0.16666666666666652,0.7285714285714284,0.31034482758620696,False,False,True,False,False,False,False,False,True,False,False,False,False,False,True,False
0.5,0.5428571428571428,0.4310344827586208,True,False,False,True,False,False,False,False,False,False,False,False,False,False,True,False
0.33333333333333304,0.3999999999999999,0.6379310344827587,False,False,True,False,False,False,False,False,False,False,False,False,False,False,False,True
0.6666666666666665,0.3285714285714285,0.6724137931034484,True,False,False,True,False,False,False,False,False,False,False,False,False,False,False,True
0.16666666666666652,0.2571428571428571,0.7758620689655176,False,False,True,False,False,True,False,False,False,False,False,False,False,False,False,False
0.5,0.5285714285714286,0.5344827586206897,True,False,False,False,False,False,False,False,True,False,False,False,False,False,True,False
0.33333333333333304,0.4714285714285713,0.5517241379310345,False,False,True,False,True,False,False,False,False,False,False,False,False,False,True,False
0.6666666666666665,0.3999999999999999,0.6724137931034484,True,False,False,False,False,False,False,False,False,False,True,False,False,False,False,True
0.16666666666666652,0.7,0.3275862068965518,False,False,True,True,False,False,False,False,False,False,False,False,False,False,True,False
0.5,0.5285714285714286,0.44827586206896575,True,False,False,False,False,False,False,False,False,False,False,False,False,False,True,False
0.33333333333333304,0.4285714285714285,0.603448275862069,False,False,True,True,False,False,False,False,False,False,False,False,False,False,False,True
0.6666666666666665,0.3142857142857143,0.6896551724137931,True,False,False,False,False,False,False,False,False,False,False,False,False,False,False,True
0.16666666666666652,0.24285714285714285,0.7931034482758623,False,False,True,False,False,True,False,False,False,False,False,False,False,False,False,False
0.5,0.5571428571428572,0.5000000000000002,True,False,False,True,False,False,False,False,False,False,False,False,False,False,True,False
0.33333333333333304,0.4571428571428571,0.5689655172413794,False,False,True,False,True,False,False,False,False,False,False,False,False,False,True,False
0.6666666666666665,0.3857142857142857,0.6896551724137931,True,False,False,False,False,False,False,False,False,False,True,False,False,False,False,True
0.16666666666666652,0.7285714285714284,0.2931034482758621,False,False,True,False,False,False,False,False,True,False,False,False,False,False,True,False
0.5,0.5142857142857141,0.4655172413793105,True,False,False,True,False,False,False,False,False,False,False,False,False,False,True,False
0.33333333333333304,0.41428571428571426,0.6206896551724139,False,False,True,False,False,False,False,False,False,False,False,False,False,False,False,True
0.6666666666666665,0.29999999999999993,0.7068965517241381,True,False,False,True,False,False,False,False,False,False,False,False,False,False,False,True
0.16666666666666652,0.22857142857142856,0.8103448275862071,False,False,True,False,False,True,False,False,False,False,False,False,False,False,False,False
0.5,0.5428571428571428,0.517241379310345,True,False,False,False,False,False,False,False,True,False,False,False,False,False,True,False
0.33333333333333304,0.4428571428571427,0.5862068965517242,False,False,True,False,True,False,False,False,False,False,False,False,False,False,True,False
0.6666666666666665,0.37142857142857133,0.7068965517241381,True,False,False,False,False,False,False,False,False,False,True,False,False,False,False,True
0.16666666666666652,0.7428571428571428,0.27586206896551735,False,False,True,True,False,False,False,False,False,False,False,False,False,False,True,False
0.5,0.4999999999999999,0.48275862068965525,True,False,False,False,False,False,False,False,False,False,False,False,False,False,True,False
0.33333333333333304,0.3999999999999999,0.6379310344827587,False,False,True,True,False,False,False,False,False,False,False,False,False,False,False,True
0.6666666666666665,0.2857142857142857,0.7241379310344829,True,False,False,False,False,False,False,False,False,False,False,False,False,False,False,True
0.16666666666666652,0.21428571428571427,0.8275862068965518,False,False,True,False,False,True,False,False,False,False,False,False,False,False,False,False
0.5,0.5285714285714286,0.5344827586206897,True,False,False,True,False,False,False,False,False,False,False,False,False,False,True,False
0.33333333333333304,0.4285714285714285,0.603448275862069,False,False,True,False,True,False,False,False,False,False,False,False,False,False,True,False
0.6666666666666665,0.3571428571428571,0.7241379310344829,True,False,False,False,False,False,False,False,False,False,True,False,False,False,False,True
0.16666666666666652,0.757142857142857,0.2586206896551725,False,False,True,False,False,False,False,False,True,False,False,False,False,False,True,False
0.5,0.48571428571428577,0.5000000000000002,True,False,False,True,False,False,False,False,False,False,False,False,False,False,True,False
0.33333333333333304,0.3857142857142857,0.6551724137931034,False,False,True,False,False,False,False,False,False,False,False,False,False,False,False,True
0.6666666666666665,0.27142857142857135,0.7413793103448276,True,False,False,True,False,False,False,False,False,False,False,False,False,False,False,True
0.16666666666666652,0.19999999999999998,0.8448275862068966,False,False,True,False,False,True,False,False,False,False,False,False,False,False,False,False
0.5,0.5142857142857141,0.5517241379310345,True,False,False,False,False,False,False,False,True,False,False,False,False,False,True,False
0.33333333333333304,0.41428571428571426,0.6206896551724139,False,False,True,False,True,False,False,False,False,False,False,False,False,False,True,False
0.6666666666666665,0.34285714285714275,0.7413793103448276,True,False,False,False,False,False,False,False,False,False,True,False,False,False,False,True
0.16666666666666652,0.7714285714285715,0.24137931034482774,False,False,True,True,False,False,False,False,False,False,False,False,False,False,True,False
0.5,0.4714285714285713,0.517241379310345,True,False,False,False,False,False,False,False,False,False,False,False,False,False,True,False
0.33333333333333304,0.37142857142857133,0.6724137931034484,False,False,True,True,False,False,False,False,False,False,False,False,False,False,False,True
0.6666666666666665,0.2571428571428571,0.7586206896551724,True,False,False,False,False,False,False,False,False,False,False,False,False,False,False,True
0.16666666666666652,0.1857142857142857,0.8620689655172415,False,False,True,False,False,True,False,False,False,False,False,False,False,False,False,False
0.5,0.4999999999999999,0.5689655172413794,True,False,False,True,False,False,False,False,False,False,False,False,False,False,True,False
0.33333333333333304,0.3999999999999999,0.6379310344827587,False,False,True,False,True,False,False,False,False,False,False,False,False,False,True,False
0.6666666666666665,0.3285714285714285,0.7586206896551724,True,False,False,False,False,False,False,False,False,False,True,False,False,False,False,True
0.16666666666666652,0.7857142857142857,0.22413793103448276,False,False,True,False,False,False,False,False,True,False,False,False,False,False,True,False
0.5,0.4571428571428571,0.5344827586206897,True,False,False,True,False,False,False,False,False,False,False,False,False,False,True,False
0.33333333333333304,0.3571428571428571,0.6896551724137931,False,False,True,False,False,False,False,False,False,False,False,False,False,False,False,True
0.6666666666666665,0.24285714285714285,0.7758620689655176,True,False,False,True,False,False,False,False,False,False,False,False,False,False,False,True
0.16666666666666652,0.17142857142857146,0.8793103448275863,False,False,True,False,False,True,False,False,False,False,False,False,False,False,False,False
0.5,0.48571428571428577,0.5862068965517242,True,False,False,False,False,False,False,False,True,False,False,False,False,False,True,False
0.33333333333333304,0.3857142857142857,0.6551724137931034,False,False,True,False,True,False,False,False,False,False,False,False,False,False,True,False
0.6666666666666665,0.3142857142857143,0.7758620689655176,True,False,False,False,False,False,False,False,False,False,True,False,False,False,False,True
0.16666666666666652,0.7999999999999999,0.206896551724138,False,False,True,True,False,False,False,False,False,False,False,False,False,False,True,False
0.5,0.4428571428571427,0.5517241379310345,True,False,False,False,False,False,False,False,False,False,False,False,False,False,True,False
0.33333333333333304,0.34285714285714275,0.7068965517241381,False,False,True,True,False,False,False,False,False,False,False,False,False,False,False,True
0.6666666666666665,0.22857142857142856,0.7931034482758623,True,False,False,False,False,False,False,False,False,False,False,False,False,False,False,True
0.16666666666666652,0.5285714285714286,0.517241379310345,False,False,True,True,False,False,False,False,False,False,False,False,False,False,True,False
0.5,0.37142857142857133,0.6896551724137931,True,False,False,False,False,False,False,False,False,False,False,False,False,False,False,True
0.33333333333333304,0.4999999999999999,0.5517241379310345,False,False,True,True,False,False,False,False,False,False,False,False,False,False,True,False
0.6666666666666665,0.6142857142857142,0.4655172413793105,True,False,False,False,False,False,False,False,False,False,False,False,True,False,True,False
0.16666666666666652,0.3571428571428571,0.7068965517241381,False,False,True,True,False,False,False,False,False,False,False,False,False,False,False,True
0.5,0.5714285714285714,0.5000000000000002,True,False,False,True,False,False,False,False,False,False,False,False,False,False,True,False
0.33333333333333304,0.757142857142857,0.2931034482758621,False,False,True,False,False,False,False,False,True,False,False,False,False,False,True,False
0.6666666666666665,0.5857142857142856,0.48275862068965525,True,False,False,False,False,False,False,False,False,False,False,False,True,False,True,False
0.16666666666666652,0.4285714285714285,0.6379310344827587,False,False,True,True,False,False,False,False,False,False,False,False,False,False,False,True
0.5,0.5428571428571428,0.5344827586206897,True,False,False,True,False,False,False,False,False,False,False,False,False,False,True,False
0.33333333333333304,0.5142857142857141,0.5000000000000002,False,False,True,False,False,False,False,False,True,False,False,False,False,False,True,False
0.6666666666666665,0.34285714285714275,0.7068965517241381,True,False,False,False,False,False,False,False,False,False,False,False,False,False,False,True
0.16666666666666652,0.4714285714285713,0.5689655172413794,False,False,True,True,False,False,False,False,False,False,False,False,False,False,True,False
0.5,0.6285714285714286,0.44827586206896575,True,False,False,False,False,False,False,False,False,False,False,False,True,False,True,False
0.33333333333333304,0.3285714285714285,0.7241379310344829,False,False,True,True,False,False,False,False,False,False,False,False,False,False,False,True
0.6666666666666665,0.5571428571428572,0.517241379310345,True,False,False,False,False,False,False,False,True,False,False,False,False,False,True,False
0.16666666666666652,0.7714285714285715,0.27586206896551735,False,False,True,True,False,False,False,False,False,False,False,False,False,False,True,False
0.5,0.6,0.4655172413793105,True,False,False,False,False,False,False,False,False,False,False,False,True,False,True,False
0.33333333333333304,0.41428571428571426,0.6551724137931034,False,False,True,True,False,False,False,False,False,False,False,False,False,False,False,True
0.6666666666666665,0.5285714285714286,0.5517241379310345,True,False,False,False,False,False,False,False,True,False,False,False,False,False,True,False
0.16666666666666652,0.4999999999999999,0.5344827586206897,False,False,True,True,False,False,False,False,False,False,False,False,False,False,True,False
0.5,0.3285714285714285,0.7241379310344829,True,False,False,False,False,False,False,False,False,False,False,False,False,False,False,True
0.33333333333333304,0.4571428571428571,0.5862068965517242,False,False,True,False,False,False,False,False,True,False,False,False,False,False,True,False
0.6666666666666665,0.6428571428571428,0.4310344827586208,True,False,False,False,False,False,False,False,False,False,False,False,True,False,True,False
0.16666666666666652,0.3142857142857143,0.7413793103448276,False,False,True,True,False,False,False,False,False,False,False,False,False,False,False,True
0.5,0.5428571428571428,0.5344827586206897,True,False,False,True,False,False,False,False,False,False,False,False,False,False,True,False
0.33333333333333304,0.7857142857142857,0.2586206896551725,False,False,True,False,False,False,False,False,True,False,False,False,False,False,True,False
0.6666666666666665,0.6142857142857142,0.44827586206896575,True,False,False,False,False,False,False,False,False,False,False,False,True,False,True,False
0.16666666666666652,0.3999999999999999,0.6724137931034484,False,False,True,True,False,False,False,False,False,False,False,False,False,False,False,True
0.5,0.5142857142857141,0.5689655172413794,True,False,False,True,False,False,False,False,False,False,False,False,False,False,True,False
0.33333333333333304,0.48571428571428577,0.5517241379310345,False,False,True,False,False,False,False,False,True,False,False,False,False,False,True,False
0.6666666666666665,0.3142857142857143,0.7413793103448276,True,False,False,False,False,False,False,False,False,False,False,False,False,False,False,True
0.16666666666666652,0.4428571428571427,0.603448275862069,False,False,True,True,False,False,False,False,False,False,False,False,False,False,True,False
0.5,0.657142857142857,0.413793103448276,True,False,False,False,False,False,False,False,False,False,False,False,True,False,True,False
0.33333333333333304,0.29999999999999993,0.7586206896551724,False,False,True,True,False,False,False,False,False,False,False,False,False,False,False,True
0.6666666666666665,0.5285714285714286,0.5517241379310345,True,False,False,False,False,False,False,False,True,False,False,False,False,False,True,False
0.16666666666666652,0.7999999999999999,0.24137931034482774,False,False,True,True,False,False,False,False,False,False,False,False,False,False,True,False
0.5,0.6285714285714286,0.4310344827586208,True,False,False,False,False,False,False,False,False,False,False,False,True,False,True,False
0.33333333333333304,0.3857142857142857,0.6896551724137931,False,False,True,True,False,False,False,False,False,False,False,False,False,False,False,True
0.6666666666666665,0.4999999999999999,0.5862068965517242,True,False,False,False,False,False,False,False,True,False,False,False,False,False,True,False
0.16666666666666652,0.4714285714285713,0.5689655172413794,False,False,True,True,False,False,False,False,False,False,False,False,False,False,True,False
0.5,0.29999999999999993,0.7586206896551724,True,False,False,False,False,False,False,False,False,False,False,False,False,False,False,True
0.33333333333333304,0.4285714285714285,0.6206896551724139,False,False,True,False,False,False,False,False,True,False,False,False,False,False,True,False
0.6666666666666665,0.6714285714285714,0.39655172413793105,True,False,False,False,False,False,False,False,False,False,False,False,True,False,True,False
0.16666666666666652,0.2857142857142857,0.7758620689655176,False,False,True,True,False,False,False,False,False,False,False,False,False,False,False,True
0.5,0.5142857142857141,0.5689655172413794,True,False,False,True,False,False,False,False,False,False,False,False,False,False,True,False
0.33333333333333304,0.8142857142857142,0.22413793103448276,False,False,True,False,False,False,False,False,True,False,False,False,False,False,True,False
0.6666666666666665,0.6428571428571428,0.413793103448276,True,False,False,False,False,False,False,False,False,False,False,False,True,False,True,False
0.16666666666666652,0.37142857142857133,0.7068965517241381,False,False,True,True,False,False,False,False,False,False,False,False,False,False,False,True
0.5,0.48571428571428577,0.603448275862069,True,False,False,True,False,False,False,False,False,False,False,False,False,False,True,False
0.33333333333333304,0.4571428571428571,0.5862068965517242,False,False,True,False,False,False,False,False,True,False,False,False,False,False,True,False
0.6666666666666665,0.2857142857142857,0.7758620689655176,True,False,False,False,False,False,False,False,False,False,False,False,False,False,False,True
0.16666666666666652,0.41428571428571426,0.6379310344827587,False,False,True,True,False,False,False,False,False,False,False,False,False,False,True,False
0.5,0.6857142857142856,0.3793103448275863,True,False,False,False,False,False,False,False,False,False,False,False,True,False,True,False
0.33333333333333304,0.27142857142857135,0.7931034482758623,False,False,True,True,False,False,False,False,False,False,False,False,False,False,False,True
0.6666666666666665,0.4999999999999999,0.5862068965517242,True,False,False,False,False,False,False,False,True,False,False,False,False,False,True,False
0.16666666666666652,0.8285714285714284,0.206896551724138,False,False,True,True,False,False,False,False,False,False,False,False,False,False,True,False
0.5,0.657142857142857,0.39655172413793105,True,False,False,False,False,False,False,False,False,False,False,False,True,False,True,False
0.33333333333333304,0.3571428571428571,0.7241379310344829,False,False,True,True,False,False,False,False,False,False,False,False,False,False,False,True
0.6666666666666665,0.4714285714285713,0.6206896551724139,True,False,False,False,False,False,False,False,True,False,False,False,False,False,True,False
0.16666666666666652,0.4428571428571427,0.603448275862069,False,False,True,True,False,False,False,False,False,False,False,False,False,False,True,False
0.5,0.27142857142857135,0.7931034482758623,True,False,False,False,False,False,False,False,False,False,False,False,False,False,False,True
0.33333333333333304,0.3999999999999999,0.6551724137931034,False,False,True,False,False,False,False,False,True,False,False,False,False,False,True,False
0.6666666666666665,0.7,0.36206896551724155,True,False,False,False,False,False,False,False,False,False,False,False,True,False,True,False
0.16666666666666652,0.2571428571428571,0.8103448275862071,False,False,True,True,False,False,False,False,False,False,False,False,False,False,False,True
0.5,0.48571428571428577,0.603448275862069,True,False,False,True,False,False,False,False,False,False,False,False,False,False,True,False
0.33333333333333304,0.8428571428571429,0.18965517241379326,False,False,True,False,False,False,False,False,True,False,False,False,False,False,True,False
0.6666666666666665,0.6714285714285714,0.3793103448275863,True,False,False,False,False,False,False,False,False,False,False,False,True,False,True,False
0.16666666666666652,0.34285714285714275,0.7413793103448276,False,False,True,True,False,False,False,False,False,False,False,False,False,False,False,True
0.5,0.4571428571428571,0.6379310344827587,True,False,False,True,False,False,False,False,False,False,False,False,False,False,True,False
0.33333333333333304,0.4285714285714285,0.6206896551724139,False,False,True,False,False,False,False,False,True,False,False,False,False,False,True,False
0.6666666666666665,0.2571428571428571,0.8103448275862071,True,False,False,False,False,False,False,False,False,False,False,False,False,False,False,True
0.16666666666666652,0.3857142857142857,0.6724137931034484,False,False,True,True,False,False,False,False,False,False,False,False,False,False,True,False
0.5,0.7142857142857142,0.3448275862068966,True,False,False,False,False,False,False,False,False,False,False,False,True,False,True,False
0.33333333333333304,0.24285714285714285,0.8275862068965518,False,False,True,True,False,False,False,False,False,False,False,False,False,False,False,True
0.6666666666666665,0.4714285714285713,0.6206896551724139,True,False,False,False,False,False,False,False,True,False,False,False,False,False,True,False
0.16666666666666652,0.8571428571428571,0.1724137931034483,False,False,True,True,False,False,False,False,False,False,False,False,False,False,True,False
0.5,0.6857142857142856,0.36206896551724155,True,False,False,False,False,False,False,False,False,False,False,False,True,False,True,False
0.33333333333333304,0.3285714285714285,0.7586206896551724,False,False,True,True,False,False,False,False,False,False,False,False,False,False,False,True
0.6666666666666665,0.4428571428571427,0.6551724137931034,True,False,False,False,False,False,False,False,True,False,False,False,False,False,True,False
0.16666666666666652,0.41428571428571426,0.6379310344827587,False,False,True,True,False,False,False,False,False,False,False,False,False,False,True,False
0.5,0.24285714285714285,0.8275862068965518,True,False,False,False,False,False,False,False,False,False,False,False,False,False,False,True
0.33333333333333304,0.37142857142857133,0.6896551724137931,False,False,True,False,False,False,False,False,True,False,False,False,False,False,True,False
0.6666666666666665,0.7285714285714284,0.3275862068965518,True,False,False,False,False,False,False,False,False,False,False,False,True,False,True,False
0.16666666666666652,0.22857142857142856,0.8448275862068966,False,False,True,True,False,False,False,False,False,False,False,False,False,False,False,True
0.5,0.4571428571428571,0.6379310344827587,True,False,False,True,False,False,False,False,False,False,False,False,False,False,True,False
0.33333333333333304,0.8714285714285713,0.15517241379310354,False,False,True,False,False,False,False,False,True,False,False,False,False,False,True,False
0.6666666666666665,0.7,0.3448275862068966,True,False,False,False,False,False,False,False,False,False,False,False,True,False,True,False
0.16666666666666652,0.3142857142857143,0.7758620689655176,False,False,True,True,False,False,False,False,False,False,False,False,False,False,False,True
0.5,0.4285714285714285,0.6724137931034484,True,False,False,True,False,False,False,False,False,False,False,False,False,False,True,False
0.33333333333333304,0.3999999999999999,0.6551724137931034,False,False,True,False,False,False,False,False,True,False,False,False,False,False,True,False
0.6666666666666665,0.22857142857142856,0.8448275862068966,True,False,False,False,False,False,False,False,False,False,False,False,False,False,False,True
0.16666666666666652,0.3571428571428571,0.7068965517241381,False,False,True,True,False,False,False,False,False,False,False,False,False,False,True,False
0.5,0.7428571428571428,0.31034482758620696,True,False,False,False,False,False,False,False,False,False,False,False,True,False,True,False
0.33333333333333304,0.21428571428571427,0.8620689655172415,False,False,True,True,False,False,False,False,False,False,False,False,False,False,False,True
0.6666666666666665,0.4428571428571427,0.6551724137931034,True,False,False,False,False,False,False,False,True,False,False,False,False,False,True,False
0.16666666666666652,0.8857142857142856,0.13793103448275867,False,False,True,True,False,False,False,False,False,False,False,False,False,False,True,False
0.5,0.7142857142857142,0.3275862068965518,True,False,False,False,False,False,False,False,False,False,False,False,True,False,True,False
0.33333333333333304,0.29999999999999993,0.7931034482758623,False,False,True,True,False,False,False,False,False,False,False,False,False,False,False,True
0.6666666666666665,0.41428571428571426,0.6896551724137931,True,False,False,False,False,False,False,False,True,False,False,False,False,False,True,False
0.16666666666666652,0.3857142857142857,0.6724137931034484,False,False,True,True,False,False,False,False,False,False,False,False,False,False,True,False
0.5,0.21428571428571427,0.8620689655172415,True,False,False,False,False,False,False,False,False,False,False,False,False,False,False,True
0.33333333333333304,0.34285714285714275,0.7241379310344829,False,False,True,False,False,False,False,False,True,False,False,False,False,False,True,False
0.6666666666666665,0.757142857142857,0.2931034482758621,True,False,False,False,False,False,False,False,False,False,False,False,True,False,True,False
0.16666666666666652,0.19999999999999998,0.8793103448275863,False,False,True,True,False,False,False,False,False,False,False,False,False,False,False,True
0.5,0.4285714285714285,0.6724137931034484,True,False,False,True,False,False,False,False,False,False,False,False,False,False,True,False
0.33333333333333304,0.8999999999999998,0.12068965517241392,False,False,True,False,False,False,False,False,True,False,False,False,False,False,True,False
0.6666666666666665,0.7285714285714284,0.31034482758620696,True,False,False,False,False,False,False,False,False,False,False,False,True,False,True,False
0.16666666666666652,0.2857142857142857,0.8103448275862071,False,False,True,True,False,False,False,False,False,False,False,False,False,False,False,True
0.5,0.3999999999999999,0.7068965517241381,True,False,False,True,False,False,False,False,False,False,False,False,False,False,True,False
0.33333333333333304,0.37142857142857133,0.6896551724137931,False,False,True,False,False,False,False,False,True,False,False,False,False,False,True,False
0.6666666666666665,0.19999999999999998,0.8793103448275863,True,False,False,False,False,False,False,False,False,False,False,False,False,False,False,True
0.16666666666666652,0.3285714285714285,0.7413793103448276,False,False,True,True,False,False,False,False,False,False,False,False,False,False,True,False
0.5,0.7714285714285715,0.27586206896551735,True,False,False,False,False,False,False,False,False,False,False,False,True,False,True,False
0.33333333333333304,0.1857142857142857,0.8965517241379313,False,False,True,True,False,False,False,False,False,False,False,False,False,False,False,True
0.6666666666666665,0.41428571428571426,0.6896551724137931,True,False,False,False,False,False,False,False,True,False,False,False,False,False,True,False
0.16666666666666652,0.9142857142857143,0.10344827586206906,False,False,True,True,False,False,False,False,False,False,False,False,False,False,True,False
0.5,0.7428571428571428,0.2931034482758621,True,False,False,False,False,False,False,False,False,False,False,False,True,False,True,False
0.33333333333333304,0.27142857142857135,0.8275862068965518,False,False,True,True,False,False,False,False,False,False,False,False,False,False,False,True
0.6666666666666665,0.3857142857142857,0.7241379310344829,True,False,False,False,False,False,False,False,True,False,False,False,False,False,True,False
0.16666666666666652,0.3571428571428571,0.7068965517241381,False,False,True,True,False,False,False,False,False,False,False,False,False,False,True,False
0.5,0.1857142857142857,0.8965517241379313,True,False,False,False,False,False,False,False,False,False,False,False,False,False,False,True
0.33333333333333304,0.3142857142857143,0.7586206896551724,False,False,True,False,False,False,False,False,True,False,False,False,False,False,True,False
0.6666666666666665,0.7857142857142857,0.2586206896551725,True,False,False,False,False,False,False,False,False,False,False,False,True,False,True,False
0.16666666666666652,0.17142857142857146,0.913793103448276,False,False,True,True,False,False,False,False,False,False,False,False,False,False,False,True
0.5,0.3999999999999999,0.7068965517241381,True,False,False,True,False,False,False,False,False,False,False,False,False,False,True,False
0.33333333333333304,0.9285714285714285,0.0862068965517242,False,False,True,False,False,False,False,False,True,False,False,False,False,False,True,False
0.6666666666666665,0.757142857142857,0.27586206896551735,True,False,False,False,False,False,False,False,False,False,False,False,True,False,True,False
0.16666666666666652,0.2571428571428571,0.8448275862068966,False,False,True,True,False,False,False,False,False,False,False,False,False,False,False,True
0.5,0.37142857142857133,0.7413793103448276,True,False,False,True,False,False,False,False,False,False,False,False,False,False,True,False
0.33333333333333304,0.34285714285714275,0.7241379310344829,False,False,True,False,False,False,False,False,True,False,False,False,False,False,True,False
0.6666666666666665,0.17142857142857146,0.913793103448276,True,False,False,False,False,False,False,False,False,False,False,False,False,False,False,True
0.16666666666666652,0.29999999999999993,0.7758620689655176,False,False,True,True,False,False,False,False,False,False,False,False,False,False,True,False
0.5,0.7999999999999999,0.24137931034482774,True,False,False,False,False,False,False,False,False,False,False,False,True,False,True,False
0.33333333333333304,0.15714285714285717,0.9310344827586208,False,False,True,True,False,False,False,False,False,False,False,False,False,False,False,True
0.6666666666666665,0.3857142857142857,0.7241379310344829,True,False,False,False,False,False,False,False,True,False,False,False,False,False,True,False
0.16666666666666652,0.9428571428571427,0.06896551724137945,False,False,True,True,False,False,False,False,False,False,False,False,False,False,True,False
0.5,0.7714285714285715,0.2586206896551725,True,False,False,False,False,False,False,False,False,False,False,False,True,False,True,False
0.33333333333333304,0.24285714285714285,0.8620689655172415,False,False,True,True,False,False,False,False,False,False,False,False,False,False,False,True
0.6666666666666665,0.3571428571428571,0.7586206896551724,True,False,False,False,False,False,False,False,True,False,False,False,False,False,True,False
0.16666666666666652,0.3285714285714285,0.7413793103448276,False,False,True,True,False,False,False,False,False,False,False,False,False,False,True,False
0.5,0.15714285714285717,0.9310344827586208,True,False,False,False,False,False,False,False,False,False,False,False,False,False,False,True
0.33333333333333304,0.2857142857142857,0.7931034482758623,False,False,True,False,False,False,False,False,True,False,False,False,False,False,True,False
0.6666666666666665,0.8142857142857142,0.22413793103448276,True,False,False,False,False,False,False,False,False,False,False,False,True,False,True,False
0.16666666666666652,0.14285714285714282,0.9482758620689657,False,False,True,True,False,False,False,False,False,False,False,False,False,False,False,True
0.5,0.37142857142857133,0.7413793103448276,True,False,False,True,False,False,False,False,False,False,False,False,False,False,True,False
0.33333333333333304,0.957142857142857,0.051724137931034475,False,False,True,False,False,False,False,False,True,False,False,False,False,False,True,False
0.6666666666666665,0.7857142857142857,0.24137931034482774,True,False,False,False,False,False,False,False,False,False,False,False,True,False,True,False
0.16666666666666652,0.22857142857142856,0.8793103448275863,False,False,True,True,False,False,False,False,False,False,False,False,False,False,False,True
0.5,0.34285714285714275,0.7758620689655176,True,False,False,True,False,False,False,False,False,False,False,False,False,False,True,False
0.33333333333333304,0.3142857142857143,0.7586206896551724,False,False,True,False,False,False,False,False,True,False,False,False,False,False,True,False
0.6666666666666665,0.14285714285714282,0.9482758620689657,True,False,False,False,False,False,False,False,False,False,False,False,False,False,False,True
0.16666666666666652,0.27142857142857135,0.8103448275862071,False,False,True,True,False,False,False,False,False,False,False,False,False,False,True,False
0.5,0.8285714285714284,0.206896551724138,True,False,False,False,False,False,False,False,False,False,False,False,True,False,True,False
0.33333333333333304,0.12857142857142853,0.9655172413793105,False,False,True,True,False,False,False,False,False,False,False,False,False,False,False,True
0.6666666666666665,0.3571428571428571,0.7586206896551724,True,False,False,False,False,False,False,False,True,False,False,False,False,False,True,False
0.16666666666666652,0.9714285714285714,0.034482758620689724,False,False,True,True,False,False,False,False,False,False,False,False,False,False,True,False
0.5,0.7999999999999999,0.22413793103448276,True,False,False,False,False,False,False,False,False,False,False,False,True,False,True,False
0.33333333333333304,0.21428571428571427,0.8965517241379313,False,False,True,True,False,False,False,False,False,False,False,False,False,False,False,True
0.6666666666666665,0.3285714285714285,0.7931034482758623,True,False,False,False,False,False,False,False,True,False,False,False,False,False,True,False
0.16666666666666652,0.29999999999999993,0.7758620689655176,False,False,True,True,False,False,False,False,False,False,False,False,False,False,True,False
0.5,0.12857142857142853,0.9655172413793105,True,False,False,False,False,False,False,False,False,False,False,False,False,False,False,True
0.33333333333333304,0.2571428571428571,0.8275862068965518,False,False,True,False,False,False,False,False,True,False,False,False,False,False,True,False
0.6666666666666665,0.8428571428571429,0.18965517241379326,True,False,False,False,False,False,False,False,False,False,False,False,True,False,True,False
0.16666666666666652,0.11428571428571424,0.9827586206896552,False,False,True,True,False,False,False,False,False,False,False,False,False,False,False,True
0.5,0.34285714285714275,0.7758620689655176,True,False,False,True,False,False,False,False,False,False,False,False,False,False,True,False
0.33333333333333304,0.9857142857142857,0.017241379310344862,False,False,True,False,False,False,False,False,True,False,False,False,False,False,True,False
0.6666666666666665,0.8142857142857142,0.206896551724138,True,False,False,False,False,False,False,False,False,False,False,False,True,False,True,False
0.16666666666666652,0.19999999999999998,0.913793103448276,False,False,True,True,False,False,False,False,False,False,False,False,False,False,False,True
0.5,0.3142857142857143,0.8103448275862071,True,False,False,True,False,False,False,False,False,False,False,False,False,False,True,False
0.33333333333333304,0.2857142857142857,0.7931034482758623,False,False,True,False,False,False,False,False,True,False,False,False,False,False,True,False
0.6666666666666665,0.11428571428571424,0.9827586206896552,True,False,False,False,False,False,False,False,False,False,False,False,False,False,False,True
0.16666666666666652,0.24285714285714285,0.8448275862068966,False,False,True,True,False,False,False,False,False,False,False,False,False,False,True,False
0.5,0.8571428571428571,0.1724137931034483,True,False,False,False,False,False,False,False,False,False,False,False,True,False,True,False
0.33333333333333304,0.1,1.0,False,False,True,True,False,False,False,False,False,False,False,False,False,False,False,True
0.6666666666666665,0.3285714285714285,0.7931034482758623,True,False,False,False,False,False,False,False,True,False,False,False,False,False,True,False
0.16666666666666652,0.9999999999999999,0.0,False,False,True,True,False,False,False,False,False,False,False,False,False,False,True,False
0.5,0.8285714285714284,0.18965517241379326,True,False,False,False,False,False,False,False,False,False,False,False,True,False,True,False
0.33333333333333304,0.1857142857142857,0.9310344827586208,False,False,True,True,False,False,False,False,False,False,False,False,False,False,False,True
0.6666666666666665,0.29999999999999993,0.8275862068965518,True,False,False,False,False,False,False,False,True,False,False,False,False,False,True,False
0.16666666666666652,0.6714285714285714,0.4310344827586208,False,False,True,False,False,False,False,False,False,False,False,False,True,False,True,False
0.5,0.4285714285714285,0.6896551724137931,True,False,False,False,False,False,False,False,False,False,False,True,False,False,False,True
0.33333333333333304,0.3285714285714285,0.7586206896551724,False,False,True,True,False,False,False,False,False,False,False,False,False,False,False,True
0.6666666666666665,0.4571428571428571,0.6379310344827587,True,False,False,True,False,False,False,False,False,False,False,False,False,False,True,False
0.16666666666666652,0.5142857142857141,0.5517241379310345,False,False,True,False,False,False,False,False,True,False,False,False,False,False,True,False
0.5,0.5714285714285714,0.517241379310345,True,False,False,False,False,False,False,False,False,False,False,False,True,False,True,False
0.33333333333333304,0.7142857142857142,0.4655172413793105,False,False,True,True,False,False,False,False,False,False,False,False,False,False,True,False
0.6666666666666665,0.3857142857142857,0.7068965517241381,True,False,False,False,False,False,False,False,False,False,False,False,False,False,False,True
0.16666666666666652,0.757142857142857,0.3793103448275863,False,False,True,False,False,False,False,False,False,False,False,False,True,False,True,False
0.5,0.4714285714285713,0.6206896551724139,True,False,False,True,False,False,False,False,False,False,False,False,False,False,True,False
0.33333333333333304,0.657142857142857,0.44827586206896575,False,False,True,True,False,False,False,False,False,False,False,False,False,False,True,False
0.6666666666666665,0.41428571428571426,0.7068965517241381,True,False,False,False,False,False,False,False,False,False,False,True,False,False,False,True
0.16666666666666652,0.3142857142857143,0.7758620689655176,False,False,True,False,False,False,False,False,True,False,False,False,False,False,False,True
0.5,0.4428571428571427,0.6551724137931034,True,False,False,True,False,False,False,False,False,False,False,False,False,False,True,False
0.33333333333333304,0.5285714285714286,0.5344827586206897,False,False,True,False,False,False,False,False,True,False,False,False,False,False,True,False
0.6666666666666665,0.5857142857142856,0.5000000000000002,True,False,False,False,False,False,False,False,False,False,False,False,True,False,True,False
0.16666666666666652,0.7285714285714284,0.44827586206896575,False,False,True,True,False,False,False,False,False,False,False,False,False,False,True,False
0.5,0.37142857142857133,0.7241379310344829,True,False,False,False,False,False,False,False,False,False,False,False,False,False,False,True
0.33333333333333304,0.7714285714285715,0.36206896551724155,False,False,True,False,False,False,False,False,False,False,False,False,True,False,True,False
0.6666666666666665,0.4571428571428571,0.6379310344827587,True,False,False,False,False,False,False,False,True,False,False,False,False,False,True,False
0.16666666666666652,0.6428571428571428,0.4655172413793105,False,False,True,False,False,False,False,False,False,False,False,False,True,False,True,False
0.5,0.3999999999999999,0.7241379310344829,True,False,False,False,False,False,False,False,False,False,False,True,False,False,False,True
0.33333333333333304,0.29999999999999993,0.7931034482758623,False,False,True,True,False,False,False,False,False,False,False,False,False,False,False,True
0.6666666666666665,0.4285714285714285,0.6724137931034484,True,False,False,False,False,False,False,False,False,False,False,False,False,False,True,False
0.16666666666666652,0.5428571428571428,0.517241379310345,False,False,True,False,False,False,False,False,True,False,False,False,False,False,True,False
0.5,0.6,0.48275862068965525,True,False,False,False,False,False,False,False,False,False,False,False,True,False,True,False
0.33333333333333304,0.7428571428571428,0.4310344827586208,False,False,True,True,False,False,False,False,False,False,False,False,False,False,True,False
0.6666666666666665,0.3571428571428571,0.7413793103448276,True,False,False,False,False,False,False,False,False,False,False,False,False,False,False,True
0.16666666666666652,0.7857142857142857,0.3448275862068966,False,False,True,False,False,False,False,False,False,False,False,False,True,False,True,False
0.5,0.4428571428571427,0.6551724137931034,True,False,False,True,False,False,False,False,False,False,False,False,False,False,True,False
0.33333333333333304,0.6285714285714286,0.48275862068965525,False,False,True,False,False,False,False,False,True,False,False,False,False,False,True,False
0.6666666666666665,0.3857142857142857,0.7413793103448276,True,False,False,False,False,False,False,False,False,False,False,True,False,False,False,True
0.16666666666666652,0.2857142857142857,0.8103448275862071,False,False,True,True,False,False,False,False,False,False,False,False,False,False,False,True
0.5,0.41428571428571426,0.6896551724137931,True,False,False,False,False,False,False,False,False,False,False,False,False,False,True,False
0.33333333333333304,0.5571428571428572,0.5000000000000002,False,False,True,False,False,False,False,False,True,False,False,False,False,False,True,False
0.6666666666666665,0.6142857142857142,0.4655172413793105,True,False,False,False,False,False,False,False,False,False,False,False,True,False,True,False
0.16666666666666652,0.757142857142857,0.413793103448276,False,False,True,True,False,False,False,False,False,False,False,False,False,False,True,False
0.5,0.34285714285714275,0.7586206896551724,True,False,False,False,False,False,False,False,False,False,False,False,False,False,False,True
0.33333333333333304,0.7999999999999999,0.3275862068965518,False,False,True,False,False,False,False,False,False,False,False,False,True,False,True,False
0.6666666666666665,0.4285714285714285,0.6724137931034484,True,False,False,False,False,False,False,False,True,False,False,False,False,False,True,False
0.16666666666666652,0.6142857142857142,0.5000000000000002,False,False,True,False,False,False,False,False,False,False,False,False,True,False,True,False
0.5,0.37142857142857133,0.7586206896551724,True,False,False,False,False,False,False,False,False,False,False,True,False,False,False,True
0.33333333333333304,0.27142857142857135,0.8275862068965518,False,False,True,True,False,False,False,False,False,False,False,False,False,False,False,True
0.6666666666666665,0.3999999999999999,0.7068965517241381,True,False,False,True,False,False,False,False,False,False,False,False,False,False,True,False
0.16666666666666652,0.5714285714285714,0.48275862068965525,False,False,True,False,False,False,False,False,True,False,False,False,False,False,True,False
0.5,0.6285714285714286,0.44827586206896575,True,False,False,False,False,False,False,False,False,False,False,False,True,False,True,False
0.33333333333333304,0.7714285714285715,0.39655172413793105,False,False,True,True,False,False,False,False,False,False,False,False,False,False,True,False
0.6666666666666665,0.3285714285714285,0.7758620689655176,True,False,False,False,False,False,False,False,False,False,False,False,False,False,False,True
0.16666666666666652,0.8142857142857142,0.31034482758620696,False,False,True,False,False,False,False,False,False,False,False,False,True,False,True,False
0.5,0.41428571428571426,0.6896551724137931,True,False,False,True,False,False,False,False,False,False,False,False,False,False,True,False
0.33333333333333304,0.6,0.517241379310345,False,False,True,False,False,False,False,False,True,False,False,False,False,False,True,False
0.6666666666666665,0.3571428571428571,0.7758620689655176,True,False,False,False,False,False,False,False,False,False,False,True,False,False,False,True
0.16666666666666652,0.2571428571428571,0.8448275862068966,False,False,True,True,False,False,False,False,False,False,False,False,False,False,False,True
0.5,0.3857142857142857,0.7241379310344829,True,False,False,False,False,False,False,False,False,False,False,False,False,False,True,False
0.33333333333333304,0.5857142857142856,0.4655172413793105,False,False,True,False,False,False,False,False,True,False,False,False,False,False,True,False
0.6666666666666665,0.6428571428571428,0.4310344827586208,True,False,False,False,False,False,False,False,False,False,False,False,True,False,True,False
0.16666666666666652,0.7857142857142857,0.3793103448275863,False,False,True,True,False,False,False,False,False,False,False,False,False,False,True,False
0.5,0.3142857142857143,0.7931034482758623,True,False,False,False,False,False,False,False,False,False,False,False,False,False,False,True
0.33333333333333304,0.8285714285714284,0.2931034482758621,False,False,True,False,False,False,False,False,False,False,False,False,True,False,True,False
0.6666666666666665,0.3999999999999999,0.7068965517241381,True,False,False,False,False,False,False,False,True,False,False,False,False,False,True,False
0.16666666666666652,0.5857142857142856,0.5344827586206897,False,False,True,False,False,False,False,False,False,False,False,False,True,False,True,False
0.5,0.34285714285714275,0.7931034482758623,True,False,False,False,False,False,False,False,False,False,False,True,False,False,False,True
0.33333333333333304,0.24285714285714285,0.8620689655172415,False,False,True,True,False,False,False,False,False,False,False,False,False,False,False,True
0.6666666666666665,0.37142857142857133,0.7413793103448276,True,False,False,True,False,False,False,False,False,False,False,False,False,False,True,False
0.16666666666666652,0.6,0.44827586206896575,False,False,True,False,False,False,False,False,True,False,False,False,False,False,True,False
0.5,0.657142857142857,0.413793103448276,True,False,False,False,False,False,False,False,False,False,False,False,True,False,True,False
0.33333333333333304,0.7999999999999999,0.36206896551724155,False,False,True,True,False,False,False,False,False,False,False,False,False,False,True,False
0.6666666666666665,0.29999999999999993,0.8103448275862071,True,False,False,False,False,False,False,False,False,False,False,False,False,False,False,True
0.16666666666666652,0.8428571428571429,0.27586206896551735,False,False,True,False,False,False,False,False,False,False,False,False,True,False,True,False
0.5,0.3857142857142857,0.7241379310344829,True,False,False,True,False,False,False,False,False,False,False,False,False,False,True,False
0.33333333333333304,0.657142857142857,0.5862068965517242,False,False,True,True,False,False,False,False,False,False,False,False,False,False,True,False
0.833333333333333,0.3285714285714285,0.6896551724137931,True,False,False,False,False,False,False,False,False,True,False,False,False,False,False,True
0.16666666666666652,0.5714285714285714,0.517241379310345,False,False,True,False,False,False,False,False,True,False,False,False,False,False,True,False
0.6666666666666665,0.8142857142857142,0.36206896551724155,True,False,False,False,False,False,False,False,False,False,False,False,False,False,True,False
0.5,0.3857142857142857,0.6379310344827587,False,False,True,True,False,False,False,False,False,False,False,False,False,False,False,True
1.0,0.757142857142857,0.413793103448276,True,False,False,False,False,False,False,False,True,False,False,False,False,False,True,False
0.33333333333333304,0.6285714285714286,0.5000000000000002,False,False,True,True,False,False,False,False,False,False,False,False,False,False,True,False
0.6666666666666665,0.7142857142857142,0.39655172413793105,True,False,False,False,False,False,False,False,False,False,False,False,False,False,True,False
0.16666666666666652,0.4571428571428571,0.6206896551724139,False,False,True,False,False,False,False,False,False,True,False,False,False,False,False,True
0.833333333333333,0.5285714285714286,0.5517241379310345,True,False,False,True,False,False,False,False,False,False,False,False,False,False,True,False
0.5,0.6857142857142856,0.44827586206896575,False,False,True,False,False,False,False,False,True,False,False,False,False,False,True,False
1.0,0.48571428571428577,0.603448275862069,True,False,False,False,False,False,False,False,False,False,False,False,False,False,False,True
0.33333333333333304,0.7428571428571428,0.3793103448275863,False,False,True,True,False,False,False,False,False,False,False,False,False,False,True,False
0.6666666666666665,0.6142857142857142,0.4655172413793105,True,False,False,False,False,False,False,False,False,False,False,True,False,False,True,False
0.16666666666666652,0.4285714285714285,0.6551724137931034,False,False,True,False,False,False,False,False,False,True,False,False,False,False,False,True
0.833333333333333,0.7,0.4310344827586208,True,False,False,False,False,False,False,False,False,False,False,False,False,False,True,False
0.5,0.37142857142857133,0.6724137931034484,False,False,True,True,False,False,False,False,False,False,False,False,False,False,False,True
1.0,0.7285714285714284,0.413793103448276,True,False,False,False,False,False,False,False,True,False,False,False,False,False,True,False
0.33333333333333304,0.41428571428571426,0.6206896551724139,False,False,True,True,False,False,False,False,False,False,False,False,False,False,False,True
0.6666666666666665,0.6,0.517241379310345,True,False,False,False,False,False,False,False,False,True,False,False,False,False,True,False
0.16666666666666652,0.7857142857142857,0.3448275862068966,False,False,True,True,False,False,False,False,False,False,False,False,False,False,True,False
0.833333333333333,0.3999999999999999,0.6379310344827587,True,False,False,False,False,False,False,False,False,False,False,False,False,False,False,True
0.5,0.7714285714285715,0.39655172413793105,False,False,True,False,False,False,False,False,True,False,False,False,False,False,True,False
1.0,0.5857142857142856,0.5344827586206897,True,False,False,True,False,False,False,False,False,False,False,False,False,False,True,False
0.33333333333333304,0.6714285714285714,0.4310344827586208,False,False,True,False,False,False,False,False,False,False,False,False,False,False,True,False
0.5,0.6142857142857142,0.5000000000000002,True,False,True,True,False,False,False,False,False,False,False,False,False,False,True,False
0.833333333333333,0.48571428571428577,0.603448275862069,False,False,False,False,False,False,False,False,True,False,False,False,False,False,False,True
0.33333333333333304,0.7,0.413793103448276,True,False,True,False,False,False,False,False,False,False,False,False,False,False,True,False
0.6666666666666665,0.5142857142857141,0.5689655172413794,False,False,False,False,False,False,False,False,False,True,False,False,False,False,False,True
0.16666666666666652,0.7428571428571428,0.3793103448275863,True,False,True,True,False,False,False,False,False,False,False,False,False,False,True,False
1.0,0.5714285714285714,0.517241379310345,False,False,False,False,False,False,False,False,False,False,False,True,False,False,True,False
0.5,0.3999999999999999,0.6551724137931034,True,False,True,False,False,False,False,False,False,True,False,False,False,False,False,True
0.833333333333333,0.6714285714285714,0.44827586206896575,False,False,False,True,False,False,False,False,False,False,False,False,False,False,True,False
0.33333333333333304,0.4285714285714285,0.6206896551724139,True,False,True,False,False,False,False,False,False,False,False,False,False,False,False,True
0.6666666666666665,0.6857142857142856,0.4310344827586208,False,False,False,False,False,False,False,False,True,False,False,False,False,False,True,False
0.16666666666666652,0.4571428571428571,0.5862068965517242,True,False,True,True,False,False,False,False,False,False,False,False,False,False,False,True
1.0,0.6285714285714286,0.48275862068965525,False,False,False,False,False,False,False,False,False,True,False,False,False,False,True,False
0.5,0.7999999999999999,0.3275862068965518,True,False,True,False,False,False,False,False,False,False,False,False,False,False,True,False
0.833333333333333,0.41428571428571426,0.6206896551724139,False,False,False,True,False,False,False,False,False,False,False,False,False,False,False,True
0.33333333333333304,0.7285714285714284,0.413793103448276,True,False,True,False,False,False,False,False,True,False,False,False,False,False,True,False
0.6666666666666665,0.5571428571428572,0.5344827586206897,False,False,False,True,False,False,False,False,False,False,False,False,False,False,True,False
0.16666666666666652,0.7142857142857142,0.39655172413793105,True,False,True,False,False,False,False,False,False,False,False,False,False,False,True,False
1.0,0.4714285714285713,0.603448275862069,False,False,False,False,False,False,False,False,False,True,False,False,False,False,False,True
0.5,0.6,0.5000000000000002,True,False,True,True,False,False,False,False,False,False,False,False,False,False,True,False
0.833333333333333,0.657142857142857,0.44827586206896575,False,False,False,False,False,False,False,False,True,False,False,False,False,False,True,False
0.33333333333333304,0.4428571428571427,0.5862068965517242,True,False,True,False,False,False,False,False,False,False,False,False,False,False,False,True
0.6666666666666665,0.757142857142857,0.36206896551724155,False,False,False,True,False,False,False,False,False,False,False,False,False,False,True,False
0.16666666666666652,0.5857142857142856,0.517241379310345,True,False,True,False,False,False,False,False,False,False,False,True,False,False,True,False
1.0,0.3857142857142857,0.6379310344827587,False,False,False,False,False,False,False,False,False,True,False,False,False,False,False,True
0.5,0.6857142857142856,0.4310344827586208,True,False,True,False,False,False,False,False,True,False,False,False,False,False,True,False
0.833333333333333,0.41428571428571426,0.6206896551724139,False,False,False,True,False,False,False,False,False,False,False,False,False,False,False,True
0.33333333333333304,0.7142857142857142,0.413793103448276,True,False,True,False,False,False,False,False,False,False,False,False,False,False,True,False
0.6666666666666665,0.4428571428571427,0.603448275862069,False,False,False,False,False,False,False,False,False,True,False,False,False,False,False,True
0.16666666666666652,0.6142857142857142,0.48275862068965525,True,False,True,True,False,False,False,False,False,False,False,False,False,False,True,False
1.0,0.7857142857142857,0.3448275862068966,False,False,False,False,False,False,False,False,True,False,False,False,False,False,True,False
0.5,0.4285714285714285,0.603448275862069,True,False,True,False,False,False,False,False,False,False,False,False,False,False,False,True
0.833333333333333,0.7428571428571428,0.39655172413793105,False,False,False,True,False,False,False,False,False,False,False,False,False,False,True,False
0.33333333333333304,0.5714285714285714,0.517241379310345,True,False,True,False,False,False,False,False,False,True,False,False,False,False,True,False
0.6666666666666665,0.7,0.413793103448276,False,False,False,False,False,False,False,False,False,False,False,False,False,False,True,False
0.16666666666666652,0.4571428571428571,0.5862068965517242,True,False,True,True,False,False,False,False,False,False,False,False,False,False,False,True
1.0,0.5857142857142856,0.5000000000000002,False,False,False,False,False,False,False,False,True,False,False,False,False,False,True,False
0.5,0.6714285714285714,0.4310344827586208,True,False,True,False,False,False,False,False,False,False,False,False,False,False,True,False
0.833333333333333,0.4714285714285713,0.5689655172413794,False,False,False,False,False,False,False,False,False,True,False,False,False,False,False,True
0.33333333333333304,0.7714285714285715,0.36206896551724155,True,False,True,True,False,False,False,False,False,False,False,False,False,False,True,False
0.6666666666666665,0.6,0.5000000000000002,False,False,False,False,False,False,False,False,False,False,False,True,False,False,True,False
0.16666666666666652,0.41428571428571426,0.6206896551724139,True,False,True,False,False,False,False,False,False,True,False,False,False,False,False,True
1.0,0.657142857142857,0.44827586206896575,False,False,False,False,False,False,False,False,True,False,False,False,False,False,True,False
0.5,0.3999999999999999,0.6379310344827587,True,False,True,True,False,False,False,False,False,False,False,False,False,False,False,True
0.833333333333333,0.7,0.413793103448276,False,False,False,False,False,False,False,False,False,False,False,False,False,False,True,False
0.33333333333333304,0.4285714285714285,0.603448275862069,True,False,True,False,False,False,False,False,False,True,False,False,False,False,False,True
0.6666666666666665,0.6285714285714286,0.4655172413793105,False,False,False,True,False,False,False,False,False,False,False,False,False,False,True,False
0.16666666666666652,0.8142857142857142,0.3275862068965518,True,False,True,False,False,False,False,False,True,False,False,False,False,False,True,False
1.0,0.4428571428571427,0.5862068965517242,False,False,False,False,False,False,False,False,False,False,False,False,False,False,False,True
0.5,0.757142857142857,0.3793103448275863,True,False,True,True,False,False,False,False,False,False,False,False,False,False,True,False
0.833333333333333,0.5428571428571428,0.517241379310345,False,False,False,False,False,False,False,False,False,True,False,False,False,False,True,False
0.6666666666666665,0.6857142857142856,0.413793103448276,True,False,False,False,False,False,False,False,False,False,False,False,False,False,True,False
0.33333333333333304,0.4714285714285713,0.5689655172413794,False,False,True,True,False,False,False,False,False,False,False,False,False,False,False,True
0.833333333333333,0.6,0.48275862068965525,True,False,False,False,False,False,False,False,True,False,False,False,False,False,True,False
0.5,0.6714285714285714,0.4310344827586208,False,False,True,False,False,False,False,False,False,True,False,False,False,False,True,False
1.0,0.4571428571428571,0.5862068965517242,True,False,False,False,False,False,False,False,False,False,False,False,False,False,False,True
0.16666666666666652,0.757142857142857,0.36206896551724155,False,False,True,True,False,False,False,False,False,False,False,False,False,False,True,False
0.6666666666666665,0.5857142857142856,0.5000000000000002,True,False,False,False,False,False,False,False,False,False,False,True,False,False,True,False
0.33333333333333304,0.3999999999999999,0.6379310344827587,False,False,True,False,False,False,False,False,False,True,False,False,False,False,False,True
0.833333333333333,0.6714285714285714,0.4310344827586208,True,False,False,False,False,False,False,False,True,False,False,False,False,False,True,False
0.5,0.41428571428571426,0.6206896551724139,False,False,True,True,False,False,False,False,False,False,False,False,False,False,False,True
1.0,0.7142857142857142,0.39655172413793105,True,False,False,False,False,False,False,False,False,False,False,False,False,False,True,False
0.16666666666666652,0.4428571428571427,0.603448275862069,False,False,True,False,False,False,False,False,False,True,False,False,False,False,False,True
0.6666666666666665,0.6142857142857142,0.48275862068965525,True,False,False,True,False,False,False,False,False,False,False,False,False,False,True,False
0.33333333333333304,0.7999999999999999,0.3448275862068966,False,False,True,False,False,False,False,False,True,False,False,False,False,False,True,False
0.833333333333333,0.4285714285714285,0.603448275862069,True,False,False,False,False,False,False,False,False,False,False,False,False,False,False,True
0.5,0.7428571428571428,0.3793103448275863,False,False,True,True,False,False,False,False,False,False,False,False,False,False,True,False
1.0,0.5571428571428572,0.517241379310345,True,False,False,False,False,False,False,False,False,True,False,False,False,False,True,False
0.16666666666666652,0.7,0.413793103448276,False,False,True,False,False,False,False,False,True,False,False,False,False,False,True,False
0.6666666666666665,0.4571428571428571,0.5862068965517242,True,False,False,False,False,False,False,False,False,False,False,False,False,False,False,True
0.33333333333333304,0.5857142857142856,0.5000000000000002,False,False,True,True,False,False,False,False,False,False,False,False,False,False,True,False
0.833333333333333,0.6857142857142856,0.413793103448276,True,False,False,False,False,False,False,False,False,True,False,False,False,False,True,False
0.5,0.4714285714285713,0.5689655172413794,False,False,True,False,False,False,False,False,True,False,False,False,False,False,False,True
1.0,0.7714285714285715,0.36206896551724155,True,False,False,True,False,False,False,False,False,False,False,False,False,False,True,False
0.16666666666666652,0.6,0.5000000000000002,False,False,True,False,False,False,False,False,False,False,False,True,False,False,True,False
0.6666666666666665,0.41428571428571426,0.6206896551724139,True,False,False,False,False,False,False,False,False,True,False,False,False,False,False,True
0.33333333333333304,0.657142857142857,0.44827586206896575,False,False,True,False,False,False,False,False,False,False,False,False,False,False,True,False
0.833333333333333,0.3999999999999999,0.6379310344827587,True,False,False,True,False,False,False,False,False,False,False,False,False,False,False,True
0.5,0.7,0.413793103448276,False,False,True,False,False,False,False,False,True,False,False,False,False,False,True,False
1.0,0.4285714285714285,0.603448275862069,True,False,False,False,False,False,False,False,False,True,False,False,False,False,False,True
0.16666666666666652,0.6285714285714286,0.4655172413793105,False,False,True,True,False,False,False,False,False,False,False,False,False,False,True,False
0.6666666666666665,0.8142857142857142,0.3275862068965518,True,False,False,False,False,False,False,False,False,False,False,False,False,False,True,False
0.33333333333333304,0.4428571428571427,0.5862068965517242,False,False,True,False,False,False,False,False,True,False,False,False,False,False,False,True
0.833333333333333,0.757142857142857,0.3793103448275863,True,False,False,True,False,False,False,False,False,False,False,False,False,False,True,False
0.5,0.5428571428571428,0.517241379310345,False,False,True,False,False,False,False,False,False,True,False,False,False,False,True,False
1.0,0.6714285714285714,0.4310344827586208,True,False,False,False,False,False,False,False,False,False,False,False,False,False,True,False
0.16666666666666652,0.4571428571428571,0.5862068965517242,False,False,True,True,False,False,False,False,False,False,False,False,False,False,False,True
0.6666666666666665,0.6142857142857142,0.48275862068965525,True,False,False,False,False,False,False,False,True,False,False,False,False,False,True,False
0.33333333333333304,0.657142857142857,0.44827586206896575,False,False,True,False,False,False,False,False,False,True,False,False,False,False,True,False
0.833333333333333,0.4714285714285713,0.5689655172413794,True,False,False,False,False,False,False,False,False,False,False,False,False,False,False,True
0.5,0.7428571428571428,0.3793103448275863,False,False,True,True,False,False,False,False,False,False,False,False,False,False,True,False
1.0,0.5714285714285714,0.517241379310345,True,False,False,False,False,False,False,False,False,False,False,True,False,False,True,False
0.16666666666666652,0.3857142857142857,0.6379310344827587,False,False,True,False,False,False,False,False,False,True,False,False,False,False,False,True
0.6666666666666665,0.6857142857142856,0.413793103448276,True,False,False,False,False,False,False,False,True,False,False,False,False,False,True,False
0.33333333333333304,0.41428571428571426,0.6206896551724139,False,False,True,True,False,False,False,False,False,False,False,False,False,False,False,True
0.833333333333333,0.7142857142857142,0.39655172413793105,True,False,False,False,False,False,False,False,False,False,False,False,False,False,True,False
0.5,0.4428571428571427,0.603448275862069,False,False,True,False,False,False,False,False,False,True,False,False,False,False,False,True
1.0,0.6285714285714286,0.4655172413793105,True,False,False,True,False,False,False,False,False,False,False,False,False,False,True,False
0.16666666666666652,0.7857142857142857,0.3448275862068966,False,False,True,False,False,False,False,False,True,False,False,False,False,False,True,False
0.6666666666666665,0.4285714285714285,0.603448275862069,True,False,False,False,False,False,False,False,False,False,False,False,False,False,False,True
0.33333333333333304,0.7285714285714284,0.39655172413793105,False,False,True,True,False,False,False,False,False,False,False,False,False,False,True,False
0.833333333333333,0.5714285714285714,0.5000000000000002,True,False,False,False,False,False,False,False,False,True,False,False,False,False,True,False
0.5,0.6857142857142856,0.413793103448276,False,False,True,False,False,False,False,False,True,False,False,False,False,False,True,False
1.0,0.4714285714285713,0.5689655172413794,True,False,False,False,False,False,False,False,False,False,False,False,False,False,False,True
0.16666666666666652,0.6,0.48275862068965525,False,False,True,True,False,False,False,False,False,False,False,False,False,False,True,False
0.6666666666666665,0.6714285714285714,0.4310344827586208,True,False,False,False,False,False,False,False,False,True,False,False,False,False,True,False
0.33333333333333304,0.4571428571428571,0.5862068965517242,False,False,True,False,False,False,False,False,True,False,False,False,False,False,False,True
0.833333333333333,0.757142857142857,0.36206896551724155,True,False,False,True,False,False,False,False,False,False,False,False,False,False,True,False
0.5,0.5857142857142856,0.5000000000000002,False,False,True,False,False,False,False,False,False,False,False,True,False,False,True,False
1.0,0.3999999999999999,0.6379310344827587,True,False,False,False,False,False,False,False,False,True,False,False,False,False,False,True
0.16666666666666652,0.6714285714285714,0.4310344827586208,False,False,True,False,False,False,False,False,False,False,False,False,False,False,True,False
