Financial Loss (in Million $),Number of Affected Users,Incident Resolution Time (in Hours),Attack Type_Malware,Attack Type_Man-in-the-Middle,Attack Type_Phishing,Attack Type_Ransomware,Attack Type_SQL Injection,Target Industry_Education,Target Industry_Government,Target Industry_Healthcare,Target Industry_IT,Target Industry_Retail,Target Industry_Telecommunications,Attack Source_Insider,Attack Source_Nation-state,Attack Source_Unknown,Security Vulnerability Type_Unpatched Software,Security Vulnerability Type_Weak Passwords,Security Vulnerability Type_Zero-day,Defense Mechanism Used_Antivirus,Defense Mechanism Used_Encryption,Defense Mechanism Used_Firewall,Defense Mechanism Used_VPN
0.8044024525077899,0.7733551772348384,0.8732394366197184,False,False,True,False,False,True,False,False,False,False,False,False,False,False,True,False,False,False,False,False,True
0.6200623178208865,0.29577036281626207,0.9859154929577465,False,False,False,True,False,False,False,False,False,True,False,False,False,False,True,False,False,False,False,True,False
0.38345562368077196,0.6059490938350359,0.26760563380281693,False,True,False,False,False,False,False,False,True,False,False,False,False,False,False,True,False,False,False,False,True
0.4114986430797065,0.6594162794444818,0.08450704225352114,False,False,False,True,False,False,False,False,False,False,True,False,True,False,False,False,False,False,False,False,False
0.7428887325359333,0.8108977983629084,0.943661971830986,False,True,False,False,False,False,False,False,True,False,False,True,False,False,False,False,False,False,False,False,True
0.9824102924917077,0.28500186647264697,0.33802816901408456,False,True,False,False,False,False,False,False,False,True,False,False,False,True,False,False,False,True,False,False,False
0.3292793245552317,0.43117819959948406,0.46478873239436624,False,False,False,False,False,False,False,False,False,False,True,True,False,False,True,False,False,False,False,False,True
0.5903105839782893,0.9102852150346624,0.9154929577464789,False,False,False,False,True,False,True,False,False,False,False,False,False,True,False,False,False,True,False,False,False
0.16463966227761587,0.6983760186787376,0.647887323943662,False,True,False,False,False,False,False,False,False,False,False,False,False,True,False,False,False,False,False,False,True
0.6899185847823902,0.6860442889439768,0.8028169014084507,False,False,False,False,False,False,False,True,False,False,False,False,False,False,True,False,False,False,False,True,False
0.8862197205749323,0.4936404823405668,0.3943661971830986,False,False,True,False,False,False,False,False,False,False,True,False,False,True,False,False,True,False,False,False,True
0.38506382551010154,0.9210707248018687,0.36619718309859156,False,False,False,False,True,False,False,True,False,False,False,False,False,False,True,False,False,False,False,False,False
0.302140918685295,0.583240176499258,0.5070422535211268,False,False,False,True,False,True,False,False,False,False,False,True,False,False,False,False,True,False,False,True,False
0.5816664991456428,0.5998462787139053,0.47887323943661975,False,False,False,False,False,False,False,True,False,False,False,False,True,False,True,False,False,False,False,False,False
0.4775354306965524,0.9225619013401575,0.8873239436619719,False,False,False,False,False,False,False,False,True,False,False,False,False,True,False,False,False,False,True,False,False
0.6413709920595035,0.12046004297390642,0.49295774647887325,False,False,True,False,False,False,False,False,False,False,False,False,True,False,False,False,True,False,True,False,False
0.12604281837370593,0.8504049695209521,0.9295774647887325,False,True,False,False,False,False,False,True,False,False,False,False,False,False,True,False,False,False,False,False,False
0.9311488591818274,0.8054895312401485,0.7746478873239437,False,False,False,False,False,False,False,False,True,False,False,True,False,False,False,False,False,False,True,False,False
0.1357925419640165,0.5784754171040951,0.3802816901408451,True,False,False,False,False,False,False,False,False,False,True,True,False,False,False,False,False,False,False,True,False
0.36134284852749027,0.26159039482151425,0.07042253521126761,False,False,False,False,False,False,False,False,True,False,False,False,True,False,False,False,False,False,False,False,False
0.4930143733038496,0.9204742541865533,0.5915492957746479,False,False,False,True,False,False,False,False,False,True,False,False,False,False,False,True,False,True,False,False,False
0.17308272188159615,0.2614432787469314,0.14084507042253522,False,False,False,True,False,True,False,False,False,False,False,True,False,False,False,False,False,False,False,False,True
0.766006633832546,0.24597507433364926,0.4084507042253521,False,False,False,False,False,False,True,False,False,False,False,False,True,False,True,False,False,False,False,True,False
0.20022112775153286,0.18587065194438412,0.4366197183098592,False,False,True,False,False,False,False,False,False,False,True,False,True,False,False,True,False,True,False,False,False
0.5160317619861293,0.6991346172129811,0.4084507042253521,False,False,False,False,False,False,False,False,False,False,True,False,False,False,False,False,False,False,False,False,True
0.5081917780681476,0.6286339922198615,0.7183098591549296,False,False,True,False,False,False,False,False,False,True,False,True,False,False,False,False,True,False,False,False,False
0.5280932757061012,0.5705201403907684,0.7323943661971831,True,False,False,False,False,True,False,False,False,False,False,False,True,False,True,False,False,False,False,False,True
0.25801588099306466,0.9379690575864358,0.323943661971831,False,False,False,True,False,False,False,False,False,False,False,True,False,False,True,False,False,False,True,False,False
0.8726505176399638,0.5998062471289848,0.11267605633802817,True,False,False,False,False,False,False,False,True,False,False,False,False,True,False,False,False,True,False,False,False
0.8262136898180723,0.9050951200497193,0.8450704225352113,False,False,False,False,False,False,True,False,False,False,False,False,False,False,False,False,True,False,True,False,False
0.6607699266257916,0.6789877213121153,0.14084507042253522,False,False,False,False,True,True,False,False,False,False,False,False,False,False,False,False,False,False,False,False,False
0.1797165544275807,0.246670623121643,0.46478873239436624,True,False,False,False,False,False,False,False,False,False,True,False,False,False,False,False,True,False,False,False,False
0.42707809830133686,0.08489798450977822,0.8450704225352113,False,False,False,False,True,False,False,False,True,False,False,False,False,True,True,False,False,False,True,False,False
0.9847220826213691,0.9728125491012409,0.28169014084507044,False,False,True,False,False,False,False,False,False,False,False,False,True,False,False,False,True,True,False,False,False
0.14081817268067146,0.11344250613734237,0.36619718309859156,False,False,True,False,False,False,False,True,False,False,False,False,True,False,False,True,False,False,False,False,True
0.17338425972459545,0.7396996230025491,0.4225352112676057,False,False,True,False,False,False,False,False,False,False,False,False,False,False,False,False,True,False,True,False,False
0.1940898582772138,0.7229343952378428,0.971830985915493,False,True,False,False,False,True,False,False,False,False,False,False,True,False,False,False,True,False,False,True,False
0.8244044627600764,0.21411693826429054,0.15492957746478872,False,False,False,False,True,False,False,False,False,True,False,True,False,False,True,False,False,False,True,False,False
0.3219419037089155,0.23507547454941952,0.8591549295774649,False,False,False,False,False,False,False,False,False,True,False,True,False,False,False,True,False,False,False,False,False
0.9697457030857374,0.14049885359548686,0.9859154929577465,False,False,False,False,False,True,False,False,False,False,False,False,True,False,True,False,False,False,False,False,True
0.9638154588400846,0.2381198765826237,0.02816901408450704,False,False,False,False,False,False,False,False,False,False,True,False,False,True,False,False,True,False,False,False,False
0.9809026032767113,0.827204664480275,0.7887323943661972,False,False,False,False,True,False,False,False,True,False,False,False,True,False,False,False,True,False,False,False,True
0.3947130364860791,0.757867957818719,0.9577464788732395,False,True,False,False,False,False,False,False,False,True,False,False,True,False,True,False,False,False,True,False,False
0.7399738667202735,0.40300196855318854,0.8873239436619719,False,False,False,False,False,False,False,False,True,False,False,False,False,False,False,False,True,False,False,False,True
0.9292391195094986,0.9432101928421526,0.25352112676056343,False,False,False,False,False,False,False,False,False,False,False,True,False,False,False,True,False,True,False,False,False
0.19931651422253494,0.7951093412702623,0.49295774647887325,True,False,False,False,False,False,False,True,False,False,False,False,False,True,False,True,False,False,False,False,False
0.2696753442557041,0.4812487052284253,0.9014084507042254,False,False,False,False,True,False,True,False,False,False,False,False,False,False,True,False,False,True,False,False,False
0.2061513719971857,0.6027435646725267,0.3943661971830986,False,False,False,False,False,True,False,False,False,False,False,False,False,False,True,False,False,False,False,False,True
0.13227460046235806,0.4554643613811298,0.5492957746478874,False,True,False,False,False,False,False,False,False,True,False,False,False,False,False,False,True,False,False,True,False
0.7572620363855664,0.383273402714742,0.4225352112676057,False,False,True,False,False,False,False,False,False,False,True,False,False,False,False,False,True,False,False,False,True
0.5949341642376118,0.1132773758495453,0.971830985915493,False,False,False,False,False,False,False,False,False,True,False,False,False,False,False,False,True,False,False,False,True
0.21328776761483567,0.9847639787792569,0.22535211267605634,True,False,False,False,False,False,True,False,False,False,False,True,False,False,True,False,False,True,False,False,False
0.8551613227460046,0.01681826961472602,0.4084507042253521,False,False,True,False,False,False,False,False,True,False,False,False,False,False,False,True,False,False,False,False,False
0.7499246155392503,0.5813376754259111,0.7042253521126761,False,False,True,False,False,False,False,True,False,False,False,True,False,False,False,False,False,False,True,False,False
0.10352799276309178,0.7996809482681837,0.3098591549295775,False,True,False,False,False,True,False,False,False,False,False,False,True,False,False,False,True,False,False,False,False
0.8620966931349885,0.898940263868192,0.1267605633802817,False,False,False,False,False,False,False,False,False,False,False,False,True,False,True,False,False,False,False,False,False
0.669414011458438,0.6989794948214141,0.7887323943661972,True,False,False,False,False,False,False,True,False,False,False,False,False,True,False,True,False,True,False,False,False
0.7631922806312194,0.30397783851458804,0.7746478873239437,False,False,False,False,False,False,False,True,False,False,False,False,False,False,True,False,False,False,False,True,False
0.43119911548899387,0.19135197670962392,0.9014084507042254,False,False,True,False,False,False,False,False,False,False,False,False,False,False,False,False,False,False,False,False,True
0.9329580862398231,0.0928342462202678,0.18309859154929578,False,False,True,False,False,True,False,False,False,False,False,False,False,True,True,False,False,False,False,False,True
0.35279927630917685,0.04032581706966797,0.323943661971831,False,False,True,False,False,False,False,True,False,False,False,False,True,False,False,False,True,False,False,False,True
0.42446477032867624,0.31039490157734456,0.9014084507042254,False,False,True,False,False,False,True,False,False,False,False,False,True,False,False,False,True,False,False,True,False
0.7324354206452911,0.4756703038697533,0.7183098591549296,False,False,False,False,False,True,False,False,False,False,False,False,True,False,False,False,False,False,False,True,False
0.7305256809729622,0.40395472027429646,0.4366197183098592,True,False,False,False,False,False,False,False,False,True,False,False,False,True,False,True,False,True,False,False,False
0.7221831339833149,0.13240646870380732,0.7605633802816901,True,False,False,False,False,True,False,False,False,False,False,False,False,False,False,False,True,False,False,True,False
0.8762689717559555,0.3362172754303146,0.14084507042253522,False,False,False,False,False,False,False,False,False,False,False,False,True,False,False,False,False,False,False,True,False
0.6700170871444366,0.5664599368902064,0.8732394366197184,True,False,False,False,False,False,False,True,False,False,False,False,False,True,False,True,False,False,True,False,False
0.8335511106643886,0.313454315454894,0.2112676056338028,False,True,False,False,False,True,False,False,False,False,False,False,True,False,False,True,False,True,False,False,False
0.2830435219620063,0.9963661328788415,0.3802816901408451,False,False,False,False,False,False,False,False,False,False,False,False,False,True,False,False,True,False,False,False,True
0.5481957985727209,0.8718639006175873,0.3943661971830986,False,False,True,False,False,False,False,True,False,False,False,True,False,False,True,False,False,False,False,True,False
0.432304754246658,0.9409744288243425,0.5633802816901409,False,False,False,False,False,False,False,False,True,False,False,False,False,True,False,True,False,False,False,False,False
0.20333701879585891,0.29701934826578175,0.9154929577464789,False,False,False,True,False,False,False,False,False,False,True,False,True,False,False,False,False,False,False,True,False
0.7808825007538447,0.027919028113181303,0.8732394366197184,False,False,True,False,False,False,False,False,True,False,False,True,False,False,True,False,False,True,False,False,False
0.2866619760779978,0.45671935156838755,0.1267605633802817,False,False,True,False,False,False,False,False,False,False,True,False,True,False,False,False,True,False,True,False,False
0.8750628203839583,0.9333404055800026,0.33802816901408456,False,False,False,True,False,False,False,False,False,False,False,False,True,False,True,False,False,False,False,False,True
0.24273796361443364,0.2212625761726002,0.7746478873239437,False,False,True,False,False,False,False,False,False,False,True,False,True,False,False,False,True,False,False,False,False
0.17469092371092573,0.016173761097505932,0.15492957746478872,False,False,True,False,False,False,False,False,False,False,False,False,False,False,True,False,False,False,True,False,False
0.2061513719971857,0.7879496923072304,0.11267605633802817,False,False,False,True,False,True,False,False,False,False,False,False,True,False,False,True,False,True,False,False,False
0.6005628706402654,0.6626158038692529,0.5492957746478874,False,False,False,False,True,False,False,False,False,False,False,False,False,True,False,False,False,False,False,True,False
0.06161423258618958,0.27430142382339673,0.26760563380281693,True,False,False,False,False,True,False,False,False,False,False,False,False,False,False,False,True,False,True,False,False
0.05327168559654237,0.5086263061555567,0.9154929577464789,False,False,True,False,False,False,True,False,False,False,False,False,False,False,True,False,False,False,False,True,False
0.7011759975876973,0.7404171891622491,0.971830985915493,False,False,False,False,False,False,False,False,True,False,False,False,False,True,False,True,False,False,True,False,False
0.6189566790632225,0.9698452078690087,0.056338028169014086,True,False,False,False,False,False,False,True,False,False,False,False,False,False,False,False,False,False,False,False,False
0.9015981505678964,0.7796851716003927,0.7464788732394366,False,True,False,False,False,False,False,True,False,False,False,False,True,False,False,False,False,False,False,False,False
0.4389385867926425,0.6052195181998598,0.36619718309859156,True,False,False,False,False,False,False,False,False,False,False,True,False,False,False,True,False,False,True,False,False
0.5496029751733843,0.2747387688886532,0.9154929577464789,True,False,False,False,False,False,True,False,False,False,False,True,False,False,False,False,True,False,True,False,False
0.4102924917077094,0.6451820486363742,0.49295774647887325,False,True,False,False,False,False,False,False,False,False,False,False,True,False,False,False,True,False,False,True,False
0.32586189566790635,0.15737817137721663,0.943661971830986,False,False,False,False,False,False,False,False,False,False,True,False,True,False,True,False,False,True,False,False,False
0.14735149261232286,0.15673366285999654,0.9577464788732395,False,False,False,False,False,False,False,False,False,True,False,False,True,False,False,False,False,False,False,False,False
0.6231782088652127,0.5506664758494453,0.04225352112676056,False,False,False,False,True,True,False,False,False,False,False,False,True,False,False,True,False,False,True,False,False
0.6876067946527289,0.6341243240917084,0.9154929577464789,False,False,False,False,True,False,False,True,False,False,False,False,False,False,True,False,False,False,False,True,False
0.811739873354106,0.5475029798511025,0.02816901408450704,False,False,False,False,False,False,False,False,False,False,False,False,True,False,False,True,False,False,False,False,False
0.5810634234596442,0.48765475960532867,0.5633802816901409,False,False,False,False,False,False,False,True,False,False,False,False,False,False,False,True,False,True,False,False,False
0.8860186953462661,0.42697988713094637,0.5774647887323944,False,True,False,False,False,False,False,False,False,True,False,False,False,False,True,False,False,True,False,False,False
0.010151774047642982,0.9552316777937794,0.7605633802816901,True,False,False,False,False,False,False,False,False,False,True,False,False,False,True,False,False,False,False,False,False
0.48979796964519046,0.12827120598151942,0.7323943661971831,False,False,False,True,False,False,False,False,False,False,False,False,True,False,False,True,False,False,False,True,False
0.8446074982410293,0.18915524348711135,0.0,False,False,True,False,False,False,False,True,False,False,False,False,True,False,False,False,False,False,False,True,False
0.9059201929842196,0.6033790660831396,0.19718309859154928,False,False,False,False,False,False,False,True,False,False,False,False,True,False,True,False,False,False,False,False,False
0.8016886119207962,0.27638706939775487,0.49295774647887325,False,False,False,False,False,True,False,False,False,False,False,False,True,False,False,False,False,False,True,False,False
0.22484671826314206,0.9756277703107753,0.676056338028169,True,False,False,False,False,True,False,False,False,False,False,True,False,False,True,False,False,False,False,True,False
0.23409387878178714,0.4867700615785856,0.14084507042253522,False,False,False,True,False,False,False,False,False,True,False,False,False,False,True,False,False,True,False,False,False
0.35109056186551413,0.9698582181341079,0.33802816901408456,False,False,False,True,False,False,False,False,True,False,False,False,False,False,False,True,False,False,False,True,False
0.7465071866519248,0.1512943712589233,0.23943661971830985,True,False,False,False,False,False,False,False,False,False,False,True,False,False,False,False,True,False,True,False,False
0.6649914564277817,0.7497125231807897,0.4084507042253521,False,False,False,False,True,False,False,False,True,False,False,False,False,True,False,False,False,False,False,False,False
0.7802794250678461,0.07137531512363254,0.47887323943661975,True,False,False,False,False,False,False,False,False,True,False,False,False,False,True,False,False,False,False,False,True
0.10945823700874462,0.970025350001151,0.5633802816901409,False,False,True,False,False,False,False,False,False,False,False,False,False,False,False,True,False,True,False,False,False
0.877877173585285,0.84274692732566,0.25352112676056343,False,False,False,False,True,True,False,False,False,False,False,False,False,True,False,True,False,True,False,False,False
0.09729621067443965,0.9341960807076785,0.5633802816901409,False,True,False,False,False,False,False,False,True,False,False,False,True,False,False,False,False,False,True,False,False
0.039400944818574736,0.393634577681791,0.1267605633802817,True,False,False,False,False,True,False,False,False,False,False,False,True,False,True,False,False,False,False,False,False
0.7687204744195397,0.7086841517957669,0.5070422535211268,False,False,False,False,False,False,False,False,False,False,False,False,False,True,False,True,False,False,True,False,False
0.7311287566589607,0.136445655622286,0.5633802816901409,False,False,False,False,False,False,False,True,False,False,False,False,False,True,False,False,True,False,False,False,True
0.07649009950748818,0.7381163738189432,0.47887323943661975,True,False,False,False,False,False,False,False,False,False,True,False,False,True,False,False,False,False,False,False,True
0.2316815760377928,0.10854764409118796,0.7042253521126761,False,True,False,False,False,False,False,False,False,False,False,True,False,False,True,False,False,True,False,False,False
0.927630917680169,0.28511195333117834,0.7605633802816901,False,False,True,False,False,False,False,False,False,False,False,False,True,False,True,False,False,False,False,False,True
0.7097195698060107,0.9622031783076849,0.7887323943661972,True,False,False,False,False,False,False,False,False,True,False,False,False,False,True,False,False,True,False,False,False
0.5713136998693337,0.4716911643286554,0.3943661971830986,False,True,False,False,False,False,False,False,False,False,False,False,False,True,False,False,True,False,False,True,False
0.811739873354106,0.9942634738808921,0.33802816901408456,False,False,True,False,False,False,True,False,False,False,False,False,False,True,False,True,False,False,False,True,False
0.06854960297517339,0.17887313090028034,0.46478873239436624,False,False,False,True,False,False,False,False,False,False,True,False,True,False,False,False,False,False,False,False,False
0.5605588501356921,0.6992567135469886,0.33802816901408456,False,True,False,False,False,False,False,True,False,False,False,False,True,False,True,False,False,False,True,False,False
0.8368680269373808,0.9212858945708164,0.323943661971831,True,False,False,False,False,False,False,False,True,False,False,True,False,False,False,False,False,False,True,False,False
0.8557643984320034,0.87605720913801,0.49295774647887325,False,False,False,False,True,False,False,False,False,False,False,False,True,False,True,False,False,False,False,True,False
0.6120213086742387,0.4151775751067593,0.5492957746478874,True,False,False,False,False,False,False,False,False,True,False,False,False,False,False,True,False,False,True,False,False
0.41853452608302344,0.222044192868173,0.5211267605633804,False,False,False,True,False,False,False,False,False,False,False,False,False,False,False,False,False,False,False,False,True
0.9438134485877979,0.3569496332606427,0.9859154929577465,False,True,False,False,False,False,False,False,False,True,False,False,False,True,True,False,False,False,False,False,True
0.8461151874560259,0.7084259480730296,0.7464788732394366,True,False,False,False,False,False,False,False,False,False,True,False,False,False,False,False,True,False,False,False,False
0.9330585988541563,0.5175943819673723,0.47887323943661975,True,False,False,False,False,False,False,False,False,False,False,False,True,False,False,False,False,False,False,True,False
0.7031862498743592,0.3686698805357428,0.3098591549295775,True,False,False,False,False,False,True,False,False,False,False,False,False,False,True,False,False,False,False,False,True
0.4845713136998694,0.4210992473061246,0.8591549295774649,False,True,False,False,False,False,False,True,False,False,False,False,True,False,True,False,False,False,False,True,False
0.6888129460247262,0.2819374486469825,0.5070422535211268,False,False,True,False,False,False,False,False,True,False,False,False,False,False,True,False,False,False,True,False,False
0.4893959191878581,0.11721147985760766,0.295774647887324,True,False,False,False,False,False,False,False,True,False,False,True,False,False,False,False,False,False,True,False,False
0.2683686802693738,0.5369246335358598,0.8591549295774649,False,False,True,False,False,False,True,False,False,False,False,False,False,True,False,False,True,False,True,False,False
0.6390592019298422,0.2378316491711961,0.8450704225352113,False,False,False,True,False,False,False,False,False,True,False,False,False,True,True,False,False,False,False,False,True
0.3815458840084431,0.03942110325046463,0.4366197183098592,True,False,False,False,False,False,False,False,False,False,True,True,False,False,False,False,False,False,False,False,True
0.8080209066237813,0.268744039046808,0.647887323943662,False,False,False,False,False,False,True,False,False,False,False,False,True,False,False,False,True,True,False,False,False
0.1533822494723088,0.0,0.8028169014084507,True,False,False,False,False,True,False,False,False,False,False,False,True,False,True,False,False,True,False,False,False
0.8215901095587497,0.9833208401428728,0.8873239436619719,False,False,False,False,True,False,False,False,False,False,True,False,False,True,True,False,False,False,True,False,False
0.8264147150467385,0.21945214774457047,0.4507042253521127,True,False,False,False,False,False,True,False,False,False,False,False,True,False,False,False,False,False,False,True,False
0.18554628605890042,0.5309419131694908,0.15492957746478872,False,True,False,False,False,False,False,False,False,True,False,False,True,False,True,False,False,False,False,False,True
0.5316112172077596,0.5761405749136068,0.5070422535211268,False,False,False,False,True,False,False,False,True,False,False,True,False,False,True,False,False,True,False,False,False
0.4864810533721982,0.1768695500750092,0.943661971830986,False,True,False,False,False,False,True,False,False,False,False,False,False,True,False,False,True,True,False,False,False
0.6057895265855866,0.21192020504177797,0.014084507042253521,False,False,False,False,True,False,False,True,False,False,False,False,False,False,False,False,False,False,True,False,False
0.9120514624585386,0.008369603617254015,0.7605633802816901,False,False,False,False,False,False,False,False,False,False,False,False,False,False,True,False,False,False,True,False,False
0.41069454216504175,0.29153301955242694,0.4225352112676057,False,False,True,False,False,True,False,False,False,False,False,True,False,False,False,False,False,False,True,False,False
0.7807819881395116,0.9880075379474406,1.0,False,False,False,False,False,False,False,False,True,False,False,False,False,False,False,False,False,False,False,False,True
0.15740275404563275,0.2360462404837417,0.5211267605633804,False,False,False,True,False,False,False,False,False,False,True,False,False,True,False,False,False,True,False,False,False
0.15207558548597852,0.2095943699578968,0.0,False,True,False,False,False,False,False,False,False,False,True,False,True,False,False,False,True,False,False,False,True
0.35973464669816063,0.755793320930214,0.6901408450704226,False,False,False,False,False,False,False,False,False,True,False,False,False,True,False,False,True,True,False,False,False
0.6122223339029048,0.6949683300123798,0.5915492957746479,False,False,False,False,True,False,False,False,False,True,False,True,False,False,True,False,False,True,False,False,False
0.5349281334807519,0.7960350716715489,0.8450704225352113,False,False,False,False,True,False,False,False,False,True,False,False,True,False,True,False,False,False,True,False,False
0.169866318222937,0.3420989160447594,0.295774647887324,False,False,False,False,False,False,False,False,False,True,False,False,False,True,False,True,False,False,True,False,False
0.7582671625288975,0.6387729918906018,0.47887323943661975,False,False,True,False,False,False,False,False,False,True,False,False,True,False,False,True,False,False,False,False,False
0.5568398834053674,0.6186801386293787,0.7042253521126761,False,False,True,False,False,False,False,False,False,False,False,True,False,False,False,False,True,False,False,False,True
0.565483968238014,0.7746131697909652,0.28169014084507044,False,False,False,False,True,False,False,False,False,True,False,False,False,False,False,False,False,False,False,False,False
0.7613830535732236,0.9009478478519553,0.8873239436619719,False,False,False,False,False,False,True,False,False,False,False,True,False,False,True,False,False,False,True,False,False
0.7511307669112475,0.1413144971382421,0.8873239436619719,False,False,True,False,False,False,False,False,False,False,True,True,False,False,True,False,False,False,False,False,False
0.0344758267162529,0.8460285164995182,0.9577464788732395,False,False,True,False,False,False,False,False,True,False,False,False,False,True,True,False,False,False,False,False,True
0.9941702683686804,0.11971845786325412,0.15492957746478872,True,False,False,False,False,False,False,False,False,True,False,True,False,False,False,False,True,True,False,False,False
0.32556035782490705,0.8952173264705854,0.4225352112676057,True,False,False,False,False,False,False,False,False,True,False,False,False,True,False,False,False,False,False,False,False
0.2126846919288371,0.277349829015093,0.619718309859155,False,False,False,False,True,False,False,True,False,False,False,False,False,True,False,False,False,False,False,False,False
0.8579756759473315,0.46095169088410765,0.5211267605633804,False,False,False,True,False,True,False,False,False,False,False,True,False,False,True,False,False,False,False,False,False
0.8013870740777969,0.5993398791646609,0.7605633802816901,False,False,False,False,True,False,False,False,False,False,True,False,True,False,False,False,False,False,False,True,False
0.3158106342345965,0.16330684910394302,0.35211267605633806,False,True,False,False,False,False,True,False,False,False,False,False,False,False,True,False,False,False,False,False,True
0.3872751030254297,0.9865503882563343,0.14084507042253522,False,False,False,False,True,False,True,False,False,False,False,False,True,False,False,True,False,False,True,False,False
0.9903507890240226,0.3488592499482092,0.26760563380281693,False,False,False,True,False,False,False,False,False,True,False,False,True,False,False,False,True,False,True,False,False
0.2472610312594231,0.5596845911424114,0.9577464788732395,False,False,False,False,True,False,False,False,False,True,False,False,False,True,False,False,True,True,False,False,False
0.6711227259021008,0.3354686847923012,0.26760563380281693,False,False,False,False,False,False,False,True,False,False,False,False,False,False,False,True,False,True,False,False,False
0.2954065735249774,0.3852429566928307,0.295774647887324,False,False,False,True,False,True,False,False,False,False,False,False,False,True,True,False,False,False,False,True,False
0.15499045130163838,0.946115485117758,0.4366197183098592,False,True,False,False,False,True,False,False,False,False,False,True,False,False,False,False,True,False,False,True,False
0.959191878580762,0.595996241034176,0.14084507042253522,False,False,False,False,True,False,False,False,False,False,True,False,True,False,False,False,False,False,False,False,False
0.12172077595738266,0.7568951903051508,0.19718309859154928,False,False,False,False,False,True,False,False,False,False,False,False,True,False,False,True,False,False,False,False,True
0.3962207257010755,0.5944690360694588,0.7464788732394366,False,False,False,True,False,False,True,False,False,False,False,False,False,False,False,False,False,True,False,False,False
0.18956679063222437,0.4577271467187612,0.5352112676056339,True,False,False,False,False,False,False,False,False,True,False,False,False,False,False,False,True,False,True,False,False
0.7032867624886924,0.5493464343366917,0.8732394366197184,False,False,False,True,False,False,False,False,False,False,True,False,False,True,False,False,False,True,False,False,False
0.5311086541360942,0.7148209937640799,0.46478873239436624,True,False,False,False,False,False,False,True,False,False,False,False,False,True,True,False,False,False,False,True,False
0.8407880188963717,0.8499916434066479,0.7042253521126761,True,False,False,False,False,False,True,False,False,False,False,False,False,False,False,False,False,True,False,False,False
0.2727912353000302,0.8264840959517059,0.6901408450704226,False,False,False,False,True,False,False,False,False,False,False,False,True,False,False,False,True,False,False,False,True
0.08553623479746708,0.6176062913638861,0.5915492957746479,False,False,False,False,False,False,False,False,True,False,False,False,False,True,False,False,True,True,False,False,False
0.08623982309779878,0.8957897781349485,0.7183098591549296,False,False,False,False,True,False,False,False,False,False,False,False,False,True,False,False,False,False,False,False,False
0.6774550206050861,0.0018104284280297156,0.619718309859155,False,False,False,False,True,False,False,True,False,False,False,False,False,True,False,False,False,True,False,False,False
0.7098200824203439,0.07641228929625475,0.5774647887323944,False,False,True,False,False,False,True,False,False,False,False,False,False,True,True,False,False,False,False,True,False
0.056086038797869144,0.17497505531864643,0.8873239436619719,False,False,False,True,False,False,False,False,False,True,False,False,True,False,False,False,True,False,False,False,True
0.9081314704995477,0.7465340153381018,0.4084507042253521,False,True,False,False,False,False,False,True,False,False,False,True,False,False,True,False,False,True,False,False,False
0.772137903306865,0.5637267804297591,0.47887323943661975,True,False,False,False,False,False,False,True,False,False,False,False,True,False,True,False,False,False,False,False,False
0.11569001909739673,0.2547570032755845,0.8028169014084507,False,False,False,False,False,False,False,True,False,False,False,True,False,False,True,False,False,False,False,False,False
0.0004020504573323952,0.8698363008413639,0.2112676056338028,True,False,False,False,False,True,False,False,False,False,False,False,False,True,True,False,False,True,False,False,False
0.953161121720776,0.28239681108394526,0.28169014084507044,True,False,False,False,False,False,False,False,True,False,False,False,False,True,False,False,True,False,False,False,True
0.6258920494522063,0.4225323780462786,0.7605633802816901,True,False,False,False,False,False,False,False,False,False,True,False,True,False,False,False,True,False,False,False,False
0.8298321439340638,0.9380331081223086,0.7746478873239437,True,False,False,False,False,False,False,True,False,False,False,False,False,True,True,False,False,False,True,False,False
0.715046738365665,0.41598120917403836,0.5352112676056339,False,True,False,False,False,False,False,False,False,False,True,True,False,False,False,False,False,False,False,False,True
0.4741180018092271,0.11197735012925199,0.8732394366197184,False,True,False,False,False,False,False,False,False,False,False,True,False,False,False,False,False,False,False,True,False
0.7962609307468088,0.8001783407108208,0.8732394366197184,False,True,False,False,False,False,False,False,False,False,True,True,False,False,False,False,True,False,False,True,False
0.4684892954065736,0.6907159749041994,0.9859154929577465,False,True,False,False,False,False,False,False,False,True,False,False,False,False,False,False,False,True,False,False,False
0.6954467785707107,0.713557997259838,0.971830985915493,False,True,False,False,False,False,True,False,False,False,False,False,False,False,True,False,False,False,False,False,False
0.8122424364257715,0.70749921688212,0.5211267605633804,False,True,False,False,False,False,False,True,False,False,False,False,False,False,False,False,True,True,False,False,False
0.8380741783093779,0.15475710335454676,0.3943661971830986,True,False,False,False,False,False,False,True,False,False,False,False,False,True,True,False,False,True,False,False,False
0.8494321037290181,0.9238629278500737,0.5633802816901409,False,False,True,False,False,False,False,False,False,False,False,True,False,False,False,True,False,False,True,False,False
0.20152779173786314,0.23907763225184672,0.07042253521126761,False,False,False,False,False,False,False,False,False,False,True,False,True,False,False,False,False,False,False,False,False
0.5988541561966028,0.8747511786799785,0.6619718309859155,False,False,False,True,False,False,False,False,False,False,True,False,False,False,False,True,False,True,False,False,False
0.466881093577244,0.09054243798356904,0.3943661971830986,False,False,False,False,True,False,False,True,False,False,False,False,False,True,False,False,False,False,False,False,True
0.4693939089355715,0.5295868440199317,0.8873239436619719,False,True,False,False,False,False,False,False,False,True,False,False,False,False,False,False,True,False,False,False,True
0.4665795557342447,0.6102584939517279,1.0,False,False,True,False,False,False,True,False,False,False,False,False,True,False,False,True,False,False,False,False,True
0.014875866921298626,0.8638806017948162,0.323943661971831,False,False,False,False,False,False,False,False,False,False,True,False,False,False,False,True,False,False,False,True,False
0.13850638255101017,0.7559434393736658,0.6056338028169015,True,False,False,False,False,False,False,True,False,False,False,True,False,False,False,True,False,True,False,False,False
0.6606694140114585,0.16373718864183842,0.056338028169014086,False,False,False,False,True,False,False,False,False,False,True,False,False,True,False,False,False,False,False,True,False
0.9564780379937683,0.25977396165574645,0.8028169014084507,False,True,False,False,False,False,False,False,False,False,True,False,True,False,False,True,False,True,False,False,False
0.9008945622675646,0.2321181412134174,0.22535211267605634,False,False,True,False,False,False,False,False,False,True,False,False,False,True,False,False,False,False,False,True,False
0.848326464971354,0.8002383880882017,0.1267605633802817,False,False,True,False,False,False,False,False,False,False,True,False,False,True,True,False,False,False,True,False,False
0.7105236707206755,0.9253460980713784,0.6619718309859155,False,False,True,False,False,False,False,True,False,False,False,False,False,True,True,False,False,False,True,False,False
0.9929641169966833,0.27326060261546364,0.9295774647887325,True,False,False,False,False,False,False,False,True,False,False,True,False,False,False,False,False,False,False,False,False
0.22454518042014276,0.7979736011713242,0.8028169014084507,True,False,False,False,False,False,False,False,False,False,False,True,False,False,False,False,True,False,False,True,False
0.8210875464870842,0.9054934343196783,0.5070422535211268,False,False,False,False,False,True,False,False,False,False,False,False,False,False,False,True,False,True,False,False,False
0.11277515328173687,0.5122711819625685,0.7042253521126761,False,False,True,False,False,False,False,False,False,False,True,True,False,False,False,False,True,False,False,False,False
0.2671625288973766,0.4167378061290359,0.11267605633802817,False,False,True,False,False,False,False,False,False,False,True,True,False,False,False,False,False,False,False,False,True
0.30395014574329077,0.7446685434808064,0.5915492957746479,False,False,False,True,False,False,True,False,False,False,False,False,True,False,True,False,False,True,False,False,False
0.7951552919891447,0.7552008534733905,0.36619718309859156,True,False,False,False,False,False,False,False,False,False,False,False,True,False,False,True,False,False,False,True,False
0.9922605286963515,0.6602789600995186,0.28169014084507044,True,False,False,False,False,False,False,False,False,False,False,True,False,False,False,True,False,False,False,False,False
0.29128555633732034,0.4036314652260634,0.35211267605633806,False,False,False,True,False,False,False,False,False,True,False,True,False,False,False,False,True,False,False,True,False
0.07407779676349383,0.0864271910537414,0.15492957746478872,False,False,False,False,False,False,False,False,False,True,False,False,True,False,False,True,False,True,False,False,False
0.8671223238516435,0.38996668371345,1.0,False,False,False,False,False,False,False,False,False,False,True,False,True,False,False,False,False,False,False,False,True
0.19750728716453916,0.37604670084696834,0.5915492957746479,False,True,False,False,False,False,False,False,False,False,False,False,False,True,False,False,False,False,False,True,False
0.31601165946326265,0.48503869553077383,0.8450704225352113,False,False,False,True,False,False,True,False,False,False,False,True,False,False,False,True,False,True,False,False,False
0.7872147954568298,0.7599796239232756,0.647887323943662,False,False,False,True,False,False,False,False,False,False,False,False,False,True,True,False,False,False,False,False,False
0.6545381445371395,0.2860096616230206,0.7887323943661972,False,False,True,False,False,False,False,False,True,False,False,False,False,False,False,False,True,False,False,True,False
0.7541461453412404,0.992736268916175,0.4507042253521127,True,False,False,False,False,False,False,False,True,False,False,False,True,False,True,False,False,True,False,False,False
0.35742285656849937,0.04860134646235881,0.8028169014084507,False,True,False,False,False,True,False,False,False,False,False,False,False,True,False,False,True,False,False,False,True
0.6791637350487486,0.5386029577336519,0.25352112676056343,False,False,False,False,True,False,False,False,False,False,True,True,False,False,True,False,False,False,False,False,True
0.2592220323650618,0.8086059901262096,0.04225352112676056,True,False,False,False,False,False,False,True,False,False,False,False,False,False,False,True,False,False,False,False,False
0.25751331792139914,0.021172705264453657,0.18309859154929578,False,False,False,True,False,False,False,False,True,False,False,False,False,True,False,True,False,False,False,False,False
0.9442154990451302,0.20939921598140934,0.14084507042253522,False,False,True,False,False,False,True,False,False,False,False,True,False,False,False,False,True,False,False,False,True
0.7399738667202735,0.5599067664387202,0.1267605633802817,False,True,False,False,False,False,False,False,False,True,False,False,True,False,False,False,True,False,False,False,True
0.12483666700170871,0.34436370296163676,0.3802816901408451,False,False,False,False,True,False,True,False,False,False,False,True,False,False,False,False,True,False,False,False,True
0.7330384963312897,0.8978534063376005,0.9154929577464789,False,False,True,False,False,False,False,False,False,True,False,False,False,False,False,False,False,False,False,False,False
0.9919589908533522,0.538689025641231,0.49295774647887325,False,False,False,False,True,False,False,True,False,False,False,False,True,False,False,False,True,False,True,False,False
0.22323851643381248,0.3037906908550847,0.014084507042253521,False,False,False,False,False,False,True,False,False,False,False,False,True,False,False,False,False,False,False,True,False
0.6746406674037593,0.8224809374596557,0.8309859154929577,False,False,False,False,True,False,False,False,False,False,True,True,False,False,True,False,False,False,False,True,False
0.5359332596240829,0.5218647512887669,0.9154929577464789,False,True,False,False,False,False,False,True,False,False,False,False,False,True,False,False,True,False,True,False,False
0.5561362951050357,0.7584324031660981,0.6056338028169015,False,False,False,False,True,True,False,False,False,False,False,False,False,True,False,False,True,False,True,False,False
0.16705196502161024,0.9887251041071407,0.35211267605633806,False,False,False,False,False,False,False,False,True,False,False,False,False,False,False,True,False,False,False,False,False
0.6773545079907529,0.3253537040725133,0.9577464788732395,True,False,False,False,False,False,False,True,False,False,False,False,False,False,False,False,False,False,False,False,True
0.0506583576238818,0.2547099661633029,0.5633802816901409,False,False,False,True,False,False,False,False,True,False,False,False,True,False,False,False,False,False,False,False,False
0.5506081013167153,0.3389874611068133,0.35211267605633806,False,False,False,False,False,False,True,False,False,False,False,False,False,False,True,False,False,False,False,False,True
0.5731229269273295,0.16971190269122338,0.7464788732394366,False,False,False,True,False,True,False,False,False,False,False,False,False,True,True,False,False,False,False,False,False
0.7453010352799277,0.49123258250759855,0.9295774647887325,False,False,False,False,False,False,True,False,False,False,False,False,True,False,False,False,True,False,False,True,False
0.4888933561161926,0.3409450056094259,0.5070422535211268,False,False,True,False,False,False,False,False,False,False,False,True,False,False,False,False,False,False,False,True,False
0.35722183133983315,0.44609797129935524,1.0,False,False,False,False,False,False,True,False,False,False,False,True,False,False,True,False,False,False,False,False,True
0.13659664287868128,0.02799608891415327,0.295774647887324,True,False,False,False,False,False,False,False,False,False,True,True,False,False,False,False,True,False,True,False,False
0.6619760779977888,0.1804163484989657,0.7323943661971831,False,False,False,True,False,False,False,False,False,False,True,False,False,False,False,False,True,False,True,False,False
0.08071162930947834,0.676493753571568,0.6056338028169015,True,False,False,False,False,False,False,True,False,False,False,False,False,True,False,False,False,False,False,False,True
0.6172479646195598,0.9618919327349279,0.8873239436619719,False,False,False,True,False,False,False,True,False,False,False,True,False,False,True,False,False,False,False,True,False
0.5424665795557343,0.34518234887326105,0.33802816901408456,False,False,True,False,False,True,False,False,False,False,False,False,False,False,False,True,False,True,False,False,False
0.8782792240426174,0.2631906574287113,0.09859154929577466,False,False,True,False,False,True,False,False,False,False,False,False,True,False,False,False,True,True,False,False,False
0.8917479143632526,0.7915505333708296,0.4366197183098592,False,False,True,False,False,False,False,False,True,False,False,False,True,False,False,False,False,True,False,False,False
0.6475022615338226,0.5918619791015112,0.676056338028169,False,False,False,True,False,False,False,False,False,False,True,False,False,True,False,False,True,True,False,False,False
0.06121218212885717,0.18633501832946195,0.4084507042253521,False,False,False,False,True,False,False,False,True,False,False,False,False,True,True,False,False,True,False,False,False
0.4774349180822194,0.18745390112799,0.35211267605633806,False,False,False,True,False,False,False,False,False,True,False,False,True,False,False,True,False,False,False,False,False
0.8772740978992865,0.006036763006011744,0.9577464788732395,False,False,False,False,True,False,False,False,True,False,False,False,False,False,False,False,False,False,False,True,False
0.1530807116293095,0.7628398806658454,0.7746478873239437,True,False,False,False,False,False,False,False,False,False,False,False,False,False,False,False,True,False,False,True,False
0.2991255402553021,0.25617412138177026,0.3943661971830986,False,False,True,False,False,False,False,False,True,False,False,False,False,False,False,False,True,False,True,False,False
0.5436727309277315,0.4375552310773201,0.3943661971830986,False,False,False,False,True,False,False,True,False,False,False,False,False,True,False,True,False,False,False,False,False
0.6291084531108655,0.08049451016852296,0.7323943661971831,True,False,False,False,False,False,False,True,False,False,False,False,True,False,False,False,True,False,False,False,False
0.5916172479646196,0.967953715481515,0.9859154929577465,False,False,True,False,False,False,False,False,False,True,False,False,True,False,True,False,False,False,False,False,False
0.7942506784601467,0.934713488942776,0.04225352112676056,False,False,False,True,False,False,False,False,True,False,False,False,False,True,False,False,False,False,False,False,True
0.877776660970952,0.5477271567266574,0.295774647887324,False,True,False,False,False,False,False,False,False,False,True,False,False,True,False,True,False,False,False,False,False
0.9662277615840789,0.8091984575830331,0.35211267605633806,True,False,False,False,False,False,False,True,False,False,False,False,False,True,False,True,False,False,False,True,False
0.5262840486481054,0.2608197868117946,0.6619718309859155,False,False,False,True,False,False,False,False,False,False,False,False,True,False,False,False,False,False,True,False,False
0.03527992763091768,0.8412937807930457,0.676056338028169,False,False,True,False,False,True,False,False,False,False,False,True,False,False,False,False,True,True,False,False,False
0.6786611719770832,0.17475187923271462,0.9295774647887325,False,False,False,True,False,False,False,False,True,False,False,False,False,False,False,True,False,False,False,False,True
0.6701175997587698,0.7748003174504685,0.7323943661971831,False,False,True,False,False,False,False,False,False,True,False,False,False,False,False,True,False,False,True,False,False
0.37139410996080013,0.558373556736265,0.676056338028169,False,False,True,False,False,False,False,True,False,False,False,False,False,False,False,True,False,False,False,False,True
0.3646597648004825,0.6201212756865166,0.18309859154929578,False,False,True,False,False,False,False,False,False,True,False,False,True,False,False,True,False,False,False,True,False
0.4036586591617248,0.09028723662970084,0.7746478873239437,True,False,False,False,False,False,False,True,False,False,False,False,False,True,False,False,False,False,True,False,False
0.7682179113478743,0.44952667654779627,0.02816901408450704,False,False,False,True,False,False,False,False,False,True,False,False,False,True,True,False,False,False,False,False,False
0.5870941803196301,0.20758178202601854,0.5492957746478874,False,False,False,True,False,False,False,True,False,False,False,False,True,False,False,False,False,True,False,False,False
0.9357724394411499,0.9085418395113746,0.7323943661971831,False,False,True,False,False,False,False,False,False,True,False,False,True,False,False,False,True,False,False,False,False
0.47130364860790036,0.4708424947283407,0.8732394366197184,False,False,True,False,False,False,False,True,False,False,False,False,True,False,False,False,False,False,True,False,False
0.027238918484269778,0.3418947549616648,0.4225352112676057,True,False,False,False,False,True,False,False,False,False,False,False,True,False,True,False,False,False,False,False,False
0.9875364358226959,0.3167168896259149,0.7605633802816901,False,False,True,False,False,False,False,False,False,False,False,False,False,False,False,False,False,True,False,False,False
0.2708814956277013,0.633541864531115,0.2112676056338028,False,True,False,False,False,True,False,False,False,False,False,False,False,True,False,False,True,False,False,False,False
0.23600361845411602,0.12353947264391606,0.5915492957746479,True,False,False,False,False,False,False,False,False,False,True,False,True,False,False,False,True,False,False,True,False
0.798371695647804,0.30572221482749895,0.6056338028169015,False,False,False,False,False,False,False,False,False,False,True,False,False,True,True,False,False,False,True,False,False
0.03176198612925923,0.7030727243795355,0.46478873239436624,False,False,False,False,True,False,False,False,False,False,True,False,True,False,True,False,False,False,False,False,False
0.7265051763996382,0.010923618735182059,0.46478873239436624,False,True,False,False,False,False,False,False,False,True,False,False,False,False,False,False,False,False,False,False,False
0.737561563976279,0.007967286188802967,0.9577464788732395,False,False,False,False,True,False,False,False,False,False,False,False,True,False,False,False,False,False,False,False,False
0.5256809729621068,0.021402886877746545,0.6619718309859155,False,False,False,True,False,False,False,False,False,False,False,True,False,False,False,False,True,False,False,False,True
0.9458237008744598,0.006928466560115932,0.08450704225352114,False,True,False,False,False,False,False,True,False,False,False,True,False,False,False,False,True,False,False,False,False
0.011257412805307069,0.06108719779906347,0.8028169014084507,False,False,False,False,True,True,False,False,False,False,False,False,False,False,False,True,False,True,False,False,False
0.0032164036586591624,0.6836874293817823,0.9577464788732395,False,False,False,False,False,False,False,True,False,False,False,True,False,False,False,False,True,True,False,False,False
0.9087345461855464,0.6547255784814219,0.5915492957746479,True,False,False,False,False,False,False,True,False,False,False,False,True,False,False,True,False,True,False,False,False
0.3250577947532416,0.31109545431345337,0.9295774647887325,False,False,False,False,False,False,False,False,False,False,False,False,False,False,False,False,True,False,True,False,False
0.6315207558548598,0.18492990969875234,0.02816901408450704,True,False,False,False,False,True,False,False,False,False,False,False,False,True,False,False,True,False,False,True,False
0.27460046235802593,0.1820976750656268,0.1267605633802817,False,True,False,False,False,False,False,True,False,False,False,True,False,False,False,False,False,False,False,False,False
0.07267062016283045,0.8006877426289343,0.4225352112676057,False,False,True,False,False,False,False,False,True,False,False,False,False,True,False,False,True,False,False,False,True
0.46718263142024324,0.1474533406858011,0.943661971830986,False,False,False,False,False,False,False,False,False,False,False,False,False,True,True,False,False,False,False,False,False
0.8001809227057997,0.9242162065869972,0.8309859154929577,False,False,False,True,False,False,False,False,False,False,False,True,False,False,True,False,False,False,False,True,False
0.11367976681073476,0.41879943275244175,0.4225352112676057,False,False,False,True,False,True,False,False,False,False,False,True,False,False,False,False,False,False,False,True,False
0.14664790431199118,0.9148908488797662,0.0,False,False,False,True,False,True,False,False,False,False,False,False,False,True,False,True,False,False,False,False,False
0.20293496833852653,0.3446369185287192,0.9577464788732395,False,False,False,False,True,False,False,False,False,False,False,False,False,True,False,False,True,False,False,False,False
0.3654638657151473,0.11657397686774866,0.08450704225352114,False,False,False,False,False,False,False,False,False,False,True,True,False,False,False,False,False,False,False,False,True
0.10423158106342346,0.8125601099267322,0.2112676056338028,False,False,True,False,False,True,False,False,False,False,False,True,False,False,False,False,False,True,False,False,False
0.17760578952658562,0.3462391827151623,0.49295774647887325,True,False,False,False,False,False,False,False,True,False,False,False,False,False,False,True,False,False,False,True,False
0.13458639059201932,0.030525084291506,0.5915492957746479,False,False,True,False,False,False,False,False,True,False,False,True,False,False,False,False,True,False,True,False,False
0.15207558548597852,0.6639118264310542,0.7887323943661972,False,False,False,False,False,False,True,False,False,False,False,False,True,False,False,False,True,True,False,False,False
0.32385164338124434,0.2207281545139115,0.647887323943662,False,True,False,False,False,False,True,False,False,False,False,False,True,False,False,False,True,False,False,False,True
0.9702482661574029,0.10014101125788248,0.4225352112676057,False,False,False,False,False,False,False,False,False,False,False,False,True,False,True,False,False,False,False,True,False
0.7551512714845713,0.1954632204809595,0.971830985915493,False,False,False,False,True,True,False,False,False,False,False,False,True,False,False,True,False,True,False,False,False
0.6403658659161725,0.7081127009210267,0.5633802816901409,False,True,False,False,False,False,False,True,False,False,False,False,True,False,False,True,False,False,False,False,True
0.9914564277816867,0.45636807441071015,0.9154929577464789,False,False,True,False,False,False,False,True,False,False,False,True,False,False,False,True,False,True,False,False,False
0.7539451201125742,0.03683506286460018,0.7183098591549296,False,True,False,False,False,False,False,False,True,False,False,False,False,True,False,False,False,False,False,False,False
0.11237310282440446,0.8906927565849456,0.3802816901408451,False,False,False,False,False,False,True,False,False,False,False,False,True,False,True,False,False,False,False,False,False
0.33510905618655146,0.4402813820104063,0.056338028169014086,True,False,False,False,False,False,False,False,True,False,False,False,True,False,False,False,False,True,False,False,False
0.38586792642476636,0.400644108201371,0.49295774647887325,True,False,False,False,False,False,False,True,False,False,False,True,False,False,True,False,False,True,False,False,False
0.8972761081515731,0.13404576210630187,0.8732394366197184,False,False,True,False,False,False,False,False,False,False,False,False,True,False,False,False,True,True,False,False,False
0.1458438033973264,0.40637963353085593,0.8591549295774649,False,False,False,False,False,False,False,False,False,False,True,True,False,False,False,True,False,True,False,False,False
0.9838174690923711,0.6616810663613591,0.4084507042253521,False,False,False,False,True,False,False,False,True,False,False,True,False,False,False,False,False,False,True,False,False
0.23107850035179417,0.6429172617194967,0.46478873239436624,False,False,False,False,True,True,False,False,False,False,False,False,False,True,False,True,False,True,False,False,False
0.08975776459945724,0.4930520180422354,0.6056338028169015,False,False,False,True,False,False,False,False,True,False,False,False,False,False,True,False,False,False,True,False,False
0.9736656950447282,0.9669088911150899,0.4366197183098592,False,True,False,False,False,False,False,False,True,False,False,False,True,False,False,True,False,True,False,False,False
0.731329781887627,0.6875014386350832,0.09859154929577466,False,False,True,False,False,False,False,False,False,False,True,False,True,False,False,True,False,False,False,False,True
0.7874158206854961,0.7334586989134427,0.25352112676056343,False,False,True,False,False,False,False,False,False,True,False,False,False,True,False,True,False,False,False,False,True
0.030254296914262742,0.6617791437444144,0.18309859154929578,False,False,False,True,False,False,False,False,False,False,True,False,False,False,False,True,False,False,False,False,False
0.24947230877475127,0.6446226072371101,0.7887323943661972,False,False,False,False,True,False,False,False,True,False,False,False,False,True,False,False,False,True,False,False,False
0.5857875163332998,0.8618930336035132,0.19718309859154928,False,False,True,False,False,False,False,False,False,False,False,False,False,True,False,False,False,False,False,False,True
0.736355412604282,0.393075136282527,0.5070422535211268,False,False,False,False,True,False,False,False,False,False,True,False,False,True,False,False,True,True,False,False,False
0.2669615036687104,0.999909928933929,0.647887323943662,False,False,False,False,True,False,False,True,False,False,False,False,False,False,False,False,False,False,True,False,False
0.77716353402352,0.9358864143809467,0.8450704225352113,False,False,False,False,True,False,False,False,True,False,False,False,False,False,False,False,False,False,True,False,False
0.5577444969343653,0.7247558323517256,0.28169014084507044,False,False,False,True,False,False,False,False,True,False,False,False,False,False,False,False,False,True,False,False,False
0.5551311689617047,0.7511476555001897,0.4084507042253521,False,False,False,False,False,False,False,False,False,False,False,False,False,True,False,False,False,False,False,False,False
0.06975575434717057,0.5523698197878126,0.5774647887323944,True,False,False,False,False,False,False,False,False,False,True,False,True,False,False,True,False,False,False,False,False
0.3675746306161424,0.9029424215706193,0.11267605633802817,False,False,True,False,False,False,False,False,False,False,False,True,False,False,False,False,False,True,False,False,False
0.7555533219419038,0.4131950108635714,0.36619718309859156,False,False,False,True,False,False,False,True,False,False,False,False,False,False,False,False,True,True,False,False,False
0.5597547492210273,0.11402296411868966,0.8028169014084507,True,False,False,False,False,False,False,False,False,True,False,True,False,False,False,False,True,False,False,False,False
0.703889838174691,0.3632946394705423,0.5492957746478874,True,False,False,False,False,False,True,False,False,False,False,False,False,False,False,False,True,False,False,False,False
0.6359433108855163,0.3044341985826818,0.7464788732394366,False,False,False,False,True,False,False,False,False,False,True,False,False,True,True,False,False,True,False,False,False
0.3239521559955774,0.15285059912270782,0.5070422535211268,False,False,False,False,True,False,False,False,True,False,False,False,False,False,False,False,True,False,False,False,True
0.2147954568298322,0.7413138966644683,0.9154929577464789,True,False,False,False,False,False,False,False,False,False,False,True,False,False,False,False,False,False,True,False,False
0.7194692933963213,0.26101193841941295,0.25352112676056343,False,True,False,False,False,False,False,True,False,False,False,True,False,False,False,False,False,False,False,False,True
0.5359332596240829,0.688132936887204,0.23943661971830985,False,False,False,False,True,False,False,False,False,False,True,False,False,True,False,False,True,False,True,False,False
0.02814353201326767,0.044638219555229085,0.943661971830986,False,False,False,False,False,True,False,False,False,False,False,False,False,True,False,False,False,True,False,False,False
0.1355915167353503,0.689801253188766,0.8591549295774649,True,False,False,False,False,False,False,False,False,False,False,False,True,False,False,True,False,False,False,False,False
0.9346668006834858,0.7028185238152903,0.5352112676056339,True,False,False,False,False,False,True,False,False,False,False,False,False,False,True,False,False,True,False,False,False
0.9727610815157304,0.08568160278459705,0.25352112676056343,False,True,False,False,False,False,False,False,False,False,False,True,False,False,False,True,False,False,True,False,False
0.16775555332194195,0.8996668371344991,0.9154929577464789,True,False,False,False,False,True,False,False,False,False,False,True,False,False,True,False,False,False,False,True,False
0.5398532515830737,0.1573671626913635,0.46478873239436624,True,False,False,False,False,False,False,False,True,False,False,True,False,False,False,True,False,False,False,False,True
0.6410694542165042,0.6437979565877477,0.33802816901408456,True,False,False,False,False,False,True,False,False,False,False,False,True,False,False,True,False,False,False,False,True
0.7117298220926728,0.003185513370048969,0.08450704225352114,False,False,False,True,False,True,False,False,False,False,False,True,False,False,False,False,True,False,False,False,False
0.5207558548597849,0.2594867350339418,0.014084507042253521,False,False,True,False,False,False,False,False,False,False,False,False,False,False,False,False,False,True,False,False,False
0.40647301236305156,0.6990485493054021,1.0,False,True,False,False,False,False,False,False,False,True,False,True,False,False,False,True,False,False,False,True,False
0.31872550005025635,0.4825307167355044,0.295774647887324,False,False,False,True,False,False,True,False,False,False,False,False,True,False,True,False,False,False,False,True,False
0.20042215298019905,0.6183328646301932,0.6619718309859155,False,False,False,False,False,False,False,False,True,False,False,False,True,False,False,True,False,False,False,False,True
0.5946326263946126,0.8552117620802814,0.08450704225352114,False,False,False,True,False,False,True,False,False,False,False,False,False,True,True,False,False,False,False,False,False
0.5611619258216907,0.5952026148631271,0.5633802816901409,False,False,False,False,True,True,False,False,False,False,False,False,False,True,False,False,True,False,True,False,False
0.017489194893959198,0.8139241861828984,0.7464788732394366,False,False,False,False,True,False,True,False,False,False,False,False,False,False,False,True,False,False,False,False,True
0.8196803698864208,0.3223573399412137,0.6338028169014085,False,False,False,False,False,False,False,False,False,False,True,False,True,False,False,True,False,False,False,True,False
0.11478540556839884,0.5570314978518051,0.46478873239436624,False,False,False,False,False,False,False,True,False,False,False,False,False,True,False,False,True,False,False,True,False
0.5460850336717258,0.9670069684981452,0.19718309859154928,False,False,False,False,False,False,False,True,False,False,False,False,False,False,False,True,False,False,False,False,False
0.3585284953261635,0.8133827589968485,0.6056338028169015,False,False,False,False,True,False,False,False,False,True,False,False,True,False,True,False,False,True,False,False,False
0.7996783596341341,0.40069915163063663,0.9295774647887325,False,False,False,False,True,False,True,False,False,False,False,False,False,True,False,True,False,False,False,True,False
0.7473112875665896,0.5493094051206402,0.35211267605633806,False,True,False,False,False,False,False,False,False,True,False,False,False,False,False,True,False,True,False,False,False
0.7388682279626094,0.9572242499331973,0.676056338028169,False,False,False,True,False,False,True,False,False,False,False,False,False,True,False,False,False,True,False,False,False
0.4593426475022616,0.24513941499843378,0.7887323943661972,False,False,False,False,True,False,True,False,False,False,False,True,False,False,False,False,False,False,False,False,False
0.09136596642878682,0.9130273786017168,0.04225352112676056,True,False,False,False,False,False,False,False,True,False,False,False,True,False,False,False,True,False,False,True,False
0.8110362850537743,0.3619465758483444,0.056338028169014086,True,False,False,False,False,False,False,False,False,False,True,True,False,False,False,True,False,False,False,False,True
0.4251683586290079,0.8629208445463471,0.6056338028169015,False,False,False,False,True,False,False,False,False,False,True,False,False,False,False,False,True,False,False,True,False
0.32314805508091266,0.31320712041800985,0.7042253521126761,False,False,False,True,False,False,False,False,False,False,True,True,False,False,False,False,False,True,False,False,False
0.17579656246858982,0.5930529187528961,0.36619718309859156,True,False,False,False,False,False,False,False,False,False,False,False,False,True,False,False,False,False,False,True,False
0.3033470700572922,0.9340669788463098,0.49295774647887325,False,False,False,False,True,False,False,False,False,False,False,True,False,False,False,False,False,False,False,True,False
0.8203839581867526,0.054674137894799,0.6056338028169015,False,False,False,False,False,False,True,False,False,False,False,False,False,False,True,False,False,False,False,False,True
0.9461252387174591,0.4811356160010249,0.1267605633802817,False,False,False,False,True,True,False,False,False,False,False,False,False,False,False,True,False,False,False,False,False
0.5380440245250779,0.10992272903320721,0.9154929577464789,False,True,False,False,False,False,False,False,False,False,False,False,False,True,False,True,False,False,False,False,True
0.1009146647904312,0.7417532433089709,0.9577464788732395,False,False,False,False,False,False,True,False,False,False,False,True,False,False,False,False,False,False,False,False,True
0.34083827520353804,0.9283344558856939,0.056338028169014086,False,False,True,False,False,True,False,False,False,False,False,False,False,True,False,False,False,False,False,False,True
0.8419941702683688,0.3989047358365751,0.7183098591549296,False,False,False,False,True,True,False,False,False,False,False,False,True,False,False,False,True,False,False,True,False
0.34757262036385567,0.04244048554309351,0.5774647887323944,False,False,False,True,False,False,False,False,False,True,False,False,False,False,False,False,False,True,False,False,False
0.4483867725399538,0.5456194937805929,0.33802816901408456,False,True,False,False,False,False,False,True,False,False,False,True,False,False,True,False,False,False,False,False,True
0.9254196401648407,0.8140072517216084,0.36619718309859156,False,True,False,False,False,False,False,False,False,True,False,False,True,False,True,False,False,True,False,False,False
0.13056588601869537,0.34567373657816025,0.07042253521126761,False,False,False,True,False,False,False,False,False,False,False,False,False,False,False,False,True,False,False,False,False
0.07960599055181426,0.029270094104248256,0.8450704225352113,False,False,True,False,False,True,False,False,False,False,False,True,False,False,True,False,False,False,True,False,False
0.9247160518645091,0.03361352106812276,0.11267605633802817,False,False,True,False,False,False,True,False,False,False,False,True,False,False,True,False,False,False,False,True,False
0.6362448487285155,0.3412282290727385,0.11267605633802817,False,False,False,False,True,False,False,False,False,False,False,False,True,False,False,True,False,True,False,False,False
0.4056689114483868,0.5651018653717783,0.07042253521126761,False,False,False,True,False,False,False,False,False,False,False,False,False,True,False,False,True,False,True,False,False
0.79143632525882,0.8623924276253965,0.6056338028169015,True,False,False,False,False,False,False,False,False,False,False,False,False,False,False,False,True,False,False,False,True
0.36837873153080714,0.2409170835789438,0.7746478873239437,False,True,False,False,False,False,False,False,False,True,False,False,False,False,False,False,False,True,False,False,False
0.6187556538345563,0.3209872589473095,0.5070422535211268,False,True,False,False,False,False,True,False,False,False,False,True,False,False,False,False,True,False,False,False,True
0.3068650115589507,0.47233467205625246,0.323943661971831,False,False,True,False,False,True,False,False,False,False,False,False,True,False,False,False,True,False,True,False,False
0.8246054879887428,0.03384270189179263,0.619718309859155,False,True,False,False,False,False,False,True,False,False,False,True,False,False,False,True,False,False,True,False,False
0.34073776258920496,0.09767106246828748,0.7605633802816901,True,False,False,False,False,False,True,False,False,False,False,True,False,False,False,False,True,False,False,False,True
0.7206754447683186,0.555822543987206,0.04225352112676056,False,False,True,False,False,True,False,False,False,False,False,False,False,True,False,True,False,False,False,False,False
0.5199517539451202,0.44926346887694396,0.5352112676056339,False,False,False,False,True,False,False,True,False,False,False,False,False,False,True,False,False,False,True,False,False
0.0669414011458438,0.36848473445548546,0.295774647887324,False,True,False,False,False,False,False,False,False,True,False,False,True,False,False,False,False,False,False,True,False
0.7812845512111771,0.30999558651776254,0.7323943661971831,False,True,False,False,False,False,False,False,True,False,False,False,False,False,True,False,False,False,False,False,False
0.2472610312594231,0.9873350073207762,0.9859154929577465,False,False,True,False,False,False,False,False,False,True,False,False,True,False,False,False,True,False,False,False,True
0.884913056588602,0.5181658328421125,0.323943661971831,False,False,False,False,False,False,False,False,False,True,False,True,False,False,False,False,True,True,False,False,False
0.49261232284651724,0.0724151355419426,0.8732394366197184,False,False,True,False,False,False,False,False,False,True,False,False,False,True,False,False,True,False,True,False,False
0.03598351593124938,0.5028147208147228,0.19718309859154928,False,False,False,False,False,False,False,False,False,False,True,False,False,True,False,False,True,False,False,False,True
0.8926525278922506,0.3764590261716495,0.7042253521126761,False,False,True,False,False,False,False,False,False,True,False,False,False,True,False,True,False,False,False,False,False
0.8850135692029351,0.6987242934675459,0.9154929577464789,False,False,True,False,False,False,True,False,False,False,False,False,False,True,False,False,False,True,False,False,False
0.047844004422555035,0.5592122184403495,0.7183098591549296,False,False,False,False,True,True,False,False,False,False,False,True,False,False,False,True,False,False,False,False,True
0.17157503266659968,0.2360152160054283,0.5211267605633804,False,False,False,True,False,False,False,False,False,True,False,False,False,True,False,False,False,False,False,True,False
0.0754849733641572,0.5348449926992397,0.02816901408450704,False,False,False,False,False,False,False,True,False,False,False,False,True,False,False,False,True,False,False,True,False
0.3956176500150769,0.2623940288887933,0.4507042253521127,True,False,False,False,False,False,False,False,False,True,False,False,False,True,False,False,False,True,False,False,False
0.11166951452407277,0.8489478198298458,0.6619718309859155,False,False,False,False,True,False,False,False,False,False,True,False,False,True,False,True,False,True,False,False,False
0.7385666901196101,0.6100092973355978,0.08450704225352114,False,True,False,False,False,False,False,False,False,True,False,False,False,False,True,False,False,False,False,False,True
0.6569504472811338,0.9792166018988983,0.5352112676056339,False,True,False,False,False,False,False,False,True,False,False,True,False,False,False,True,False,False,False,False,False
0.4096894160217107,0.659830606348409,0.7464788732394366,False,False,False,True,False,False,False,False,False,True,False,True,False,False,True,False,False,True,False,False,False
0.6420745803598352,0.08799943155149413,0.7183098591549296,False,False,False,False,False,False,False,False,False,True,False,False,True,False,False,False,False,False,False,False,False
0.7489194893959193,0.7716188072389115,0.5211267605633804,False,False,True,False,False,False,False,False,False,False,False,False,False,False,False,False,False,False,False,False,False
0.012363051562971156,0.09120796308287239,0.47887323943661975,False,False,False,False,True,False,False,False,False,False,False,False,False,False,False,True,False,False,False,False,False
0.008543572218313401,0.37516400439947123,0.6619718309859155,False,False,True,False,False,False,False,True,False,False,False,False,False,True,True,False,False,False,False,True,False
0.7074077796763494,0.04297590799140523,0.5915492957746479,False,False,False,False,True,False,False,False,False,True,False,False,False,True,False,True,False,False,False,False,False
0.317418836063926,0.42913859034778445,0.7746478873239437,False,False,False,True,False,False,False,False,False,False,True,False,False,True,False,False,False,False,False,False,False
0.6884108955673938,0.5262181861488715,0.8591549295774649,False,False,True,False,False,False,False,True,False,False,False,False,False,False,False,True,False,False,False,False,True
0.09317519348678259,0.6218366291003602,0.971830985915493,False,True,False,False,False,False,False,False,False,True,False,True,False,False,True,False,False,False,False,False,False
0.14101919790933765,0.8579409153822366,0.7605633802816901,False,False,False,False,False,False,False,False,False,False,True,True,False,False,False,False,True,True,False,False,False
0.32726907226856977,0.6449258464928829,0.8873239436619719,False,False,False,False,True,False,False,False,False,False,False,True,False,False,False,True,False,True,False,False,False
0.6745401547894261,0.2426144227795731,0.5070422535211268,False,True,False,False,False,False,False,False,True,False,False,False,False,True,True,False,False,False,False,False,True
0.8523469695446779,0.15492323443196684,0.16901408450704225,False,True,False,False,False,False,False,False,True,False,False,False,False,True,False,True,False,True,False,False,False
0.7958588802894765,0.7127843868812493,0.6901408450704226,False,True,False,False,False,False,False,False,False,False,False,False,True,False,True,False,False,False,False,False,False
0.6168459141622273,0.2987527158928395,0.16901408450704225,False,False,True,False,False,False,True,False,False,False,False,False,False,True,False,False,True,True,False,False,False
0.044426575535229676,0.7836743190377208,0.7605633802816901,False,True,False,False,False,False,False,False,False,False,True,True,False,False,False,False,True,False,False,False,False
0.9997989747713338,0.9507771631817504,0.3943661971830986,False,False,True,False,False,False,False,True,False,False,False,False,False,False,False,True,False,False,False,False,False
0.954065735249774,0.9181484191026721,0.4084507042253521,True,False,False,False,False,True,False,False,False,False,False,True,False,False,False,False,False,False,False,False,True
0.4269775856870037,0.19436235189564569,0.5070422535211268,False,False,False,False,True,True,False,False,False,False,False,False,True,False,False,False,False,True,False,False,False
0.6826816765504071,0.7790346583454346,0.9014084507042254,True,False,False,False,False,False,False,False,False,False,True,False,False,True,False,False,True,False,True,False,False
0.3582269574831642,0.6688777445404425,0.8450704225352113,False,False,False,False,True,False,True,False,False,False,False,False,False,True,False,False,False,False,False,True,False
0.6961503668710425,0.824577591719867,0.22535211267605634,False,False,False,False,True,False,False,True,False,False,False,False,False,True,False,False,True,False,False,True,False
0.025329178811940904,0.510953142029061,0.2112676056338028,False,False,True,False,False,False,False,True,False,False,False,False,False,True,False,True,False,False,True,False,False
0.8622977183636548,0.4044901427226082,0.02816901408450704,False,True,False,False,False,False,False,True,False,False,False,False,False,True,False,False,False,False,False,False,False
0.058397828927530405,0.7424347810422424,0.9295774647887325,False,False,False,False,True,False,False,False,True,False,False,False,False,False,False,False,True,False,False,False,False
0.2709820082420344,0.9737322747647895,0.8732394366197184,False,False,True,False,False,False,False,False,True,False,False,False,True,False,False,False,True,False,False,False,False
0.6913257613830537,0.8909539626765519,0.056338028169014086,False,False,False,False,False,False,True,False,False,False,False,False,False,False,True,False,False,False,False,True,False
0.6881093577243944,0.7110330050409773,0.23943661971830985,False,False,False,False,True,True,False,False,False,False,False,False,True,False,False,False,True,False,False,True,False
0.023620464368278225,0.030483051127339473,0.7042253521126761,False,False,False,False,True,False,False,False,False,True,False,False,True,False,False,True,False,False,False,False,False
0.5353301839380843,0.15305175783693337,0.7887323943661972,False,False,False,False,True,False,True,False,False,False,False,False,False,True,False,False,True,False,True,False,False
0.2545984521057393,0.09635802648289502,0.5774647887323944,False,False,False,False,False,False,False,True,False,False,False,True,False,False,True,False,False,False,False,True,False
0.43481756960498547,0.9601305429984258,0.4366197183098592,False,False,False,False,True,False,False,False,True,False,False,False,True,False,False,False,False,True,False,False,False
0.08995878982812343,0.5018359485634165,0.15492957746478872,False,False,True,False,False,False,False,False,False,False,True,False,False,False,True,False,False,False,True,False,False
0.6339330585988542,0.35848484454234397,0.35211267605633806,False,True,False,False,False,False,False,False,True,False,False,False,False,True,False,True,False,False,False,False,True
0.10855362347974672,0.06409857377470825,0.5915492957746479,False,True,False,False,False,False,False,True,False,False,False,True,False,False,False,False,False,False,False,True,False
0.8202834455724194,0.023277365841649064,0.9577464788732395,False,False,False,False,False,True,False,False,False,False,False,False,False,False,False,True,False,False,True,False,False
0.047341441350889545,0.022228538316731904,0.09859154929577466,False,True,False,False,False,False,False,False,True,False,False,False,False,True,True,False,False,False,False,False,False
0.9875364358226959,0.8952153248913394,0.8169014084507042,False,False,False,False,True,False,True,False,False,False,False,True,False,False,False,True,False,True,False,False,False
0.5512111770027139,0.2589563165337452,0.02816901408450704,True,False,False,False,False,False,False,False,False,False,False,False,False,True,True,False,False,False,False,False,True
0.11920796059905518,0.9874701139198828,0.7605633802816901,False,True,False,False,False,False,False,False,False,False,False,False,False,True,False,False,False,False,True,False,False
0.060106543371193095,0.7277511956934022,0.6901408450704226,False,False,False,False,False,False,False,True,False,False,False,True,False,False,False,False,False,False,True,False,False
0.5631721781083526,0.5428543120522092,0.5633802816901409,False,False,True,False,False,False,False,False,False,True,False,False,True,False,False,False,True,True,False,False,False
0.40858377726404665,0.3520477656871272,0.1267605633802817,False,False,False,True,False,True,False,False,False,False,False,False,True,False,True,False,False,False,False,True,False
0.3953161121720776,0.5715479513336023,0.09859154929577466,True,False,False,False,False,False,False,True,False,False,False,False,True,False,False,True,False,True,False,False,False
0.4733139008945623,0.9335835974583947,0.4084507042253521,False,False,False,False,True,False,False,True,False,False,False,True,False,False,True,False,False,True,False,False,False
0.9806010654337121,0.8847760883336954,0.7605633802816901,False,False,True,False,False,False,False,False,False,False,False,True,False,False,True,False,False,False,False,False,False
0.570610111569002,0.7621783587250341,0.9295774647887325,False,False,False,True,False,False,False,False,True,False,False,False,True,False,False,False,False,False,False,False,True
0.8241029249170772,0.3511830834528444,0.7887323943661972,False,False,False,False,False,False,True,False,False,False,False,False,True,False,False,True,False,False,False,False,True
0.37420846316212686,0.15780751012548902,0.5915492957746479,True,False,False,False,False,False,False,True,False,False,False,False,False,True,True,False,False,False,False,False,False
0.7734445672931954,0.6323939588335197,0.647887323943662,False,False,False,False,True,False,True,False,False,False,False,False,False,True,False,True,False,False,False,False,False
0.7540456327269073,0.3521038099060159,0.5352112676056339,False,False,False,False,False,False,True,False,False,False,False,True,False,False,False,False,True,False,False,False,True
0.10835259825108051,0.5041387654859685,0.7605633802816901,False,False,False,True,False,False,False,False,False,False,True,False,False,False,False,False,True,False,False,False,False
0.36375515127148456,0.739140181603285,0.619718309859155,False,False,False,False,False,False,False,False,False,False,True,False,False,True,False,False,False,False,False,False,True
0.792340938787818,0.5555413221031394,0.4507042253521127,False,False,False,True,False,False,False,False,False,False,False,False,False,True,True,False,False,False,False,True,False
0.5958387777666098,0.6819700743886927,0.7183098591549296,False,False,False,False,True,False,False,False,False,False,False,True,False,False,False,False,True,False,False,False,True
0.38345562368077196,0.19734070181373106,0.19718309859154928,False,False,False,False,False,False,False,False,False,True,False,False,True,False,False,False,False,False,False,False,True
0.852246456930345,0.6854077867437408,0.7323943661971831,False,True,False,False,False,False,False,False,False,False,False,False,False,False,False,False,False,False,True,False,False
0.3717961604181325,0.835965576840127,0.18309859154929578,False,False,False,True,False,False,False,False,False,True,False,True,False,False,False,False,True,False,False,False,True
0.48316413709920597,0.9078392851960198,0.4507042253521127,False,False,True,False,False,True,False,False,False,False,False,False,False,True,True,False,False,False,False,True,False
0.025128153583274707,0.2979070486613939,0.2112676056338028,False,False,True,False,False,False,False,False,False,True,False,False,False,True,False,False,False,False,False,True,False
0.32726907226856977,0.018169335605792973,0.16901408450704225,False,False,True,False,False,False,False,False,False,True,False,False,False,True,False,False,False,False,False,False,True
0.7076088049050157,0.4907341892753383,0.971830985915493,True,False,False,False,False,True,False,False,False,False,False,False,True,False,False,True,False,True,False,False,False
0.3781284551211177,0.3944642322792684,0.4507042253521127,False,False,True,False,False,False,False,True,False,False,False,False,True,False,True,False,False,False,True,False,False
0.34867825912151973,0.15512439314619236,0.2112676056338028,False,False,False,False,False,False,False,False,False,False,True,False,True,False,False,False,True,False,False,True,False
0.8885315107045936,0.44432557287700003,0.5211267605633804,False,False,False,True,False,True,False,False,False,False,False,True,False,False,False,False,True,False,True,False,False
0.07498241029249171,0.7702116970289559,0.8028169014084507,False,True,False,False,False,False,False,True,False,False,False,False,False,True,True,False,False,False,False,True,False
0.662177103226455,0.6085761665954439,0.18309859154929578,False,False,False,True,False,False,False,False,False,True,False,False,False,False,False,False,True,False,False,False,True
0.9141622273595338,0.4710606668661575,0.9859154929577465,False,False,False,False,False,False,False,True,False,False,False,False,False,False,True,False,False,False,False,False,False
0.634737159513519,0.3110744377313701,0.49295774647887325,False,True,False,False,False,False,False,False,False,True,False,False,True,False,False,True,False,False,False,False,False
0.841190069353704,0.3902929411305521,0.4225352112676057,False,False,False,False,False,False,False,False,True,False,False,True,False,False,False,False,True,False,False,False,False
0.2799276309176802,0.6048392181431149,0.46478873239436624,False,False,False,False,True,False,False,False,True,False,False,False,False,True,False,False,True,False,False,False,True
0.8415921198110364,0.5684014687588508,0.5211267605633804,False,False,False,False,True,False,True,False,False,False,False,False,False,True,False,False,False,True,False,False,False
0.2954065735249774,0.26746502990859794,0.16901408450704225,False,False,False,False,True,False,False,False,False,False,True,True,False,False,False,False,True,False,False,False,False
0.054779374811538856,0.5925285049904375,0.1267605633802817,True,False,False,False,False,True,False,False,False,False,False,True,False,False,False,True,False,False,False,True,False
0.8478239018996885,0.6390912429907197,0.35211267605633806,False,False,False,False,False,False,True,False,False,False,False,True,False,False,False,True,False,False,False,True,False
0.28465172379133585,0.4461710289418352,0.9154929577464789,False,True,False,False,False,False,False,False,False,False,True,False,False,True,False,False,True,False,False,True,False
0.22092672630415122,0.010021907284847746,0.1267605633802817,False,False,False,False,False,False,True,False,False,False,False,False,True,False,True,False,False,False,True,False,False
0.9736656950447282,0.7963993590943255,0.26760563380281693,False,False,False,False,True,False,False,False,True,False,False,False,True,False,False,False,False,False,False,True,False
0.5309076289074279,0.055011403997754234,0.6056338028169015,False,False,False,False,True,False,False,False,False,False,True,False,False,True,False,False,True,False,False,False,True
0.6293094783395317,0.5793240867044098,0.07042253521126761,False,False,False,False,False,False,False,False,True,False,False,False,False,False,True,False,False,False,True,False,False
0.7004724092873656,0.7915665460047978,0.8450704225352113,True,False,False,False,False,False,False,False,False,False,False,False,False,True,True,False,False,False,False,True,False
0.9226052869635141,0.72797637335858,0.8732394366197184,True,False,False,False,False,False,False,False,True,False,False,False,False,True,False,True,False,False,True,False,False
0.980701578048045,0.608751304779471,0.4225352112676057,True,False,False,False,False,False,False,False,True,False,False,False,True,False,True,False,False,False,False,False,False
0.13528997889235103,0.49663484489262033,0.619718309859155,False,False,False,False,True,False,False,False,False,True,False,False,False,True,False,False,True,True,False,False,False
0.5668911448386773,0.35374210251888744,0.8169014084507042,True,False,False,False,False,False,False,False,False,True,False,False,False,True,False,True,False,True,False,False,False
0.32355010553824504,0.7137231275476351,0.35211267605633806,False,False,False,True,False,False,False,False,False,False,False,True,False,False,False,True,False,False,False,True,False
0.6994672831440347,0.4177365941728024,0.49295774647887325,False,False,False,False,False,False,False,False,True,False,False,False,False,True,True,False,False,False,True,False,False
0.2223339029048146,0.05083510890092284,0.49295774647887325,False,False,False,True,False,False,False,False,False,False,False,False,False,True,False,False,True,False,True,False,False
0.47653030455322143,0.1529536804538781,0.8169014084507042,False,False,False,True,False,False,False,False,False,True,False,True,False,False,False,False,True,False,True,False,False
0.20182932958086242,0.7682041130451928,0.8873239436619719,False,False,True,False,False,False,False,False,False,True,False,False,False,True,False,False,True,False,False,False,True
0.2592220323650618,0.31417088082497097,0.3802816901408451,False,False,True,False,False,False,False,False,False,False,False,False,False,False,True,False,False,True,False,False,False
0.33179213991355916,0.6494944511219353,0.36619718309859156,False,False,True,False,False,False,False,False,True,False,False,True,False,False,False,False,False,False,False,True,False
0.6812744999497438,0.7447586145468775,0.6056338028169015,False,False,True,False,False,True,False,False,False,False,False,True,False,False,False,False,True,True,False,False,False
0.14292893758166653,0.12645677439499767,0.4366197183098592,False,False,False,False,False,False,False,False,False,False,False,True,False,False,False,True,False,True,False,False,False
0.44014473816463967,0.42707996609324766,0.14084507042253522,False,False,True,False,False,False,False,False,False,True,False,True,False,False,True,False,False,False,True,False,False
0.4125037692230375,0.3967540389367211,0.5774647887323944,False,False,False,True,False,False,False,False,False,True,False,True,False,False,False,False,False,False,False,False,False
0.906322243441552,0.903240656878277,0.09859154929577466,False,False,True,False,False,False,False,False,False,False,True,False,False,True,False,True,False,False,True,False,False
0.3461654437631923,0.6321497661655047,0.8873239436619719,False,False,False,True,False,False,False,False,True,False,False,True,False,False,False,False,False,False,True,False,False
0.8365664890943815,0.7286368945097682,0.8450704225352113,False,False,False,False,True,False,False,True,False,False,False,False,True,False,False,False,False,False,True,False,False
0.6444868831038296,0.1091010807527139,0.4366197183098592,False,False,False,False,False,True,False,False,False,False,False,True,False,False,False,False,True,True,False,False,False
0.8632023318926526,0.0007505922172594177,0.3098591549295775,True,False,False,False,False,True,False,False,False,False,False,True,False,False,False,True,False,False,False,False,True
0.253291788119409,0.9543159552887228,0.9014084507042254,False,False,True,False,False,True,False,False,False,False,False,True,False,False,False,False,False,False,False,False,False
0.5598552618353604,0.7134479104013067,0.7042253521126761,False,False,False,False,False,False,True,False,False,False,False,False,False,False,False,False,True,True,False,False,False
0.1093577243944115,0.33436781620698736,0.056338028169014086,False,False,False,False,False,False,False,True,False,False,False,True,False,False,False,True,False,False,False,False,True
0.9250175897075084,0.21957524486820104,0.5211267605633804,False,False,True,False,False,False,False,False,True,False,False,False,True,False,False,False,False,True,False,False,False
0.8855161322746005,0.9170435473588662,0.647887323943662,False,False,False,False,True,False,False,False,False,False,True,False,True,False,False,False,False,True,False,False,False
0.30053271685596544,0.5685846132598621,0.676056338028169,False,True,False,False,False,False,False,False,True,False,False,False,False,False,False,False,True,False,False,False,False
0.9066237812845513,0.440101239878264,0.19718309859154928,True,False,False,False,False,True,False,False,False,False,False,True,False,False,True,False,False,False,False,False,True
0.4511006131269475,0.17233997624125436,0.04225352112676056,False,False,False,False,True,False,False,True,False,False,False,True,False,False,False,True,False,False,True,False,False
0.7119308473213388,0.25776837925122925,0.943661971830986,False,False,False,True,False,False,True,False,False,False,False,False,False,True,True,False,False,False,False,False,False
0.08965725198512414,0.5735885613749249,0.11267605633802817,False,False,True,False,False,False,False,True,False,False,False,False,False,False,False,False,False,True,False,False,False
0.04794451703688813,0.8503028889794048,0.9014084507042254,True,False,False,False,False,True,False,False,False,False,False,False,False,False,False,True,False,False,False,False,True
0.41300633229470307,0.8603738349557801,0.4084507042253521,False,False,False,False,False,False,False,False,False,True,False,False,True,False,True,False,False,False,True,False,False
0.9878379736656951,0.1406449688804467,0.7042253521126761,False,False,False,False,True,True,False,False,False,False,False,True,False,False,False,False,False,False,False,False,False
0.6105136194592422,0.9660652254628903,0.4366197183098592,False,False,False,False,False,False,False,False,False,False,True,False,True,False,False,False,True,False,False,False,False
0.6919288370690523,0.019860670068684194,0.49295774647887325,True,False,False,False,False,False,False,False,False,False,True,False,False,True,False,False,False,False,False,False,True
0.07377625892049453,0.32284172211875173,0.33802816901408456,False,False,False,False,False,False,False,False,False,True,False,False,True,False,False,False,False,False,True,False,False
0.569604985425671,0.049936399819457564,0.33802816901408456,False,False,False,True,False,False,False,False,False,True,False,False,True,False,False,False,False,True,False,False,False
0.33661674540154796,0.8521113158281884,0.33802816901408456,False,False,False,False,False,False,False,False,False,False,False,True,False,False,False,True,False,False,False,True,False
0.2206251884611519,0.7050572902019694,0.7183098591549296,False,False,False,False,False,False,False,False,True,False,False,False,False,True,True,False,False,False,False,False,False
0.27419841190069355,0.3549330421702724,0.9014084507042254,False,False,False,True,False,False,False,False,False,False,False,False,True,False,True,False,False,False,False,False,True
0.46858980802090666,0.8663165237372288,0.22535211267605634,True,False,False,False,False,True,False,False,False,False,False,False,False,True,False,False,False,True,False,False,False
0.485174389385868,0.16916447076743552,0.3098591549295775,False,False,False,False,True,False,False,False,False,False,True,True,False,False,False,False,True,True,False,False,False
0.9232083626495126,0.37989773931632065,0.4084507042253521,False,False,False,False,True,False,False,False,True,False,False,False,False,True,True,False,False,False,True,False,False
0.8893356116192583,0.8989642828191443,0.47887323943661975,False,False,False,False,True,False,False,False,False,True,False,True,False,False,False,False,True,False,False,True,False
0.6150366871042316,0.7042886837714958,0.5774647887323944,False,False,False,True,False,False,False,False,True,False,False,False,False,True,False,False,True,True,False,False,False
0.8450095486983616,0.26198370514335817,0.7464788732394366,True,False,False,False,False,False,False,False,False,False,True,False,True,False,False,True,False,False,True,False,False
0.6771534827620868,0.6833761838090253,0.16901408450704225,False,False,False,False,False,False,False,False,False,False,True,False,False,False,True,False,False,True,False,False,False
0.595034676851945,0.3822566004577612,0.014084507042253521,False,False,True,False,False,False,False,False,True,False,False,False,True,False,True,False,False,False,False,True,False
0.9016986631822294,0.5106358917185659,0.8591549295774649,False,False,True,False,False,False,True,False,False,False,False,False,True,False,False,False,False,False,False,False,True
0.15810634234596446,0.9128542419969357,0.9577464788732395,False,False,False,False,True,True,False,False,False,False,False,False,True,False,True,False,False,True,False,False,False
0.16494120012061517,0.9528317842777952,0.619718309859155,False,False,False,True,False,False,False,False,False,False,False,False,False,False,False,False,True,False,False,False,False
0.41592119811036293,0.9133236123301285,0.943661971830986,False,False,True,False,False,False,True,False,False,False,False,True,False,False,True,False,False,True,False,False,False
0.30696552417328377,0.26905928777805693,0.8028169014084507,True,False,False,False,False,False,True,False,False,False,False,True,False,False,True,False,False,True,False,False,False
0.36807719368780784,0.11306921160795869,0.14084507042253522,False,False,False,True,False,False,False,True,False,False,False,False,False,False,False,False,False,True,False,False,False
0.4593426475022616,0.31068913372651025,0.1267605633802817,False,False,False,False,False,False,False,True,False,False,False,False,False,False,False,True,False,True,False,False,False
0.9830133681777063,0.45856781000209174,0.18309859154929578,False,True,False,False,False,False,False,False,False,False,True,True,False,False,False,False,False,True,False,False,False
0.1619258216906222,0.9124789458883059,0.6056338028169015,False,False,False,True,False,False,False,False,True,False,False,False,False,True,False,True,False,False,True,False,False
0.7092170067343453,0.872155130397884,0.7183098591549296,False,True,False,False,False,False,False,False,True,False,False,False,False,True,False,False,False,True,False,False,False
0.13740074379334608,0.8635553451673371,0.19718309859154928,False,False,False,False,True,False,True,False,False,False,False,False,True,False,True,False,False,False,False,False,True
0.8257111267464068,0.4345448558912983,0.3943661971830986,True,False,False,False,False,False,False,True,False,False,False,False,False,True,False,False,False,False,False,False,False
0.7816866016685095,0.19522002860256743,0.8732394366197184,False,False,False,True,False,False,False,False,True,False,False,False,False,True,False,False,True,True,False,False,False
0.09990953864710021,0.01899498704477833,0.4366197183098592,False,False,False,True,False,False,False,False,False,True,False,False,True,False,True,False,False,False,False,True,False
0.21559955774449696,0.21718535924844704,0.18309859154929578,False,False,False,True,False,False,False,True,False,False,False,False,False,False,False,False,False,False,False,True,False
0.30485475927228867,0.4814078307784843,0.7887323943661972,True,False,False,False,False,False,False,True,False,False,False,False,False,True,False,True,False,False,False,False,False
0.35249773846617755,0.3859735331176299,0.5774647887323944,False,False,False,False,True,True,False,False,False,False,False,False,False,True,True,False,False,False,False,False,True
0.2793245552316816,0.9293292407709683,0.014084507042253521,False,True,False,False,False,False,False,False,False,False,False,False,True,False,False,True,False,True,False,False,False
0.03578249070258317,0.8640137068146768,0.9154929577464789,True,False,False,False,False,False,False,False,True,False,False,False,True,False,True,False,False,False,False,False,False
0.580761885616645,0.3007112611850751,0.23943661971830985,False,False,False,True,False,False,False,False,False,False,True,False,True,False,True,False,False,False,True,False,False
0.06844909036084028,0.1910547421915892,0.7042253521126761,False,False,False,False,True,False,False,True,False,False,False,True,False,False,False,True,False,False,True,False,False
0.3738064127047945,0.36171038949731343,0.8732394366197184,False,True,False,False,False,False,False,False,False,False,False,False,False,False,False,False,True,False,False,True,False
0.2763091768016886,0.030484051916962487,0.35211267605633806,False,False,True,False,False,False,False,False,False,True,False,False,True,False,True,False,False,True,False,False,False
0.7141421248366671,0.9032126347688326,0.15492957746478872,False,False,False,True,False,False,False,False,True,False,False,False,False,True,False,False,False,False,True,False,False
0.2676650919690421,0.9434984202535801,0.8732394366197184,False,True,False,False,False,False,False,False,False,False,True,False,True,False,False,True,False,False,False,False,True
0.09830133681777063,0.9948289200178941,0.09859154929577466,False,False,False,False,True,False,False,False,False,False,True,True,False,False,True,False,False,True,False,False,False
0.31008141521760985,0.13104039086839517,0.5352112676056339,False,False,True,False,False,False,False,False,False,True,False,True,False,False,False,True,False,False,False,True,False
0.8000804100914665,0.23742132542576094,0.35211267605633806,True,False,False,False,False,False,False,False,False,False,True,False,False,True,False,False,True,True,False,False,False
0.4190370891546889,0.15701288316481704,0.647887323943662,False,False,False,True,False,False,False,False,False,False,False,False,False,False,True,False,False,True,False,False,False
0.40687506282038394,0.4142428375988656,0.1267605633802817,False,True,False,False,False,True,False,False,False,False,False,True,False,False,True,False,False,False,False,False,False
0.585988541561966,0.15321989049359946,0.295774647887324,False,False,False,False,False,False,False,True,False,False,False,True,False,False,False,False,False,False,True,False,False
0.028445069856266963,0.23242438283805925,0.9014084507042254,False,False,True,False,False,False,False,False,True,False,False,False,False,True,False,False,False,False,False,False,False
0.5877977686199618,0.3838238370073989,0.676056338028169,False,False,True,False,False,False,True,False,False,False,False,False,True,False,False,False,True,False,True,False,False
0.041210171876570514,0.7621833626731491,0.28169014084507044,False,False,False,True,False,False,True,False,False,False,False,False,False,True,False,True,False,True,False,False,False
0.9690421147854056,0.4080009127201363,0.36619718309859156,False,False,False,False,True,False,True,False,False,False,False,False,True,False,True,False,False,False,False,True,False
0.8584782390189969,0.0444480695268567,0.23943661971830985,False,False,True,False,False,False,False,True,False,False,False,False,False,True,False,False,True,False,False,False,False
0.5125138204844709,0.64278215512039,0.7042253521126761,False,False,False,False,False,False,False,False,False,False,True,False,False,True,False,False,False,False,False,True,False
0.03507890240225149,0.6348969336806741,0.4507042253521127,False,False,False,True,False,False,False,False,False,False,True,True,False,False,True,False,False,False,True,False,False
0.029550708613931054,0.8879946277613038,0.7605633802816901,True,False,False,False,False,False,False,False,False,True,False,True,False,False,False,False,True,True,False,False,False
0.5246758468187759,0.5416343495017569,0.4084507042253521,False,False,False,False,False,True,False,False,False,False,False,False,False,True,False,False,True,False,False,False,False
0.11136797668107348,0.5235110502186225,0.7887323943661972,False,False,False,True,False,False,False,False,False,True,False,False,False,True,False,True,False,False,True,False,False
0.9165745301035281,0.6864265905799677,0.5774647887323944,False,False,False,False,False,False,True,False,False,False,False,False,False,True,True,False,False,True,False,False,False
0.7979696451904715,0.4162324073694145,0.7605633802816901,False,True,False,False,False,True,False,False,False,False,False,False,True,False,False,False,True,False,True,False,False
0.5326163433510906,0.5827537927424739,0.26760563380281693,False,True,False,False,False,False,False,False,True,False,False,False,False,False,False,False,False,False,True,False,False
0.18504372298723493,0.5496496735924645,0.22535211267605634,False,True,False,False,False,False,False,False,False,False,True,False,True,False,False,False,False,False,True,False,False
0.14916071967031866,0.0006445085172200867,0.02816901408450704,False,False,False,False,False,False,False,False,False,True,False,True,False,False,False,False,False,False,False,True,False
0.12282641471504675,0.9601685730041003,0.5211267605633804,False,False,False,False,False,False,False,False,False,False,True,False,False,True,False,False,True,False,False,True,False
0.46326263946125246,0.227145217576668,0.5492957746478874,False,False,False,True,False,False,False,False,False,True,False,True,False,False,False,True,False,False,False,False,False
0.6271987134385366,0.5777948801604467,0.5915492957746479,False,False,False,False,True,False,False,False,False,False,False,True,False,False,False,False,True,False,False,False,False
0.8526485073876772,0.7868408174049325,0.5633802816901409,False,False,False,False,True,False,False,True,False,False,False,False,True,False,True,False,False,True,False,False,False
0.8508392803296815,0.4547367873251997,0.6619718309859155,True,False,False,False,False,False,False,True,False,False,False,True,False,False,True,False,False,True,False,False,False
0.533018393808423,0.37155415622926496,0.46478873239436624,False,False,False,False,False,False,False,True,False,False,False,False,False,True,False,False,False,False,False,False,True
0.03839581867524375,0.21728143505225625,0.6619718309859155,False,False,False,True,False,False,False,False,False,True,False,False,False,True,True,False,False,False,False,False,True
0.3133983314906021,0.37648504670184785,0.36619718309859156,False,True,False,False,False,False,False,False,False,False,True,False,True,False,True,False,False,False,False,False,True
0.8470198009850236,0.8124230017483796,0.5352112676056339,False,False,True,False,False,False,False,False,False,False,False,False,False,False,True,False,False,False,True,False,False
0.827922404261735,0.25574478263349787,0.3098591549295775,False,True,False,False,False,False,False,False,False,False,False,False,False,True,False,False,False,False,False,False,True
0.048447080108553635,0.46327352280949674,0.2112676056338028,False,False,False,False,False,False,False,True,False,False,False,False,False,True,False,True,False,False,True,False,False
0.3113880792039401,0.771731896466312,0.056338028169014086,False,False,False,False,False,False,False,False,True,False,False,False,False,False,False,False,True,True,False,False,False
0.8593828525479948,0.8094236352482109,0.35211267605633806,False,False,False,False,False,False,False,False,False,True,False,False,False,True,False,False,False,False,True,False,False
0.3514926123228465,0.34242117030336944,0.676056338028169,False,False,False,False,False,False,False,False,False,True,False,True,False,False,False,False,False,False,False,True,False
0.9473313900894563,0.47891686540680606,0.971830985915493,False,False,True,False,False,False,False,False,False,True,False,True,False,False,False,False,True,False,False,False,True
0.3929038094280833,0.9106875324631135,0.7183098591549296,False,False,False,False,True,False,False,False,False,False,False,False,False,True,False,True,False,True,False,False,False
0.7037893255603579,0.6012483849757458,0.5633802816901409,False,False,True,False,False,False,False,False,False,False,False,True,False,False,False,False,True,False,True,False,False
0.06131269474319028,0.15199792636390114,0.35211267605633806,False,False,False,True,False,False,True,False,False,False,False,False,False,False,False,False,False,False,False,False,False
0.2547994773344055,0.07874012595938196,0.04225352112676056,False,False,False,False,True,False,False,True,False,False,False,False,True,False,False,False,True,False,False,False,False
0.8084229570811138,0.8377429792105973,0.09859154929577466,False,False,False,True,False,False,False,False,False,True,False,False,True,False,False,False,True,True,False,False,False
0.6363453613428486,0.3472910126089485,0.8028169014084507,True,False,False,False,False,False,False,False,False,False,False,False,False,False,False,False,False,False,False,True,False
0.03146044828625993,0.23095622446109984,0.5774647887323944,False,False,False,True,False,False,False,False,False,False,True,True,False,False,True,False,False,False,True,False,False
0.7999798974771335,0.5552891231181403,0.9859154929577465,False,False,False,False,False,False,True,False,False,False,False,False,False,True,False,False,False,True,False,False,False
0.24133078701377028,0.04631153980490608,0.7323943661971831,False,False,False,False,True,False,False,False,False,True,False,False,False,True,False,False,True,True,False,False,False
0.5601567996783596,0.7066025093799008,0.22535211267605634,False,True,False,False,False,False,False,False,True,False,False,False,False,True,True,False,False,False,True,False,False
0.4345160317619861,0.310986368244545,0.46478873239436624,False,False,False,True,False,False,False,False,True,False,False,False,False,True,False,False,False,False,False,False,False
0.8506382551010152,0.30407291352877425,0.26760563380281693,False,False,False,False,True,False,True,False,False,False,False,False,True,False,False,True,False,True,False,False,False
0.23670720675444773,0.4463061355409419,0.8169014084507042,False,False,False,False,True,False,False,False,False,False,True,True,False,False,True,False,False,True,False,False,False
0.32385164338124434,0.9946037423527163,0.7464788732394366,False,False,False,True,False,False,False,True,False,False,False,False,False,False,False,False,False,False,False,True,False
0.8166649914564279,0.09828754887606322,0.056338028169014086,False,False,True,False,False,False,False,True,False,False,False,False,False,True,False,False,False,False,False,False,True
0.4217509297416826,0.09364888897340001,0.9014084507042254,False,False,True,False,False,False,False,False,False,False,True,False,True,False,False,False,False,False,True,False,False
0.14111971052367073,0.1708057657491761,0.8732394366197184,False,False,False,False,True,True,False,False,False,False,False,False,False,False,False,False,True,False,False,False,False
0.38616946426776566,0.8204052997815277,0.2112676056338028,False,True,False,False,False,False,False,False,True,False,False,False,True,False,False,True,False,True,False,False,False
0.03718966730324656,0.1645958661383832,0.8450704225352113,False,False,False,False,True,False,False,False,False,False,True,True,False,False,False,True,False,False,True,False,False
0.7579656246858981,0.6050734029148999,0.5915492957746479,False,False,False,False,True,False,False,False,False,False,True,True,False,False,True,False,False,True,False,False,False
0.44677857071062427,0.5007180665545116,0.8028169014084507,False,False,False,True,False,True,False,False,False,False,False,True,False,False,True,False,False,False,False,False,False
0.35470901598150567,0.8551547170717697,0.15492957746478872,False,True,False,False,False,False,False,False,True,False,False,True,False,False,False,True,False,False,False,True,False
0.622575133179214,0.05533866220447934,0.9859154929577465,False,False,False,False,True,False,False,True,False,False,False,False,False,True,True,False,False,False,False,True,False
0.195296009649211,0.3548639876862845,0.4225352112676057,False,False,True,False,False,False,False,False,False,True,False,False,False,False,True,False,False,True,False,False,False
0.7519348678259122,0.42852910946736983,0.9154929577464789,False,False,True,False,False,False,False,False,True,False,False,False,False,True,False,False,False,False,False,False,False
0.76289074278822,0.10842855012604946,0.6619718309859155,False,False,True,False,False,False,False,True,False,False,False,False,True,False,True,False,False,False,False,False,True
0.2833450598050056,0.9397864915418266,0.619718309859155,False,True,False,False,False,False,False,False,True,False,False,True,False,False,True,False,False,False,True,False,False
0.23550105538245053,0.3256599456971551,0.5352112676056339,False,True,False,False,False,False,True,False,False,False,False,False,True,False,False,False,True,True,False,False,False
0.3009347673132978,0.997124731413085,0.36619718309859156,False,True,False,False,False,True,False,False,False,False,False,False,False,False,False,False,False,False,False,False,False
0.04663785305055785,0.31969624033362326,0.7183098591549296,False,False,True,False,False,False,False,False,True,False,False,False,False,False,True,False,False,False,False,False,True
0.00512614333098804,0.06581893113666683,0.9859154929577465,False,True,False,False,False,False,False,False,False,False,False,False,False,False,False,True,False,False,False,False,False
0.1812242436425772,0.9256793610158416,0.04225352112676056,False,False,False,True,False,False,False,False,True,False,False,True,False,False,False,False,True,False,False,False,False
0.010252286661976081,0.9134106810273306,0.19718309859154928,True,False,False,False,False,False,False,False,False,False,True,True,False,False,True,False,False,False,False,False,True
0.8482259523570209,0.1636801436333267,0.295774647887324,False,False,False,False,False,False,False,True,False,False,False,False,True,False,True,False,False,False,False,True,False
0.6656950447281135,0.8764024815579493,0.9295774647887325,False,False,False,False,False,True,False,False,False,False,False,True,False,False,True,False,False,False,False,False,False
0.7247964619559756,0.5954257909490588,0.1267605633802817,False,False,False,True,False,False,True,False,False,False,False,False,False,False,False,False,True,False,False,False,True
0.4388380741783094,0.8410355770703085,0.056338028169014086,False,False,False,False,False,False,True,False,False,False,False,False,True,False,False,True,False,False,False,False,False
0.7995778470198011,0.4848665597156157,0.5774647887323944,False,False,False,False,False,False,False,False,False,False,True,False,False,True,False,True,False,False,False,True,False
0.13257613830535733,0.14579102912197725,0.295774647887324,False,False,False,False,True,False,False,False,False,False,True,False,False,True,False,False,False,False,True,False,False
0.2866619760779978,0.5557705029268093,0.28169014084507044,False,False,True,False,False,False,False,False,True,False,False,True,False,False,False,False,True,False,False,False,False
0.6976580560860388,0.34077286979426774,0.8450704225352113,False,False,False,True,False,False,False,False,False,True,False,False,False,True,False,False,False,True,False,False,False
0.032767112272590215,0.6787515349610843,0.6056338028169015,True,False,False,False,False,False,False,False,False,False,True,True,False,False,False,False,True,False,True,False,False
0.5722183133983315,0.2125416953976688,0.4225352112676057,False,False,True,False,False,False,False,False,True,False,False,True,False,False,False,False,False,True,False,False,False
0.6327269072268571,0.3538792106972402,0.4507042253521127,False,False,False,True,False,False,False,False,False,True,False,False,False,True,False,True,False,False,False,False,False
0.4104935169363756,0.18907918347576239,0.5352112676056339,False,True,False,False,False,False,True,False,False,False,False,True,False,False,False,False,True,False,False,True,False
0.22343954166247867,0.6484506275451332,0.647887323943662,False,False,True,False,False,True,False,False,False,False,False,False,False,True,False,False,True,False,False,False,True
0.05407578651120716,0.23087215813276676,0.5070422535211268,False,False,False,False,False,False,False,False,True,False,False,True,False,False,False,True,False,False,False,False,False
0.093577243944115,0.48958228041925084,0.5915492957746479,False,False,False,True,False,False,False,False,False,False,False,False,False,True,True,False,False,False,False,False,True
0.9412001206151372,0.8542550072006814,0.18309859154929578,False,False,False,False,False,False,False,False,True,False,False,False,False,True,False,False,True,False,False,False,False
0.3290782993265655,0.550729525595695,0.8309859154929577,False,False,False,True,False,False,False,False,True,False,False,False,False,False,False,False,True,False,False,False,False
0.7525379435119108,0.44518124800467573,0.5774647887323944,False,True,False,False,False,False,True,False,False,False,False,False,False,False,True,False,False,False,False,False,True
0.4891948939591919,0.2178448796100123,0.4366197183098592,False,False,True,False,False,True,False,False,False,False,False,False,False,True,False,False,True,False,False,False,True
0.9485375414614535,0.3246221268580911,0.5774647887323944,True,False,False,False,False,False,False,False,False,False,True,True,False,False,False,False,True,False,False,False,True
0.28354608503367174,0.49793386982329063,0.33802816901408456,False,False,False,False,True,False,True,False,False,False,False,False,False,True,True,False,False,False,False,False,True
0.422152980199015,0.9333424071592488,0.36619718309859156,False,False,False,False,True,True,False,False,False,False,False,True,False,False,False,False,False,True,False,False,False
0.5283948135491005,0.5383387492731766,0.0,False,True,False,False,False,False,False,False,True,False,False,False,True,False,False,False,True,False,False,False,True
0.997889235099005,0.8607141034276045,0.14084507042253522,False,False,True,False,False,False,False,False,False,True,False,False,False,False,False,False,False,False,False,False,False
0.827922404261735,0.2764281017722984,0.5211267605633804,False,False,False,False,False,False,False,True,False,False,False,False,False,True,True,False,False,True,False,False,False
0.813750125640768,0.3161244221690915,0.9154929577464789,False,True,False,False,False,False,False,False,False,False,False,True,False,False,False,False,False,False,False,True,False
0.3332998291285556,0.4102847146398509,0.9859154929577465,False,False,False,True,False,False,False,True,False,False,False,False,False,True,False,False,True,False,True,False,False
0.9928636043823501,0.589939462235704,0.8169014084507042,False,False,False,False,False,False,False,True,False,False,False,False,False,True,False,True,False,False,False,False,True
0.1443361141823299,0.0633860115631233,0.09859154929577466,False,True,False,False,False,False,False,False,False,True,False,False,False,False,False,True,False,False,False,False,True
0.33420444265755356,0.05765849255062245,0.16901408450704225,False,False,False,True,False,False,False,False,False,False,False,True,False,False,False,False,False,False,False,False,True
0.8194793446577546,0.9951481719076352,0.7746478873239437,False,False,False,False,True,False,True,False,False,False,False,False,True,False,True,False,False,False,True,False,False
0.09076289074278822,0.08936550938690628,0.943661971830986,False,False,False,True,False,False,False,False,False,True,False,False,False,True,False,False,True,False,False,True,False
0.05618655141220224,0.5908021428907408,0.4366197183098592,False,False,False,False,True,False,False,False,False,False,True,False,False,True,True,False,False,False,False,True,False
0.2869635139209971,0.18642308781628705,0.5070422535211268,False,False,False,False,False,False,False,False,True,False,False,True,False,False,False,True,False,True,False,False,False
0.8943612423359133,0.6825445276323019,0.056338028169014086,False,False,False,False,True,True,False,False,False,False,False,False,False,False,False,False,True,False,False,False,True
0.7508292290682481,0.060491727973371,0.6338028169014085,False,False,False,False,True,True,False,False,False,False,False,True,False,False,False,False,False,True,False,False,False
0.28977786712232384,0.18263609988280755,0.22535211267605634,False,False,False,False,True,False,True,False,False,False,False,False,True,False,True,False,False,True,False,False,False
0.6579555734244648,0.18159828104374354,0.8873239436619719,False,False,False,False,False,True,False,False,False,False,False,True,False,False,False,True,False,True,False,False,False
0.9518544577344458,0.7158728236578661,0.14084507042253522,False,False,True,False,False,False,False,False,False,True,False,False,False,True,False,True,False,True,False,False,False
0.15599557744496936,0.45240995145169544,0.3098591549295775,True,False,False,False,False,False,False,False,False,False,False,False,False,False,False,False,True,False,True,False,False
0.10744798472208263,0.16859001752382632,0.056338028169014086,False,False,False,True,False,False,False,False,False,False,False,True,False,False,False,False,False,False,False,False,False
0.270579957784702,0.09388507532443098,0.3943661971830986,False,False,False,False,True,False,False,True,False,False,False,True,False,False,False,False,False,True,False,False,False
0.1696652929942708,0.0749491348674104,0.07042253521126761,False,False,False,True,False,False,False,False,False,False,True,False,False,True,True,False,False,False,True,False,False
0.9953764197406776,0.5157799503808506,0.6338028169014085,False,True,False,False,False,False,False,False,False,True,False,False,True,False,False,False,False,False,False,True,False
0.548296311187054,0.3637690137518503,0.4225352112676057,False,False,False,False,False,False,False,False,False,False,True,True,False,False,False,True,False,True,False,False,False
0.7950547793748115,0.44622407079185483,0.04225352112676056,False,False,False,False,False,True,False,False,False,False,False,False,False,True,False,False,True,False,False,False,False
0.6501155895064832,0.3298082186845422,0.6619718309859155,False,False,False,True,False,False,False,False,False,False,True,False,True,False,True,False,False,False,False,True,False
0.2535933259624083,0.6392703843332389,0.4507042253521127,False,False,False,True,False,True,False,False,False,False,False,True,False,False,False,False,False,False,True,False,False
0.3338023922002212,0.13478734721695418,0.6619718309859155,False,False,False,True,False,False,True,False,False,False,False,False,False,True,True,False,False,False,False,False,True
0.9472308774751231,0.10273605875035403,0.7887323943661972,False,False,False,False,False,True,False,False,False,False,False,False,True,False,False,False,False,True,False,False,False
0.7576640868428988,0.8225890227389411,0.9859154929577465,False,False,False,False,False,False,False,False,True,False,False,False,False,True,False,False,True,False,False,False,True
0.7513317921399136,0.5975564720564526,0.26760563380281693,False,False,False,False,True,False,True,False,False,False,False,False,True,False,False,False,False,False,False,True,False
0.9033068650115591,0.7058108847880978,0.7887323943661972,False,True,False,False,False,False,False,False,False,False,True,False,False,False,False,False,True,True,False,False,False
0.14021509699467286,0.30978742227617595,0.35211267605633806,False,False,True,False,False,False,False,False,False,True,False,False,False,True,False,False,True,False,False,True,False
0.5424665795557343,0.6043027949051802,0.8732394366197184,False,False,False,True,False,False,False,False,False,False,False,False,False,True,False,False,False,False,False,False,False
0.3332998291285556,0.13157981647519895,0.28169014084507044,False,False,False,True,False,False,False,False,True,False,False,False,False,True,True,False,False,True,False,False,False
0.8444064730123632,0.3053108902924408,0.25352112676056343,False,False,False,True,False,False,True,False,False,False,False,True,False,False,False,False,False,False,False,True,False
0.6137300231179014,0.9074129488166164,0.4507042253521127,True,False,False,False,False,False,False,True,False,False,False,False,False,True,False,False,False,False,False,False,True
0.2293697859081315,0.8794318717468083,0.5211267605633804,False,False,True,False,False,False,False,False,False,False,False,False,False,True,False,False,True,False,False,False,True
0.43431500653331995,0.05685786085221241,0.7183098591549296,False,True,False,False,False,False,False,False,False,False,True,False,False,True,True,False,False,False,False,True,False
0.023519951753945122,0.8803976337330154,0.9295774647887325,False,False,True,False,False,False,False,False,False,False,True,True,False,False,False,False,False,True,False,False,False
0.7126344356216706,0.6989744908732991,0.22535211267605634,False,False,True,False,False,False,False,False,True,False,False,True,False,False,False,False,True,False,False,False,False
0.9083324957282141,0.9291681136416633,0.4366197183098592,False,True,False,False,False,False,False,False,False,False,False,False,False,True,True,False,False,False,False,True,False
0.788420946828827,0.8588186078816187,0.3943661971830986,False,False,False,False,True,False,False,False,True,False,False,False,False,True,False,True,False,False,True,False,False
0.3400341742888733,0.571291749190111,0.22535211267605634,True,False,False,False,False,False,False,False,False,False,True,False,False,True,True,False,False,False,False,True,False
0.4034576339330586,0.259101431029082,0.8591549295774649,False,False,False,False,False,False,False,False,False,False,False,False,True,False,False,False,False,False,False,False,False
0.5923208362649512,0.1211756075543604,0.4366197183098592,False,True,False,False,False,False,False,False,False,False,False,True,False,False,False,True,False,False,False,False,False
0.5050758870238216,0.6707352100807538,0.04225352112676056,False,False,False,False,False,False,False,False,False,False,False,False,True,False,False,False,True,True,False,False,False
0.7204744195396524,0.2769695289583482,1.0,False,False,False,True,False,False,False,False,False,False,False,True,False,False,False,False,False,False,False,True,False
0.2296713237511308,0.9527907519032517,0.35211267605633806,False,True,False,False,False,False,False,False,False,True,False,False,True,False,True,False,False,True,False,False,False
0.7821891647401749,0.624687878736323,0.9295774647887325,False,False,False,False,False,False,True,False,False,False,False,False,False,True,False,True,False,False,False,False,False
0.19821087546487087,0.36379703586129464,0.323943661971831,False,False,True,False,False,False,False,True,False,False,False,True,False,False,False,True,False,False,False,True,False
0.3281736857975676,0.04436100082965461,0.295774647887324,False,False,False,False,True,False,False,False,True,False,False,False,False,True,True,False,False,False,False,True,False
0.08362649512513821,0.7367583023005152,0.35211267605633806,False,False,False,False,False,False,False,False,False,False,False,False,True,False,False,False,True,False,False,False,False
0.4303950145743291,0.042485521076129074,0.5492957746478874,False,False,False,True,False,True,False,False,False,False,False,False,False,True,True,False,False,True,False,False,False
0.9036084028545583,0.5363561850299887,0.7605633802816901,False,False,False,False,False,False,False,True,False,False,False,False,True,False,False,True,False,False,True,False,False
0.5512111770027139,0.7852945974373782,0.3943661971830986,False,False,True,False,False,False,True,False,False,False,False,True,False,False,False,False,False,False,True,False,False
0.27530405065835767,0.46048332134053777,0.3943661971830986,False,False,False,False,False,False,False,True,False,False,False,False,False,True,False,True,False,False,False,True,False
0.6587596743391296,0.8820269192392799,0.1267605633802817,False,False,False,True,False,True,False,False,False,False,False,False,False,True,False,False,True,False,False,True,False
0.09789928636043824,0.21313716522336126,0.676056338028169,False,False,False,False,True,False,False,False,False,False,True,False,False,True,False,False,False,False,True,False,False
0.43542064529098407,0.21372362794244662,0.1267605633802817,False,True,False,False,False,False,False,False,False,False,True,False,False,False,True,False,False,False,False,True,False
0.026836868026937383,0.5702689421953921,0.7042253521126761,True,False,False,False,False,False,False,False,False,False,True,True,False,False,True,False,False,True,False,False,False
0.7260026133279728,0.04723727020619269,0.971830985915493,True,False,False,False,False,False,True,False,False,False,False,False,True,False,False,True,False,False,False,True,False
0.15669916574530107,0.07257326030237858,0.35211267605633806,False,True,False,False,False,False,False,False,False,False,False,False,True,False,False,False,True,False,False,False,True
0.9814051663483768,0.7102784096652259,0.7746478873239437,True,False,False,False,False,False,False,False,False,False,True,True,False,False,False,False,True,False,False,False,False
0.516735350286461,0.3603843432468218,0.647887323943662,True,False,False,False,False,False,False,False,False,True,False,False,False,False,True,False,False,False,False,True,False
0.5568398834053674,0.3090788632230831,0.02816901408450704,False,False,True,False,False,False,False,False,True,False,False,True,False,False,False,False,True,False,False,False,False
0.3033470700572922,0.39308714575800313,0.02816901408450704,False,False,True,False,False,False,True,False,False,False,False,False,True,False,False,False,False,False,False,True,False
0.6503166147351493,0.3066169207504722,0.8450704225352113,False,False,False,True,False,False,False,False,True,False,False,False,False,True,False,False,True,False,True,False,False
0.8183737059000905,0.029779496022361646,0.7323943661971831,True,False,False,False,False,False,False,True,False,False,False,True,False,False,False,True,False,False,False,False,False
0.9786913257613832,0.11341048086940597,0.014084507042253521,False,False,True,False,False,False,False,False,False,True,False,False,False,True,True,False,False,False,True,False,False
0.2384159211981104,0.5844651429978253,0.46478873239436624,False,False,False,True,False,False,False,False,False,False,False,False,True,False,False,True,False,False,False,True,False
0.02784199417026837,0.1779844297150452,0.014084507042253521,False,False,False,True,False,False,False,True,False,False,False,False,True,False,True,False,False,True,False,False,False
0.3336013669715549,0.3384210141801882,0.5211267605633804,False,False,True,False,False,False,False,False,False,True,False,False,False,True,False,False,False,False,False,False,False
0.06844909036084028,0.9727505001446142,0.7042253521126761,False,False,False,False,False,False,False,True,False,False,False,False,False,False,False,False,True,False,True,False,False
0.15237712332897782,0.8173899206473908,0.7464788732394366,False,False,False,True,False,False,False,False,False,False,False,True,False,False,True,False,False,False,False,True,False
0.621570007035883,0.7963042840801393,0.26760563380281693,True,False,False,False,False,False,False,True,False,False,False,False,False,False,False,False,False,False,False,False,False
0.7594733139008947,0.53024736517112,0.3802816901408451,False,True,False,False,False,False,False,False,False,False,False,False,False,True,False,True,False,False,True,False,False
0.5011558950648307,0.1652023446499288,1.0,False,True,False,False,False,False,True,False,False,False,False,False,True,False,False,True,False,False,True,False,False
0.34596441853452614,0.5014616532444098,0.6056338028169015,False,False,False,True,False,False,False,False,False,False,False,True,False,False,False,False,False,False,False,True,False
0.11367976681073476,0.3922504856331646,1.0,True,False,False,False,False,False,False,False,False,False,False,True,False,False,False,False,False,True,False,False,False
0.9671323751130768,0.1943463392616775,0.4225352112676057,True,False,False,False,False,True,False,False,False,False,False,True,False,False,False,False,False,True,False,False,False
0.44064730123630524,0.5161082093771986,0.9295774647887325,False,True,False,False,False,False,False,False,False,True,False,False,False,True,False,False,True,False,False,True,False
0.6756457935470902,0.39322125156748683,0.4225352112676057,False,True,False,False,False,False,False,False,False,False,True,False,False,False,False,False,False,True,False,False,False
0.33762187154487894,0.19716756520894987,0.1267605633802817,False,False,False,False,True,False,True,False,False,False,False,False,False,True,False,False,True,True,False,False,False
0.3116896170469394,0.45229285906580297,0.9014084507042254,False,False,False,False,False,True,False,False,False,False,False,False,True,False,False,False,True,True,False,False,False
0.19991958990853356,0.9133866620763783,0.014084507042253521,False,False,False,False,False,False,False,True,False,False,False,False,False,True,False,False,True,False,False,False,True
0.38345562368077196,0.36808842176477247,0.7746478873239437,False,False,False,False,True,False,False,False,False,False,True,True,False,False,False,False,True,False,False,False,True
0.7719368780781989,0.8271656336849775,0.8873239436619719,False,False,False,False,True,False,False,True,False,False,False,False,False,True,False,False,True,False,False,False,False
0.8988843099809027,0.6740668387357626,0.5352112676056339,False,False,False,True,False,False,False,False,False,True,False,False,False,False,False,False,True,False,False,True,False
0.038094280832244455,0.3831242850609131,0.619718309859155,False,False,False,True,False,True,False,False,False,False,False,False,True,False,True,False,False,False,False,False,True
0.7591717760578953,0.4227995888756229,0.04225352112676056,False,True,False,False,False,False,False,False,False,False,False,True,False,False,False,False,False,False,False,False,True
0.420142727912353,0.49700313547388897,0.9154929577464789,True,False,False,False,False,False,False,False,False,False,False,False,False,False,False,False,True,False,False,False,False
0.724394411498643,0.7203643674859465,0.9859154929577465,False,False,True,False,False,False,True,False,False,False,False,False,False,True,False,True,False,False,False,True,False
0.936777565584481,0.8085319316941068,0.7887323943661972,False,False,True,False,False,False,True,False,False,False,False,False,True,False,False,False,False,True,False,False,False
0.6847924414514022,0.2947895889857098,0.02816901408450704,False,False,False,False,True,False,False,False,True,False,False,False,False,True,False,False,True,False,False,False,False
0.5246758468187759,0.2809796929777595,0.36619718309859156,False,False,True,False,False,False,False,True,False,False,False,False,True,False,False,False,True,False,True,False,False
0.6639863302844508,0.09540127160329501,0.6056338028169015,False,False,False,True,False,True,False,False,False,False,False,False,True,False,False,False,True,True,False,False,False
0.9099406975575436,0.8795299491298635,0.2112676056338028,False,False,False,True,False,False,False,False,False,True,False,False,False,False,False,False,False,True,False,False,False
0.14312996281033272,0.5616341293280398,0.3943661971830986,False,True,False,False,False,False,False,False,True,False,False,False,False,False,False,True,False,True,False,False,False
0.39993969243140015,0.20633679973499092,0.619718309859155,False,False,False,False,True,False,False,False,False,True,False,False,False,True,False,False,True,False,True,False,False
0.5661875565383456,0.17101593157000874,0.7464788732394366,False,True,False,False,False,False,False,False,True,False,False,False,False,True,True,False,False,False,False,True,False
0.6327269072268571,0.49287387748933914,0.5774647887323944,False,False,False,False,True,False,True,False,False,False,False,False,False,True,False,False,True,False,False,False,False
0.724394411498643,0.4774457046609776,0.2112676056338028,False,True,False,False,False,False,False,False,True,False,False,False,False,False,True,False,False,False,True,False,False
0.22555030656347377,0.6227903816110912,0.9295774647887325,False,False,True,False,False,False,True,False,False,False,False,False,True,False,False,True,False,False,False,False,False
0.8012865614634638,0.1238287008449667,0.5492957746478874,True,False,False,False,False,False,False,True,False,False,False,False,True,False,False,True,False,False,True,False,False
0.34164237611820286,0.8975611757676808,0.7605633802816901,True,False,False,False,False,False,False,False,False,True,False,False,False,True,False,False,True,False,False,False,True
0.5102020303548096,0.028280313167088837,0.6056338028169015,False,False,False,False,True,False,False,True,False,False,False,False,False,False,False,False,True,False,False,False,True
0.7291185043722989,0.5124112925097902,0.6056338028169015,False,False,True,False,False,False,False,False,False,False,False,False,True,False,True,False,False,False,False,False,True
0.18735551311689622,0.1716884621966732,0.6056338028169015,False,False,False,False,True,False,False,False,True,False,False,False,False,True,False,False,True,True,False,False,False
0.38415921198110364,0.9433903349742948,0.49295774647887325,False,False,False,False,True,False,False,False,False,False,True,False,False,False,False,False,True,False,False,False,True
0.1445371394109961,0.8881317359396564,0.08450704225352114,False,False,False,False,False,True,False,False,False,False,False,False,True,False,False,False,True,False,False,False,False
0.5382450497537441,0.535108200370092,0.014084507042253521,False,False,False,True,False,False,False,False,False,True,False,False,True,False,False,False,True,True,False,False,False
0.42004221529801994,0.8176070919955846,0.09859154929577466,False,True,False,False,False,False,False,False,False,False,True,False,True,False,False,False,True,False,False,True,False
0.9658257111267465,0.20629076341233235,0.16901408450704225,False,False,True,False,False,False,False,False,False,False,False,False,True,False,False,True,False,False,True,False,False
0.712131872550005,0.1546640299196066,0.25352112676056343,False,True,False,False,False,True,False,False,False,False,False,False,False,False,False,False,True,True,False,False,False
0.5427681173987335,0.5112663891810639,0.46478873239436624,False,False,True,False,False,False,False,False,False,False,False,False,False,True,True,False,False,True,False,False,False
0.9446175495024627,0.42641143862507525,0.5070422535211268,False,False,False,False,True,False,False,False,False,False,False,False,False,True,True,False,False,False,False,False,True
0.7350487486179516,0.01549522573310342,0.49295774647887325,False,True,False,False,False,False,False,False,False,False,True,False,False,False,False,False,False,True,False,False,False
0.35832747009749727,0.3756063534128428,0.4225352112676057,False,False,True,False,False,True,False,False,False,False,False,False,True,False,False,True,False,False,False,False,False
0.1877575635742286,0.9941864130799202,0.08450704225352114,True,False,False,False,False,False,True,False,False,False,False,False,False,True,False,False,True,False,False,True,False
0.8310382953060611,0.397702787499337,0.15492957746478872,False,False,False,True,False,False,False,False,False,False,False,False,True,False,False,False,False,True,False,False,False
0.7084129058196805,0.18472274624678872,0.02816901408450704,False,False,False,True,False,False,False,False,False,False,False,True,False,False,False,False,True,False,False,False,True
0.07528394813549101,0.805759744438362,0.1267605633802817,False,False,False,False,False,False,False,False,True,False,False,True,False,False,True,False,False,True,False,False,False
0.7462056488089256,0.5625718692048026,0.5070422535211268,False,False,False,False,True,False,False,False,False,True,False,False,True,False,True,False,False,False,True,False,False
0.3278721479545683,0.7246607573375393,0.6338028169014085,True,False,False,False,False,True,False,False,False,False,False,False,True,False,False,False,True,False,False,False,True
0.5387476128254096,0.7155355575549108,0.8309859154929577,False,False,False,False,True,False,False,False,False,False,True,False,False,True,False,False,False,False,False,False,True
0.7501256407679164,0.17681250506649748,0.19718309859154928,False,False,False,True,False,False,False,False,False,False,True,False,False,True,True,False,False,False,True,False,False
0.5612624384360239,0.40698110809428645,0.14084507042253522,False,True,False,False,False,False,False,False,False,False,False,False,False,True,True,False,False,False,False,True,False
0.23278721479545686,0.8899191462063569,0.6901408450704226,False,False,True,False,False,False,False,True,False,False,False,False,False,False,False,False,False,False,False,False,False
0.17398733541059405,0.37797922560900554,0.04225352112676056,False,False,False,False,True,False,False,False,True,False,False,False,False,True,False,True,False,False,True,False,False
0.4368278218916474,0.5980348494962525,0.6901408450704226,False,False,False,False,True,True,False,False,False,False,False,False,False,False,False,True,False,False,True,False,False
0.7696250879485376,0.01018403520377578,0.647887323943662,True,False,False,False,False,True,False,False,False,False,False,True,False,False,False,False,False,False,False,True,False
0.10372901799175797,0.5868230033496429,0.35211267605633806,False,False,False,False,True,False,False,True,False,False,False,False,False,False,False,True,False,False,True,False,False
0.4827620866418736,0.4209911620268392,0.3802816901408451,False,False,False,False,True,False,False,False,False,False,False,True,False,False,True,False,False,False,False,False,False
0.9484370288471204,0.12680304760456002,0.647887323943662,False,False,False,True,False,True,False,False,False,False,False,False,False,True,False,False,False,False,True,False,False
0.15499045130163838,0.6682912818213571,0.5211267605633804,True,False,False,False,False,False,True,False,False,False,False,True,False,False,True,False,False,False,False,False,False
0.10835259825108051,0.4335360599513016,0.8169014084507042,False,False,False,False,True,True,False,False,False,False,False,False,False,False,False,False,False,True,False,False,False
0.0337722384159212,0.050792074947133295,0.8450704225352113,True,False,False,False,False,False,False,False,False,False,True,False,False,True,False,False,False,False,True,False,False
0.3402351995175395,0.9187528960349717,0.2112676056338028,False,False,False,False,True,False,False,False,True,False,False,False,False,True,False,True,False,False,False,False,False
0.8485274902000202,0.15251033065088357,0.4507042253521127,False,False,False,True,False,False,False,True,False,False,False,False,True,False,False,False,False,False,False,False,False
0.7444969343652629,0.5021211736059751,0.3943661971830986,False,True,False,False,False,False,False,False,False,True,False,False,False,False,False,True,False,False,False,False,False
0.8976781586089055,0.046572745896512356,0.2112676056338028,False,False,False,True,False,False,False,True,False,False,False,False,True,False,False,False,True,False,False,False,False
0.4036586591617248,0.6514249743047265,0.28169014084507044,False,False,False,False,True,False,True,False,False,False,False,True,False,False,False,True,False,False,True,False,False
0.696853955171374,0.587073200755396,0.47887323943661975,False,False,False,False,False,False,False,False,False,False,True,False,False,False,False,True,False,False,False,False,False
0.7948537541461455,0.8565298020137889,0.9859154929577465,False,True,False,False,False,False,False,True,False,False,False,False,False,False,False,False,True,False,False,True,False
0.7897276108151573,0.8808569961699781,0.7746478873239437,False,False,False,False,False,False,False,False,False,False,False,False,False,False,True,False,False,False,False,False,True
0.814755251784099,0.07851094513571208,0.36619718309859156,False,False,False,False,False,False,True,False,False,False,False,False,False,False,False,True,False,False,True,False,False
0.6262940999095388,0.8103213435400531,0.9154929577464789,False,False,False,False,False,False,False,False,False,False,False,False,False,False,False,True,False,False,True,False,False
0.28354608503367174,0.9376998451778454,0.9295774647887325,False,False,False,False,False,False,True,False,False,False,False,False,False,False,True,False,False,False,True,False,False
0.3636546386571515,0.2310653105300082,0.04225352112676056,False,True,False,False,False,False,False,False,False,True,False,False,False,True,False,False,True,False,True,False,False
0.716152377123329,0.816930558210428,0.8309859154929577,False,False,False,False,False,False,False,False,True,False,False,False,False,False,False,True,False,False,False,False,True
0.16795657855060814,0.8971118212269481,0.4507042253521127,False,True,False,False,False,False,False,False,False,False,True,False,False,True,False,True,False,False,False,True,False
0.482159010955875,0.9377819099269324,0.3802816901408451,False,False,False,False,False,False,False,False,False,False,True,False,False,False,False,False,False,False,False,False,False
0.11277515328173687,0.0811580336885803,0.647887323943662,False,False,False,False,False,False,False,False,False,False,False,False,True,False,False,False,False,False,False,False,True
0.008543572218313401,0.370916653239406,0.7746478873239437,True,False,False,False,False,False,False,False,True,False,False,False,False,False,False,False,True,False,False,False,True
0.19730626193587297,0.02554215275852648,0.943661971830986,False,False,True,False,False,False,False,False,True,False,False,False,False,False,False,True,False,False,False,False,False
0.1456427781686602,0.9424075595644964,0.6338028169014085,False,True,False,False,False,True,False,False,False,False,False,True,False,False,False,False,True,False,False,False,False
0.28445069856266963,0.915830590335775,0.943661971830986,True,False,False,False,False,False,False,False,False,False,True,True,False,False,False,False,True,False,True,False,False
0.994974369283345,0.7557482853971784,0.3098591549295775,False,False,False,False,True,False,True,False,False,False,False,True,False,False,False,True,False,False,False,False,False
0.05829731631319731,0.661742114528363,0.3943661971830986,True,False,False,False,False,True,False,False,False,False,False,True,False,False,False,False,False,False,False,False,False
0.9573826515227662,0.1686600727974372,0.16901408450704225,False,False,False,False,False,False,False,False,False,False,True,True,False,False,False,False,False,False,False,False,True
0.49623077696250883,0.8166183118480481,0.5352112676056339,False,True,False,False,False,False,False,False,True,False,False,True,False,False,False,False,False,False,True,False,False
0.834154186350387,0.0795717821361054,0.3098591549295775,False,False,False,False,False,True,False,False,False,False,False,False,False,False,False,False,True,False,False,False,False
0.8376721278520456,0.5061243320980253,0.47887323943661975,True,False,False,False,False,False,True,False,False,False,False,False,True,False,False,False,False,False,True,False,False
0.811739873354106,0.24478413468226431,0.5633802816901409,False,False,True,False,False,False,False,False,False,True,False,False,True,False,False,False,True,False,False,True,False
0.6664991456427782,0.9673322251256242,0.8873239436619719,False,False,False,False,True,False,False,False,False,False,False,False,False,False,False,False,False,False,False,False,True
0.8882299728615942,0.23482327556442034,0.4366197183098592,True,False,False,False,False,True,False,False,False,False,False,False,True,False,False,True,False,False,False,True,False
0.7496230776962509,0.13220030604146674,0.7746478873239437,False,False,True,False,False,False,False,True,False,False,False,False,False,True,False,False,True,True,False,False,False
0.5635742285656851,0.8698673253196773,0.7042253521126761,False,False,False,False,True,False,False,False,False,True,False,False,False,True,False,False,False,False,False,False,True
0.9626093074680873,0.6373428635193168,0.14084507042253522,False,False,True,False,False,False,False,False,False,False,False,False,False,False,True,False,False,False,False,False,False
0.45331189064227567,0.7595312701721659,0.0,False,False,False,False,False,False,False,False,False,False,False,True,False,False,False,False,False,False,False,False,True
0.6922303749120515,0.6661976299300149,0.11267605633802817,False,False,False,False,False,True,False,False,False,False,False,False,False,False,False,False,True,False,True,False,False
0.6876067946527289,0.852229409003704,0.7887323943661972,False,False,False,False,True,False,False,False,False,False,True,False,True,False,False,False,True,False,False,False,False
0.145441752939994,0.21448522884555918,0.7887323943661972,False,False,True,False,False,False,False,False,False,False,False,False,True,False,True,False,False,False,True,False,False
0.35621670519650217,0.3725229205843411,0.8309859154929577,False,False,True,False,False,False,True,False,False,False,False,False,False,False,False,True,False,False,False,False,True
0.6405668911448388,0.9041603825418255,0.22535211267605634,False,False,True,False,False,False,False,False,False,False,False,False,True,False,True,False,False,False,True,False,False
0.6411699668308374,0.9243543155549729,0.056338028169014086,True,False,False,False,False,True,False,False,False,False,False,False,True,False,False,False,False,False,False,False,True
0.9805005528193789,0.19371183864068753,0.4225352112676057,True,False,False,False,False,False,True,False,False,False,False,False,True,False,False,False,True,True,False,False,False
0.10594029550708614,0.9046197449787883,0.676056338028169,False,False,False,True,False,False,False,False,False,False,True,False,True,False,False,True,False,False,False,False,True
0.5181425268871244,0.8745199962770627,0.14084507042253522,False,False,False,False,True,True,False,False,False,False,False,False,True,False,False,False,True,True,False,False,False
0.2845512111770027,0.6913114447298919,0.36619718309859156,False,True,False,False,False,False,False,True,False,False,False,False,True,False,True,False,False,False,False,True,False
0.612322846517238,0.41214618333865427,0.6619718309859155,False,False,False,False,False,False,False,False,True,False,False,False,True,False,False,False,False,False,True,False,False
0.5354306965524174,0.30199427348177715,0.14084507042253522,False,True,False,False,False,False,False,True,False,False,False,True,False,False,False,True,False,False,False,False,False
0.07749522565081919,0.5375921602144091,0.14084507042253522,False,False,False,True,False,False,True,False,False,False,False,False,True,False,False,False,False,True,False,False,False
0.2547994773344055,0.6321357551107825,0.014084507042253521,False,False,False,False,True,False,False,False,False,True,False,False,True,False,False,False,True,True,False,False,False
0.6736355412604282,0.22456818429741068,0.4366197183098592,False,False,False,False,False,False,False,False,False,True,False,False,True,False,False,False,False,False,False,True,False
0.23530003015378434,0.1690193562720987,0.49295774647887325,False,False,False,False,False,False,False,False,True,False,False,False,False,True,False,True,False,False,True,False,False
0.8692330887526386,0.6359047288310478,1.0,False,True,False,False,False,False,False,False,False,False,True,False,True,False,False,False,False,False,True,False,False
0.6349381847421852,0.5600388706689579,0.5915492957746479,False,False,False,True,False,False,False,False,True,False,False,False,False,True,False,False,True,False,True,False,False
0.6084028545582472,0.7686884952227307,0.14084507042253522,False,True,False,False,False,False,True,False,False,False,False,False,True,False,False,False,True,False,False,False,False
0.3964217509297417,0.7556412009075161,0.8028169014084507,False,False,True,False,False,False,False,True,False,False,False,False,False,False,False,False,False,True,False,False,False
0.7392702784199418,0.20507380323074909,0.014084507042253521,False,False,False,True,False,False,False,False,False,True,False,False,False,False,False,False,False,False,False,False,False
0.07055985526183536,0.9581109495391865,0.22535211267605634,False,False,False,False,False,False,False,False,True,False,False,False,True,False,False,False,False,False,True,False,False
0.29118504372298726,0.08528729167313011,0.02816901408450704,True,False,False,False,False,True,False,False,False,False,False,False,False,False,False,False,False,False,False,False,False
0.7587697256005629,0.561732206711095,0.4225352112676057,False,True,False,False,False,False,False,False,False,False,True,True,False,False,True,False,False,False,False,True,False
0.5334204442657554,0.2875648886971821,0.16901408450704225,False,False,True,False,False,False,False,True,False,False,False,True,False,False,False,True,False,False,True,False,False
0.7596743391295608,0.47149801193141394,0.056338028169014086,False,False,True,False,False,False,False,True,False,False,False,False,False,True,False,False,True,False,False,False,True
0.6904211478540557,0.03281088779046668,0.9154929577464789,False,False,False,False,True,False,False,False,True,False,False,True,False,False,True,False,False,False,False,False,False
0.4556236807719369,0.3951387644851789,0.4507042253521127,False,False,True,False,False,False,False,False,False,True,False,False,False,True,True,False,False,False,True,False,False
0.14343150065333202,0.49175499469081113,0.9154929577464789,False,False,False,False,False,False,False,False,True,False,False,False,False,False,False,False,True,False,True,False,False
0.5358327470097498,0.27967066015085906,0.9154929577464789,False,False,True,False,False,False,False,True,False,False,False,False,False,False,True,False,False,False,False,False,False
0.7180621167956579,0.8815975804910074,0.5915492957746479,True,False,False,False,False,False,False,False,True,False,False,True,False,False,True,False,False,False,False,True,False
0.6871042315810635,0.7498676455723566,0.47887323943661975,False,False,False,False,False,False,False,False,True,False,False,False,True,False,False,False,True,False,False,False,False
0.9755754347170571,0.7225911243971493,0.1267605633802817,False,False,True,False,False,False,True,False,False,False,False,False,True,False,False,True,False,False,False,True,False
0.8405869936677053,0.6959661172665234,0.28169014084507044,False,False,False,True,False,False,True,False,False,False,False,False,True,False,False,False,True,False,False,False,False
0.4065735249773847,0.8039673302235464,0.4507042253521127,False,False,False,False,True,False,True,False,False,False,False,False,False,False,False,False,False,False,False,True,False
0.19760779977887227,0.174223462311764,0.8309859154929577,False,False,False,False,False,False,False,False,True,False,False,True,False,False,False,False,True,False,False,False,False
0.11066438838074179,0.8579128932727923,0.5070422535211268,False,False,False,False,True,False,False,False,False,True,False,False,False,False,False,False,True,False,False,False,True
0.4741180018092271,0.729416509626095,0.5774647887323944,False,False,False,False,True,False,False,False,False,False,False,False,False,True,False,False,True,False,False,True,False
0.38586792642476636,0.8368402669706398,0.6056338028169015,False,False,True,False,False,False,False,False,False,True,False,False,False,False,True,False,False,False,False,False,False
0.9165745301035281,0.8861181472181552,0.6338028169014085,True,False,False,False,False,False,True,False,False,False,False,True,False,False,True,False,False,False,False,False,False
0.17529399939692436,0.8090123107131527,0.8309859154929577,False,True,False,False,False,True,False,False,False,False,False,False,False,True,False,False,False,False,True,False,False
0.3015378429992964,0.40110046826946466,0.1267605633802817,False,True,False,False,False,False,False,False,False,False,True,False,False,False,True,False,False,False,False,False,True
0.7722384159211981,0.38084648787893655,0.6056338028169015,False,False,False,True,False,False,False,True,False,False,False,False,True,False,False,True,False,False,True,False,False
0.698864207458036,0.2482088367722133,0.971830985915493,False,False,True,False,False,False,False,True,False,False,False,False,False,False,False,False,False,False,True,False,False
0.663282741984119,0.7092606066186221,0.5070422535211268,False,False,False,False,True,False,False,False,False,True,False,False,False,False,False,True,False,False,False,False,False
0.04854759272288673,0.6563438553018331,0.9295774647887325,True,False,False,False,False,True,False,False,False,False,False,False,False,False,False,False,False,False,False,True,False
0.10011056387576642,0.032217419544020236,0.8732394366197184,False,False,False,True,False,False,False,True,False,False,False,False,False,True,True,False,False,False,False,True,False
0.38998894361242337,0.29065132389455284,0.02816901408450704,False,False,True,False,False,False,False,True,False,False,False,False,False,True,False,True,False,False,False,True,False
0.23449592923911952,0.5574438231764862,0.5211267605633804,False,False,False,False,False,False,False,False,False,False,False,True,False,False,True,False,False,False,False,False,True
0.5893054578349584,0.18215972402225358,0.09859154929577466,False,False,False,False,False,False,False,False,False,False,False,True,False,False,False,False,True,False,False,True,False
0.29892451502663586,0.29218953754512317,0.9859154929577465,False,False,False,False,False,False,True,False,False,False,False,True,False,False,False,False,False,False,True,False,False
0.8676248869233089,0.09938241272363896,0.6056338028169015,False,False,False,False,False,False,True,False,False,False,False,False,True,False,True,False,False,False,False,False,True
0.662277615840788,0.3648698823371641,0.647887323943662,False,False,False,False,False,False,False,False,True,False,False,True,False,False,False,True,False,False,False,False,True
0.6092069554729119,0.605480724291466,0.4507042253521127,False,False,False,True,False,False,False,False,False,False,True,False,True,False,False,False,True,False,True,False,False
0.07186651924816564,0.8646161821677304,0.14084507042253522,True,False,False,False,False,False,False,False,False,True,False,False,False,False,True,False,False,False,False,False,True
0.0936777565584481,0.6110260995925786,0.35211267605633806,False,False,False,True,False,False,False,False,False,True,False,False,False,True,True,False,False,True,False,False,False
0.6712232385164338,0.41305189794748065,0.36619718309859156,False,False,False,False,False,False,False,False,True,False,False,False,False,False,False,False,False,False,False,True,False
0.1270479445170369,0.682070153350994,0.47887323943661975,True,False,False,False,False,True,False,False,False,False,False,False,True,False,False,False,False,True,False,False,False
0.8439039099406975,0.09381201768195106,0.19718309859154928,False,True,False,False,False,False,False,False,True,False,False,False,False,True,False,True,False,False,False,True,False
0.08975776459945724,0.5650238037811833,1.0,False,True,False,False,False,False,False,False,False,True,False,False,False,False,True,False,False,False,False,True,False
0.9065232686702182,0.2749779576085532,0.26760563380281693,False,False,True,False,False,False,False,False,False,True,False,False,True,False,False,False,True,False,True,False,False
0.3715951351894663,0.47671012428806336,0.25352112676056343,False,False,False,False,False,False,False,False,False,True,False,False,False,False,True,False,False,False,False,False,False
0.0673434516031762,0.31242950688092913,0.323943661971831,False,False,False,False,True,False,False,False,False,False,False,False,False,False,False,True,False,True,False,False,False
0.9413006332294704,0.9635282237685534,0.08450704225352114,False,False,True,False,False,False,False,False,False,False,False,False,False,False,False,True,False,False,False,False,True
0.4186350386973565,0.6809872989788944,0.09859154929577466,True,False,False,False,False,False,False,True,False,False,False,False,False,True,False,False,True,True,False,False,False
0.1528796864006433,0.9050600924129139,0.04225352112676056,False,False,False,False,False,False,True,False,False,False,False,False,False,False,False,False,False,True,False,False,False
0.9846215700070359,0.42936677038183135,0.07042253521126761,False,False,False,False,True,False,True,False,False,False,False,False,False,False,False,True,False,True,False,False,False
0.514725097999799,0.8583812628163622,0.47887323943661975,False,False,False,True,False,False,False,True,False,False,False,False,False,False,False,False,False,True,False,False,False
0.41974067745502064,0.6159109537425028,0.6056338028169015,True,False,False,False,False,True,False,False,False,False,False,False,True,False,True,False,False,False,True,False,False
0.9945723188260128,0.4672936947251382,0.6056338028169015,False,False,True,False,False,True,False,False,False,False,False,False,True,False,False,False,True,False,False,True,False
0.6356417730425169,0.2351795566702128,0.3802816901408451,False,False,False,False,True,False,False,False,False,True,False,False,True,False,False,True,False,False,True,False,False
0.045733239521559964,0.8238320034507227,0.33802816901408456,False,False,False,False,True,False,False,False,True,False,False,True,False,False,False,True,False,False,True,False,False
0.8933561161925823,0.9237938733660859,0.9154929577464789,False,False,False,False,True,False,False,False,True,False,False,False,True,False,True,False,False,False,False,True,False
0.5836767514323048,0.6308667538688025,0.8873239436619719,False,False,True,False,False,False,False,False,True,False,False,False,False,False,False,False,False,False,False,False,False
0.6566489094381345,0.6920250077310999,0.7464788732394366,False,False,False,False,True,True,False,False,False,False,False,False,False,True,False,False,True,False,False,False,True
0.7969645190471406,0.1333131841022567,0.09859154929577466,False,False,True,False,False,False,True,False,False,False,False,False,False,False,False,True,False,False,False,True,False
0.9046135289978893,0.041887048881567565,0.619718309859155,False,False,True,False,False,False,False,False,False,False,False,True,False,False,False,True,False,False,False,False,False
0.01608201829329581,0.17618601076249163,0.11267605633802817,False,False,True,False,False,False,False,False,True,False,False,False,False,True,False,False,True,False,False,False,True
0.6354407478138507,0.9168153673248194,0.943661971830986,False,False,False,False,True,False,False,False,False,False,True,False,False,False,False,False,False,False,True,False,False
0.8774751231279526,0.5099803745154927,0.8591549295774649,False,False,False,False,True,False,True,False,False,False,False,False,False,False,False,False,False,False,False,True,False
0.8237008744597448,0.4359139360955795,0.7042253521126761,True,False,False,False,False,False,False,False,True,False,False,False,True,False,True,False,False,False,True,False,False
0.6602673635541261,0.5376702218050041,0.7605633802816901,False,False,False,True,False,False,False,False,True,False,False,False,False,False,True,False,False,False,True,False,False
0.39320534727108253,0.8505861124427173,0.6901408450704226,True,False,False,False,False,False,False,False,False,False,False,False,False,False,False,False,False,False,False,True,False
0.35139209970851343,0.9378779857307417,0.1267605633802817,False,False,False,False,False,False,True,False,False,False,False,False,False,True,False,False,True,False,False,True,False
0.10171876570509598,0.40516267334927264,0.056338028169014086,True,False,False,False,False,False,True,False,False,False,False,False,True,False,True,False,False,False,False,False,False
0.8067142426374512,0.3461280950670079,0.8169014084507042,False,False,False,False,False,False,True,False,False,False,False,False,False,True,False,False,True,False,True,False,False
0.10001005126143331,0.8902063728281615,0.8732394366197184,False,False,False,False,False,False,False,False,False,False,True,False,True,False,False,False,True,False,True,False,False
0.004523067644989447,0.3760787261149047,0.6056338028169015,False,False,False,False,True,False,False,True,False,False,False,False,False,True,True,False,False,True,False,False,False
0.2677656045833752,0.22718825153045755,0.16901408450704225,False,False,False,True,False,False,False,False,True,False,False,False,False,True,True,False,False,True,False,False,False
0.5456829832143935,0.3936656021601044,0.5352112676056339,False,False,False,True,False,False,False,True,False,False,False,False,True,False,False,True,False,False,True,False,False
0.407880188963715,0.5290183955140606,0.5774647887323944,False,False,False,True,False,False,False,False,True,False,False,True,False,False,True,False,False,False,False,False,False
0.08483264649713539,0.4512430307512628,0.18309859154929578,False,True,False,False,False,True,False,False,False,False,False,False,False,True,False,True,False,False,True,False,False
0.9811036285053775,0.6773083963247002,0.3802816901408451,False,False,False,True,False,True,False,False,False,False,False,False,False,True,False,False,False,False,False,False,True
0.08945622675645794,0.48094346439340646,0.8169014084507042,False,True,False,False,False,False,False,True,False,False,False,False,True,False,True,False,False,False,True,False,False
0.46125238717459044,0.6055898103603744,0.8450704225352113,False,False,False,True,False,False,False,False,False,False,True,False,True,False,True,False,False,False,False,False,True
0.3026434817569605,0.9112549801793616,0.4225352112676057,False,False,False,True,False,False,False,False,False,False,False,False,True,False,False,False,False,True,False,False,False
0.4370288471203136,0.3861887028865776,0.02816901408450704,False,False,False,True,False,False,False,False,False,False,False,False,True,False,False,True,False,True,False,False,False
0.5415619660267365,0.10051030262877411,0.014084507042253521,False,True,False,False,False,False,False,False,False,False,False,False,False,True,False,False,False,False,False,False,True
0.23359131571012165,0.31774870372724084,0.23943661971830985,True,False,False,False,False,True,False,False,False,False,False,True,False,False,False,False,False,True,False,False,False
0.8204844708010856,0.22036787024962698,0.8169014084507042,False,False,False,False,False,False,False,False,True,False,False,False,False,True,False,True,False,False,False,True,False
0.24324052668609913,0.826168847220457,0.7464788732394366,False,False,False,True,False,False,False,False,False,False,True,False,False,False,True,False,False,False,False,False,True
0.6070961905719168,0.331071215188784,0.02816901408450704,True,False,False,False,False,True,False,False,False,False,False,False,False,True,False,False,False,True,False,False,False
0.14182329882400244,0.8553058363048446,0.8169014084507042,False,True,False,False,False,False,False,False,False,False,True,False,False,False,True,False,False,True,False,False,False
0.3398331490602071,0.3051457600046437,0.5492957746478874,False,False,False,False,False,False,False,False,False,False,True,False,False,True,True,False,False,False,False,True,False
0.3205347271082521,0.4428484073934335,0.7887323943661972,False,False,True,False,False,False,True,False,False,False,False,False,True,False,False,False,False,False,True,False,False
0.7920394009448186,0.8935580172756306,0.19718309859154928,False,False,False,True,False,False,False,False,False,False,False,False,False,True,False,False,False,False,False,True,False
0.30515629711528797,0.24029759480229904,0.8873239436619719,True,False,False,False,False,False,False,True,False,False,False,True,False,False,False,True,False,False,True,False,False
0.9311488591818274,0.9482841962308262,0.7605633802816901,False,False,False,False,False,False,False,True,False,False,False,False,True,False,False,True,False,False,False,True,False
0.5263845612624385,0.4372039539196427,0.4084507042253521,True,False,False,False,False,False,False,True,False,False,False,True,False,False,False,False,True,True,False,False,False
0.2925922203236506,0.7615668762653734,0.08450704225352114,True,False,False,False,False,False,False,True,False,False,False,True,False,False,False,True,False,True,False,False,False
0.25379435119107446,0.9988711093052419,0.19718309859154928,False,False,True,False,False,False,False,False,False,True,False,True,False,False,False,True,False,False,False,False,False
0.820886521258418,0.5933731714322601,0.8591549295774649,False,False,False,False,False,False,False,False,False,True,False,False,False,False,True,False,False,False,False,False,False
0.5987536435822697,0.19732168681089382,0.8591549295774649,False,False,True,False,False,False,False,False,False,False,False,True,False,False,False,False,True,False,True,False,False
0.5050758870238216,0.052728602867662594,0.19718309859154928,False,False,False,True,False,False,False,False,False,False,False,False,False,False,False,False,False,True,False,False,False
0.1445371394109961,0.06927165533606015,0.7464788732394366,False,False,True,False,False,False,False,False,False,True,False,False,False,False,True,False,False,False,False,True,False
0.7385666901196101,0.9540987839405292,0.7464788732394366,False,False,False,False,False,False,False,False,True,False,False,True,False,False,False,True,False,False,False,True,False
0.4204442657553523,0.6436328262999507,0.26760563380281693,False,False,False,False,True,False,False,False,False,True,False,False,True,False,False,True,False,False,False,False,True
0.7787717358528496,0.8995647565929519,0.5352112676056339,False,True,False,False,False,True,False,False,False,False,False,True,False,False,False,False,True,False,False,True,False
0.08091265453814454,0.8581400725172161,0.6056338028169015,False,False,False,True,False,True,False,False,False,False,False,False,False,True,False,False,False,False,False,True,False
0.3022414312996281,0.5037484575329936,0.9859154929577465,False,False,True,False,False,False,True,False,False,False,False,False,False,True,False,False,True,False,False,False,True
0.3666700170871444,0.4528252791452457,0.22535211267605634,False,False,False,False,True,False,False,False,True,False,False,False,False,True,False,True,False,False,False,False,True
0.2368077193687808,0.32740031885157395,0.07042253521126761,False,False,False,True,False,False,False,True,False,False,False,False,False,True,True,False,False,False,False,False,False
0.5041712734948236,0.8514517954666232,0.02816901408450704,False,False,False,True,False,True,False,False,False,False,False,True,False,False,False,False,True,False,False,True,False
0.7917378631018193,0.9236137312339436,0.3943661971830986,False,True,False,False,False,False,True,False,False,False,False,False,False,False,True,False,False,False,False,True,False
0.7172580158809931,0.1512853641523162,0.4084507042253521,False,False,True,False,False,False,False,False,False,False,False,False,True,False,False,False,True,True,False,False,False
0.2061513719971857,0.4523649159186599,0.09859154929577466,False,False,False,False,False,True,False,False,False,False,False,False,True,False,True,False,False,False,False,True,False
0.9536636847924415,0.7697793559118145,0.9014084507042254,False,False,False,True,False,False,False,False,False,True,False,False,True,False,False,True,False,False,False,False,True
0.1436325258819982,0.4070481609990283,0.5070422535211268,False,False,True,False,False,False,False,False,False,False,False,False,False,True,False,True,False,True,False,False,False
0.4570308573726003,0.31237746582053244,0.9295774647887325,False,False,False,False,False,False,False,False,True,False,False,False,True,False,False,False,False,False,False,False,False
0.7627902301738869,0.31172995493444333,0.943661971830986,False,True,False,False,False,False,True,False,False,False,False,False,False,True,False,True,False,False,True,False,False
0.6839883405367374,0.05960202599851284,0.5633802816901409,True,False,False,False,False,False,False,False,False,False,False,True,False,False,False,False,True,False,False,True,False
0.09407980701578048,0.2333050777063103,0.7605633802816901,True,False,False,False,False,False,False,False,True,False,False,False,False,True,False,False,True,True,False,False,False
0.8980802090662379,0.7222268369743728,0.4507042253521127,False,True,False,False,False,False,False,False,False,True,False,False,False,False,False,False,True,False,False,False,True
0.7688209870338728,0.8733020353058564,0.4225352112676057,False,False,False,False,True,False,False,True,False,False,False,False,True,False,True,False,False,True,False,False,False
0.11639360739772843,0.48216943168159687,0.02816901408450704,True,False,False,False,False,False,False,False,True,False,False,False,True,False,False,False,False,False,False,False,False
0.3942104734144135,0.5128306233618325,0.19718309859154928,False,False,True,False,False,True,False,False,False,False,False,False,False,False,False,False,True,True,False,False,False
0.37420846316212686,0.850080713683096,0.7746478873239437,False,True,False,False,False,False,False,False,False,False,True,False,False,False,False,False,True,False,False,False,False
0.7792742989245152,0.6608043746516001,0.14084507042253522,True,False,False,False,False,False,False,False,False,True,False,True,False,False,True,False,False,False,False,True,False
0.06302140918685295,0.6980617707371116,0.2112676056338028,False,False,False,True,False,True,False,False,False,False,False,False,False,True,False,False,False,False,False,False,False
0.7178610915669917,0.5006259939091944,0.09859154929577466,True,False,False,False,False,False,False,False,True,False,False,False,True,False,False,False,True,False,False,False,False
0.9577847019800987,0.2391076559405371,0.8732394366197184,False,False,False,True,False,False,False,False,True,False,False,False,True,False,False,False,True,False,False,False,True
0.8999899487385669,0.14341715613619146,0.7887323943661972,False,False,True,False,False,False,False,False,False,True,False,False,False,True,False,False,True,False,False,False,False
0.9964820584983416,0.46465961643736914,0.36619718309859156,False,False,True,False,False,False,False,False,False,True,False,True,False,False,False,True,False,False,False,False,True
0.007538446074982411,0.3509158726235,0.7746478873239437,False,False,False,False,True,True,False,False,False,False,False,False,True,False,False,True,False,False,False,True,False
0.13528997889235103,0.4789789143634328,0.7464788732394366,False,False,False,False,False,False,True,False,False,False,False,False,True,False,False,False,True,True,False,False,False
0.011257412805307069,0.8232295280976691,0.295774647887324,False,False,False,False,False,False,False,False,False,False,False,False,True,False,False,False,True,False,True,False,False
0.18062116795657857,0.3948445323360132,0.36619718309859156,False,False,False,False,False,True,False,False,False,False,False,False,False,False,False,True,False,True,False,False,False
0.2852547994773344,0.09629197436777619,0.8309859154929577,False,False,True,False,False,False,False,False,False,False,True,False,False,True,False,False,False,True,False,False,False
0.19097396723288776,0.3254667932999137,0.056338028169014086,False,False,False,False,False,True,False,False,False,False,False,True,False,False,False,True,False,False,False,True,False
0.29279324555231684,0.6627659223127048,0.4084507042253521,False,False,False,False,True,False,True,False,False,False,False,False,False,False,False,False,True,False,False,False,True
0.5703085737260026,0.10734169259545782,0.23943661971830985,False,False,True,False,False,False,False,False,True,False,False,False,False,True,False,False,True,False,False,False,True
0.027138405869936683,0.9825942668765657,0.07042253521126761,False,False,True,False,False,False,False,False,False,False,False,True,False,False,False,False,True,False,True,False,False
0.7909337621871545,0.9507511426515521,0.7464788732394366,False,False,False,False,True,False,True,False,False,False,False,False,False,True,False,False,False,True,False,False,False
0.8041009146647905,0.2796046080357403,0.8309859154929577,False,False,False,True,False,True,False,False,False,False,False,True,False,False,False,False,False,True,False,False,False
0.7106241833350087,0.18982477174490675,0.19718309859154928,False,False,False,False,True,False,False,False,False,False,True,False,False,True,False,False,True,False,False,False,False
0.11599155694039602,0.7131736940446012,0.8169014084507042,True,False,False,False,False,False,True,False,False,False,False,False,True,False,False,False,False,False,False,False,False
0.2869635139209971,0.8175680612002871,0.943661971830986,True,False,False,False,False,False,False,False,False,True,False,False,True,False,False,True,False,True,False,False,False
0.2782189164740175,0.7073480976490452,0.14084507042253522,False,False,False,True,False,False,False,True,False,False,False,False,False,True,False,True,False,False,False,False,False
0.389586893155091,0.6688837492781805,0.4507042253521127,False,False,False,False,False,False,False,False,False,True,False,False,False,False,False,False,True,False,False,True,False
0.5700070358830034,0.6092527003806003,0.04225352112676056,False,False,False,False,False,False,False,False,False,False,True,False,False,True,False,False,False,False,False,False,True
0.8380741783093779,0.9807167855437942,0.02816901408450704,False,True,False,False,False,False,False,False,False,False,True,False,True,False,True,False,False,False,False,True,False
0.840285455824706,0.9201600062449273,0.647887323943662,False,True,False,False,False,False,False,False,True,False,False,False,True,False,True,False,False,False,True,False,False
0.3918986832847523,0.19518900412425405,0.18309859154929578,False,False,False,False,False,False,False,True,False,False,False,False,False,False,False,True,False,False,True,False,False
0.46497135390491506,0.7134809364588661,0.49295774647887325,False,True,False,False,False,False,True,False,False,False,False,False,False,True,False,True,False,False,True,False,False
0.8059101417227864,0.018597673564442346,0.3943661971830986,False,False,False,False,False,False,False,False,False,False,False,False,True,False,True,False,False,False,False,False,True
0.8650115589506484,0.9634271440166292,0.5070422535211268,False,False,False,True,False,False,True,False,False,False,False,True,False,False,False,False,True,False,False,False,True
0.6608704392401247,0.7270366319025712,0.16901408450704225,True,False,False,False,False,False,True,False,False,False,False,False,False,False,False,False,False,False,False,True,False
0.7866117197708313,0.13009164230577927,0.9154929577464789,False,False,False,False,False,False,False,False,True,False,False,False,False,True,False,False,False,False,True,False,False
0.9767815860890543,0.9072057853646528,0.19718309859154928,True,False,False,False,False,False,False,False,False,False,False,False,False,False,False,False,True,False,False,False,False
0.1451402150969947,0.5572336573556537,0.971830985915493,False,False,False,True,False,False,False,False,True,False,False,False,True,False,False,False,True,False,False,True,False
0.5909136596642879,0.38041915070991017,0.35211267605633806,False,False,False,False,True,False,False,False,False,False,False,False,False,True,False,True,False,False,False,False,True
0.39250175897075085,0.337205054788228,0.014084507042253521,True,False,False,False,False,False,False,False,False,True,False,True,False,False,False,False,False,False,False,False,True
0.1360940798070158,0.803295800386505,0.3098591549295775,False,False,False,False,False,False,False,False,True,False,False,False,True,False,False,False,False,False,False,False,True
0.6361443361141824,0.19558831918383607,0.0,False,True,False,False,False,False,False,False,True,False,False,False,False,False,False,False,True,False,True,False,False
0.36717258015881,0.3582296431884758,0.4084507042253521,True,False,False,False,False,False,False,False,False,False,False,True,False,False,False,True,False,False,False,False,False
0.08664187355513117,0.21201027610784912,0.18309859154929578,False,False,True,False,False,False,False,False,False,True,False,True,False,False,False,False,True,True,False,False,False
0.5180420142727913,0.7579179972998696,0.5915492957746479,False,True,False,False,False,False,False,True,False,False,False,False,True,False,False,False,True,True,False,False,False
0.5893054578349584,0.7478710702744465,0.647887323943662,False,False,False,True,False,False,False,False,False,True,False,True,False,False,True,False,False,False,False,False,True
0.6449894461754951,0.9970136437649306,0.9577464788732395,False,False,True,False,False,False,False,False,False,False,True,False,False,False,False,True,False,False,True,False,False
0.5254799477334406,0.28170326387519756,0.4366197183098592,False,False,False,True,False,False,True,False,False,False,False,True,False,False,False,False,False,False,False,False,True
0.06975575434717057,0.7401409712262976,0.7464788732394366,False,True,False,False,False,False,False,True,False,False,False,False,False,True,False,False,False,True,False,False,False
0.46929339632123834,0.5544614700999089,0.4225352112676057,False,False,False,False,True,False,False,False,False,False,True,False,False,False,False,False,False,True,False,False,False
0.9919589908533522,0.7452670156753679,0.09859154929577466,False,False,False,True,False,False,False,True,False,False,False,True,False,False,True,False,False,False,True,False,False
0.10493516936375516,0.6003286593121974,0.2112676056338028,False,False,False,False,False,False,False,True,False,False,False,True,False,False,True,False,False,False,False,False,False
0.48607900291486583,0.9739984848045108,0.3098591549295775,False,True,False,False,False,False,False,False,True,False,False,False,False,True,True,False,False,False,True,False,False
0.8038998894361243,0.07776035291845267,0.6901408450704226,False,False,False,False,False,False,False,False,False,False,True,False,False,False,False,False,False,True,False,False,False
0.6981606191577043,0.6760644148232956,0.8309859154929577,False,True,False,False,False,False,True,False,False,False,False,True,False,False,False,False,True,True,False,False,False
0.18554628605890042,0.1225386830209035,0.6338028169014085,False,False,False,False,False,False,False,False,True,False,False,True,False,False,True,False,False,False,False,False,True
0.6616745401547894,0.17728587855818242,1.0,False,False,False,True,False,True,False,False,False,False,False,False,True,False,False,False,False,False,True,False,False
0.6020705598552619,0.7751005543373722,0.5915492957746479,False,True,False,False,False,False,False,False,False,True,False,False,False,True,True,False,False,True,False,False,False
0.24545180420142734,0.8525756822132663,0.6056338028169015,False,False,True,False,False,False,False,False,True,False,False,False,False,True,False,False,True,False,False,False,True
0.31721781083525985,0.7752206490921337,0.09859154929577466,False,False,False,False,False,False,False,False,True,False,False,False,False,False,False,False,True,True,False,False,False
0.7163534023519952,0.8233185983741172,0.49295774647887325,False,False,True,False,False,False,False,False,False,False,True,True,False,False,False,False,True,False,False,True,False
0.7044929138606896,0.9477687895749747,0.8169014084507042,False,False,True,False,False,False,True,False,False,False,False,True,False,False,False,False,False,False,True,False,False
0.7522364056689116,0.973056741769256,0.9859154929577465,False,False,False,False,False,False,False,False,True,False,False,False,False,True,True,False,False,False,True,False,False
0.09538647100211077,0.11650792475262983,0.7042253521126761,True,False,False,False,False,False,False,False,False,False,False,False,False,True,False,False,True,False,False,True,False
0.9190873454618556,0.7110900500494891,0.11267605633802817,False,False,False,True,False,False,False,False,False,False,True,False,False,True,False,False,True,False,False,True,False
0.6592622374107951,0.46713456917507923,0.33802816901408456,False,False,False,False,False,False,False,False,True,False,False,False,True,False,False,False,False,False,False,False,False
0.6656950447281135,0.5407756720052121,0.19718309859154928,False,False,True,False,False,False,False,True,False,False,False,False,False,True,True,False,False,False,False,False,True
0.3981304653734044,0.874305827297738,0.07042253521126761,False,False,False,False,True,False,False,False,False,False,False,False,False,True,False,False,False,False,False,True,False
0.605186450899588,0.008080375416203385,0.22535211267605634,False,False,False,False,True,False,False,True,False,False,False,False,True,False,False,True,False,False,False,False,True
0.18072168057091167,0.11254579863512312,0.4366197183098592,False,False,False,False,False,False,False,False,True,False,False,False,False,False,False,False,False,False,False,False,True
0.09448185747311288,0.9430450625543555,0.7746478873239437,False,False,False,False,False,False,False,False,True,False,False,True,False,False,False,False,True,False,False,False,True
0.5179415016584582,0.16839286196809283,0.36619718309859156,False,False,True,False,False,True,False,False,False,False,False,False,True,False,True,False,False,False,False,False,True
0.2468589808020907,0.5592912808205674,0.36619718309859156,False,False,False,False,False,False,False,False,False,False,True,False,False,False,False,False,False,False,False,True,False
0.13247562569102425,0.14454604683094963,0.16901408450704225,False,False,True,False,False,False,False,False,False,True,False,False,False,True,True,False,False,True,False,False,False
0.021409186852950048,0.418820449334525,0.7323943661971831,True,False,False,False,False,False,False,False,False,False,False,False,True,False,True,False,False,False,False,True,False
0.8842094682882703,0.8431862739701625,0.9295774647887325,False,False,True,False,False,False,False,False,False,True,False,False,False,False,False,True,False,False,False,True,False
0.49793949140617155,0.8414378944987596,0.5633802816901409,False,False,False,False,False,False,True,False,False,False,False,False,False,True,False,False,True,False,False,False,True
0.19117499246155395,0.04966918899011321,0.323943661971831,False,False,True,False,False,False,True,False,False,False,False,True,False,False,True,False,False,True,False,False,False
0.040406070961905724,0.051918964062645435,0.8028169014084507,False,False,False,False,False,False,False,False,False,False,True,False,False,True,False,False,False,False,False,False,True
0.9727610815157304,0.6944319067744451,0.9154929577464789,False,True,False,False,False,False,False,False,False,False,False,False,True,False,False,True,False,False,False,False,True
0.6248869233088753,0.5202184523589112,0.7323943661971831,True,False,False,False,False,False,False,False,False,False,True,False,True,False,False,True,False,False,True,False,False
0.460749824102925,0.5754089976991846,0.47887323943661975,False,False,False,False,True,False,False,False,False,True,False,False,False,True,False,False,True,False,False,False,False
0.2608302341943914,0.850961408551347,0.07042253521126761,False,True,False,False,False,False,False,False,True,False,False,False,False,False,True,False,False,False,True,False,False
0.13689818072168058,0.40321913990138225,0.47887323943661975,False,False,False,False,True,False,False,True,False,False,False,False,False,False,False,True,False,False,False,False,False
0.8090260327671123,0.3454255407516531,0.04225352112676056,False,False,True,False,False,True,False,False,False,False,False,True,False,False,True,False,False,False,True,False,False
0.30163835561362956,0.4282659017965175,0.5633802816901409,False,True,False,False,False,False,False,False,True,False,False,False,False,False,True,False,False,False,False,True,False
0.6930344758267163,0.8528408914633646,0.15492957746478872,False,False,True,False,False,False,False,False,False,False,False,False,True,False,False,False,True,False,False,False,False
0.780178912453513,0.03640872648519683,0.4084507042253521,False,False,False,False,True,True,False,False,False,False,False,False,False,True,False,True,False,False,False,False,True
0.9260227158508393,0.7258557001474164,0.11267605633802817,False,False,True,False,False,False,False,False,False,False,True,False,False,False,False,True,False,False,False,False,False
0.3494823600361846,0.7661094603642274,0.2112676056338028,False,True,False,False,False,False,False,False,False,False,True,False,True,False,False,True,False,False,False,True,False
0.16805709116494122,0.24234120721249067,0.8169014084507042,False,True,False,False,False,False,False,False,False,True,False,False,True,False,False,False,False,False,True,False,False
0.45250778972761085,0.8388898841185696,0.26760563380281693,False,False,False,False,True,True,False,False,False,False,False,False,False,True,False,False,False,False,True,False,False
0.9904513016383558,0.38928814834904746,0.7323943661971831,False,False,False,False,False,False,False,False,False,False,True,False,True,False,False,True,False,True,False,False,False
0.5622675645793548,0.3594365954738289,0.5211267605633804,False,False,True,False,False,False,False,False,False,False,True,False,False,True,False,False,True,False,True,False,False
0.7311287566589607,0.9440098237509396,0.4366197183098592,False,True,False,False,False,False,False,False,False,False,True,True,False,False,False,False,True,False,False,True,False
0.14262739973866723,0.7839895677689698,0.5915492957746479,False,False,False,False,True,True,False,False,False,False,False,True,False,False,False,True,False,False,False,False,False
0.719167755553322,0.2632897356013896,0.676056338028169,False,False,False,False,False,False,False,True,False,False,False,True,False,False,False,False,True,False,True,False,False
0.20192984219519552,0.4571206682072156,0.14084507042253522,False,False,False,False,False,False,False,False,False,False,True,True,False,False,False,False,False,False,False,False,True
0.6828827017790733,0.18656519994275486,0.5492957746478874,False,False,False,False,True,False,False,False,False,False,False,False,True,False,False,False,True,False,False,False,True
0.08352598251080512,0.19866174411610762,0.5633802816901409,False,False,False,False,False,False,False,False,False,False,False,False,True,False,False,True,False,False,False,False,False
0.5134184340134688,0.06532754343176767,0.3802816901408451,False,False,False,False,True,False,False,False,False,True,False,False,False,False,False,False,True,False,True,False,False
0.8371695647803801,0.08980285445216277,0.9014084507042254,False,False,True,False,False,False,False,False,False,False,True,False,False,False,True,False,False,True,False,False,False
0.14122022313800386,0.4704181599281834,0.7323943661971831,False,False,False,False,False,False,False,False,False,False,True,False,True,False,True,False,False,False,False,False,True
0.20122625389486384,0.03302805913866041,0.2112676056338028,True,False,False,False,False,False,False,False,False,True,False,False,False,True,False,False,False,True,False,False,False
0.8321439340637251,0.14272561050668978,0.647887323943662,True,False,False,False,False,True,False,False,False,False,False,True,False,False,True,False,False,False,False,True,False
0.7967634938184742,0.15162563262414047,0.04225352112676056,False,False,False,True,False,False,False,False,False,False,True,False,False,True,False,False,True,False,True,False,False
0.9719569806010656,0.4996212011276899,0.6901408450704226,True,False,False,False,False,True,False,False,False,False,False,False,True,False,False,False,True,False,True,False,False
0.41340838275203545,0.248983447940425,0.8169014084507042,False,False,False,False,False,True,False,False,False,False,False,True,False,False,False,False,True,False,False,False,False
0.00512614333098804,0.4700208464478474,0.11267605633802817,False,False,False,False,True,False,False,False,True,False,False,True,False,False,False,True,False,False,True,False,False
0.8744597446979597,0.42983513992540123,0.5070422535211268,False,False,True,False,False,False,False,False,False,False,False,False,True,False,False,False,True,False,True,False,False
0.002512815358327471,0.2691023217318465,0.8873239436619719,False,False,False,False,True,False,False,True,False,False,False,False,False,True,False,False,False,False,False,False,True
0.3684792441451402,0.6963243999515618,0.5774647887323944,False,True,False,False,False,False,False,True,False,False,False,False,True,False,False,True,False,False,True,False,False
0.9838174690923711,0.35536138012892177,0.47887323943661975,False,False,True,False,False,False,False,False,False,False,False,False,True,False,True,False,False,False,False,False,False
0.5572419338626998,0.8905126144528033,0.7323943661971831,False,False,False,False,False,False,False,False,True,False,False,False,True,False,True,False,False,False,False,False,True
0.23248567695245756,0.581650922577914,0.0,False,False,False,True,False,False,False,False,False,False,True,True,False,False,False,False,False,False,True,False,False
0.39139612021308673,0.15546666319726266,0.25352112676056343,False,False,False,False,True,False,False,False,True,False,False,False,True,False,False,False,False,False,False,False,False
0.836164438637049,0.8245245498698474,0.04225352112676056,True,False,False,False,False,False,False,False,False,False,True,False,True,False,True,False,False,False,False,True,False
0.2852547994773344,0.21227648614757044,0.9859154929577465,True,False,False,False,False,False,True,False,False,False,False,True,False,False,True,False,False,True,False,False,False
0.09649210975977486,0.047350359433593114,0.9577464788732395,False,False,False,True,False,False,False,False,False,False,False,False,False,False,False,False,False,False,True,False,False
0.46748416926324254,0.9408313159082516,0.1267605633802817,False,True,False,False,False,False,False,False,True,False,False,False,False,True,True,False,False,False,True,False,False
0.18253090762890745,0.2927990184255378,0.19718309859154928,False,True,False,False,False,False,False,False,False,False,False,True,False,False,False,False,True,False,True,False,False
0.7962609307468088,0.6398598494211933,0.07042253521126761,True,False,False,False,False,False,False,False,False,False,True,False,True,False,False,False,True,True,False,False,False
0.295004523067645,0.9501876980937961,0.33802816901408456,False,False,False,False,False,False,False,False,False,False,False,False,False,False,False,True,False,False,False,True,False
0.00422152980199015,0.2601772798738205,0.2112676056338028,False,False,True,False,False,False,False,True,False,False,False,False,False,False,False,False,True,True,False,False,False
0.924515026635843,0.21512173104579516,0.23943661971830985,False,False,True,False,False,False,False,False,True,False,False,False,True,False,False,False,False,False,False,True,False
0.1969042114785406,0.6895170289358304,0.943661971830986,False,False,False,False,False,False,False,False,False,False,True,True,False,False,False,False,False,False,False,False,False
0.15820685496029752,0.2378556681221484,0.4366197183098592,False,False,False,False,True,True,False,False,False,False,False,False,True,False,False,False,True,False,False,False,False
0.1801186048849131,0.2893432918572754,0.36619718309859156,False,False,True,False,False,False,False,False,False,False,False,False,True,False,True,False,False,True,False,False,False
0.48768720474419547,0.3822045593973646,0.4084507042253521,False,False,False,False,False,False,False,True,False,False,False,True,False,False,False,False,True,False,False,False,True
0.11991154889938688,0.6058640267170798,0.5633802816901409,False,False,True,False,False,False,True,False,False,False,False,False,False,True,False,False,True,False,False,True,False
0.007739471303648608,0.5883852359511655,0.676056338028169,False,False,False,False,False,False,False,False,False,False,False,True,False,False,True,False,False,False,False,True,False
0.21188059101417228,0.8315991317149232,0.7605633802816901,False,False,True,False,False,False,True,False,False,False,False,True,False,False,False,False,False,True,False,False,False
0.14212483666700174,0.8809420632879342,0.9154929577464789,False,True,False,False,False,False,False,False,False,False,False,False,False,False,False,False,False,False,False,True,False
0.9229068248065132,0.4181168942295472,0.5352112676056339,False,False,False,False,False,False,False,False,False,True,False,True,False,False,True,False,False,False,True,False,False
0.3105839782892753,0.2641644257319025,0.5070422535211268,False,True,False,False,False,False,False,False,False,True,False,True,False,False,False,False,True,False,False,False,True
0.08794853754146145,0.43789549954914436,0.26760563380281693,False,False,True,False,False,False,False,False,False,False,False,False,False,False,False,False,True,False,True,False,False
0.3678761684591417,0.7140884157600347,0.9859154929577465,False,False,True,False,False,False,False,False,True,False,False,False,False,False,True,False,False,True,False,False,False
0.08041009146647905,0.523152767533584,0.4084507042253521,False,False,False,False,True,False,False,False,True,False,False,False,False,False,False,True,False,False,False,False,False
0.8516433812443462,0.19358073520007288,0.7464788732394366,False,False,False,False,False,False,False,False,False,False,True,True,False,False,False,False,True,False,False,False,True
0.13659664287868128,0.6557333736317955,0.8450704225352113,False,False,False,False,False,False,False,False,False,True,False,False,True,False,False,False,True,False,False,True,False
0.7590712634435622,0.5733563781823859,0.1267605633802817,False,False,True,False,False,False,False,False,True,False,False,True,False,False,False,False,True,False,False,False,False
0.4600462358025933,0.7989233505235631,0.1267605633802817,True,False,False,False,False,False,True,False,False,False,False,False,False,False,False,False,False,False,True,False,False
0.5966428786812745,0.8996988624024356,0.14084507042253522,False,False,False,False,False,False,False,False,False,False,True,False,True,False,False,True,False,False,True,False,False
0.18343552115790535,0.43592894793992465,0.6056338028169015,False,False,False,False,True,False,False,True,False,False,False,False,True,False,False,False,False,False,False,False,False
0.5608603879786913,0.14197902144792243,0.3943661971830986,False,False,False,False,True,False,False,False,False,True,False,False,True,False,False,True,False,False,False,False,True
0.6462961101618253,0.27599075670704193,0.014084507042253521,False,True,False,False,False,False,True,False,False,False,False,False,False,True,False,False,True,False,False,True,False
0.33279726605689014,0.8081316158449017,0.5070422535211268,False,False,False,True,False,False,False,False,True,False,False,False,False,False,False,False,False,True,False,False,False
0.9095386471002112,0.4834414352924458,0.014084507042253521,False,True,False,False,False,False,False,False,False,False,True,False,False,False,True,False,False,False,False,False,True
0.415016584581365,0.006871421551604216,0.4366197183098592,False,False,False,True,False,False,False,False,True,False,False,True,False,False,False,True,False,False,False,False,False
0.38385767413810434,0.33380637322847734,0.35211267605633806,False,False,False,False,False,False,False,False,True,False,False,True,False,False,False,False,True,False,False,True,False
0.8433008342546991,0.840357041705906,0.8028169014084507,False,True,False,False,False,True,False,False,False,False,False,False,False,False,False,False,True,False,True,False,False
0.6931349884410494,0.18703557106557075,0.8028169014084507,True,False,False,False,False,False,False,True,False,False,False,False,True,False,False,False,True,False,False,False,True
0.34134083827520356,0.4706743620716746,0.09859154929577466,False,False,False,False,False,False,False,False,True,False,False,False,False,True,False,True,False,False,False,True,False
0.9595939290380944,0.6295627249900172,0.5211267605633804,True,False,False,False,False,True,False,False,False,False,False,False,False,False,False,False,True,False,False,False,True
0.987636948437029,0.9048879565977557,0.14084507042253522,False,False,False,False,True,False,True,False,False,False,False,False,False,False,False,False,False,False,False,False,False
0.12151975072871647,0.8208556551118833,0.9014084507042254,False,False,False,True,False,True,False,False,False,False,False,False,False,True,False,False,False,False,False,False,False
0.7868127449994975,0.21389676454722778,0.08450704225352114,False,False,False,False,False,False,False,False,False,True,False,True,False,False,False,True,False,False,False,True,False
0.20715649814051665,0.01835648326529632,0.5915492957746479,False,False,False,False,False,False,False,False,False,False,False,True,False,False,False,True,False,False,False,True,False
0.499447180621168,0.7604059603026788,0.7746478873239437,True,False,False,False,False,False,False,False,False,False,False,False,True,False,False,False,True,False,False,False,True
0.7672127852045433,0.6034541253048655,0.7887323943661972,False,False,False,True,False,False,False,True,False,False,False,True,False,False,False,False,True,False,False,False,False
0.1707709317519349,0.6940305901356171,0.7464788732394366,False,True,False,False,False,False,False,True,False,False,False,False,False,False,False,False,True,False,False,False,False
0.666197607799779,0.6990195264063347,0.323943661971831,False,False,False,False,True,False,False,False,False,False,False,False,False,True,False,False,True,False,False,False,False
0.23791335812644493,0.06370826582173335,0.2112676056338028,False,False,True,False,False,False,False,False,True,False,False,False,False,True,False,False,False,True,False,False,False
0.3853653633531009,0.687170177269866,0.46478873239436624,False,False,False,True,False,False,False,False,True,False,False,False,True,False,True,False,False,False,True,False,False
0.1455422655543271,0.4173933233321091,0.3098591549295775,False,False,True,False,False,False,True,False,False,False,False,False,False,False,False,True,False,False,True,False,False
0.14715046738365667,0.9703796295276974,0.647887323943662,False,False,False,True,False,False,False,False,False,False,True,False,True,False,False,False,True,False,False,True,False
0.09950748818976783,0.24020652294660488,0.22535211267605634,False,False,False,False,True,False,True,False,False,False,False,False,False,True,False,False,True,True,False,False,False
0.5947331390089456,0.747583843652642,0.26760563380281693,False,True,False,False,False,False,False,False,False,False,False,True,False,False,True,False,False,False,False,False,True
0.36345361342848526,0.9775322729633682,0.9859154929577465,True,False,False,False,False,False,False,False,False,True,False,True,False,False,False,False,False,True,False,False,False
0.5877977686199618,0.2671878111830235,0.26760563380281693,True,False,False,False,False,False,False,False,False,True,False,False,False,True,False,False,True,False,False,True,False
0.19067242938988846,0.4962385322019074,0.26760563380281693,False,False,False,True,False,False,False,False,False,True,False,False,False,False,True,False,False,False,False,False,False
0.6444868831038296,0.10427727476979337,0.943661971830986,False,False,True,False,False,False,False,False,False,False,False,True,False,False,True,False,False,True,False,False,False
0.9825108051060409,0.8778396154565953,0.25352112676056343,False,False,False,True,False,False,False,True,False,False,False,True,False,False,False,True,False,True,False,False,False
0.41592119811036293,0.09296334808163642,0.323943661971831,False,False,False,True,False,False,False,True,False,False,False,False,False,False,True,False,False,False,False,False,True
0.1278520454317017,0.7906147950733129,0.7183098591549296,False,False,False,False,False,False,True,False,False,False,False,False,False,False,False,False,True,False,True,False,False
0.5442758066137301,0.10684029699432854,0.943661971830986,False,False,False,True,False,False,False,False,True,False,False,False,True,False,False,False,True,True,False,False,False
0.7187657050959897,0.4018530620659701,0.6056338028169015,False,False,True,False,False,False,False,False,True,False,False,False,True,False,True,False,False,False,False,False,True
0.9386873052568099,0.6025253925347099,0.9859154929577465,False,False,False,True,False,False,False,False,False,False,True,False,False,True,False,False,False,False,False,False,True
0.18232988240024126,0.7012733046373589,0.5633802816901409,False,False,True,False,False,True,False,False,False,False,False,False,False,False,True,False,False,True,False,False,False
0.638757664086843,0.11638182526013024,0.5070422535211268,True,False,False,False,False,True,False,False,False,False,False,True,False,False,False,False,False,False,True,False,False
0.415016584581365,0.45334168659072016,0.09859154929577466,False,True,False,False,False,False,False,False,True,False,False,False,True,False,False,False,False,False,False,False,True
0.12935973464669817,0.040450915772544546,0.9154929577464789,False,False,True,False,False,False,False,False,False,True,False,False,False,True,False,True,False,False,True,False,False
0.011257412805307069,0.33649149178702004,0.47887323943661975,False,True,False,False,False,False,False,True,False,False,False,False,False,False,False,False,True,False,False,False,True
0.9261232284651725,0.9115281957464441,0.23943661971830985,False,False,True,False,False,False,False,True,False,False,False,False,False,False,False,True,False,False,False,False,False
0.31842396220725705,0.8131255560637344,0.15492957746478872,False,False,False,True,False,False,False,False,False,False,True,False,False,False,False,True,False,True,False,False,False
0.6408684289878381,0.7970828984068431,0.35211267605633806,False,False,False,False,True,True,False,False,False,False,False,False,True,False,False,False,True,True,False,False,False
0.814855764398432,0.7381724180378318,0.323943661971831,False,True,False,False,False,False,True,False,False,False,False,False,False,True,False,False,False,True,False,False,False
0.8726505176399638,0.3157401189538546,0.7183098591549296,False,False,False,False,False,True,False,False,False,False,False,False,True,False,False,False,False,True,False,False,False
0.7029852246456931,0.16443974295719324,0.08450704225352114,False,False,False,True,False,True,False,False,False,False,False,False,True,False,True,False,False,False,False,True,False
0.012564076791637353,0.6180026040545991,0.295774647887324,False,True,False,False,False,False,False,False,True,False,False,False,False,True,False,False,True,False,False,True,False
0.9680369886420747,0.3740351137047131,0.7323943661971831,False,False,True,False,False,False,False,True,False,False,False,False,False,False,False,True,False,True,False,False,False
0.7438938586792644,0.33260442489123926,0.7323943661971831,False,False,True,False,False,False,False,False,False,False,False,False,False,False,False,True,False,True,False,False,False
0.02030354809528596,0.4148022789981296,0.5070422535211268,False,False,True,False,False,False,False,True,False,False,False,False,False,True,False,True,False,False,True,False,False
0.8154588400844306,0.1400575053717383,0.16901408450704225,False,False,False,False,False,False,False,False,False,True,False,False,False,False,False,False,True,False,True,False,False
0.4325057794753242,0.7292603864449051,0.295774647887324,False,False,False,True,False,True,False,False,False,False,False,True,False,False,False,True,False,False,False,False,True
0.8420946828827018,0.7763885705821894,0.676056338028169,False,False,False,False,False,True,False,False,False,False,False,False,False,True,False,True,False,False,True,False,False
0.171876570509599,0.8401598861501726,0.056338028169014086,False,False,True,False,False,False,False,True,False,False,False,False,False,True,False,False,True,True,False,False,False
0.31008141521760985,0.31213627552138645,0.47887323943661975,True,False,False,False,False,True,False,False,False,False,False,False,False,True,False,False,False,False,False,False,False
0.6555432706804705,0.2994252465195039,0.26760563380281693,False,True,False,False,False,False,False,True,False,False,False,False,False,False,False,False,True,False,False,True,False
0.435320132676651,0.250255451551274,0.26760563380281693,False,False,True,False,False,False,False,False,False,False,False,True,False,False,False,True,False,False,False,False,True
0.8434013468690321,0.22986736535126218,0.7042253521126761,False,False,False,False,False,False,False,False,False,False,False,False,False,True,False,False,False,True,False,False,False
0.5556337320333703,0.8528989372614993,0.6901408450704226,False,False,False,False,True,False,False,False,False,True,False,False,True,False,False,False,False,False,False,False,False
0.6731329781887627,0.3377324709195556,0.47887323943661975,False,False,False,False,False,False,False,False,False,False,True,False,False,True,False,True,False,True,False,False,False
0.0761885616644889,0.5571235704971222,0.22535211267605634,True,False,False,False,False,True,False,False,False,False,False,False,True,False,False,False,True,False,False,True,False
0.4593426475022616,0.2997805268356734,0.6338028169014085,False,False,False,False,False,False,False,False,False,False,True,True,False,False,False,False,True,True,False,False,False
0.7192682681676551,0.4592343358910181,0.16901408450704225,False,False,True,False,False,False,False,False,False,False,True,False,True,False,False,True,False,False,False,False,False
0.9044125037692232,0.04658475537198851,0.3098591549295775,False,False,False,True,False,False,False,False,False,False,True,False,True,False,False,False,False,False,False,False,True
0.20866418735551318,0.6020920506279455,0.33802816901408456,True,False,False,False,False,False,False,True,False,False,False,False,False,False,True,False,False,False,False,False,False
0.8285254799477336,0.03640172095783574,0.014084507042253521,False,False,True,False,False,False,False,False,False,False,False,True,False,False,True,False,False,False,False,False,True
0.22766107146446882,0.7309146916917448,0.25352112676056343,False,False,False,False,True,False,False,True,False,False,False,True,False,False,False,False,False,False,False,False,True
0.6602673635541261,0.0908416740808498,1.0,True,False,False,False,False,False,True,False,False,False,False,False,False,False,True,False,False,False,True,False,False
0.9579857272087648,0.04249252660349016,0.5070422535211268,False,False,False,False,True,False,False,False,False,False,False,False,False,True,False,False,True,False,True,False,False
0.4807518343552116,0.4225013535679652,0.5070422535211268,False,False,False,False,True,False,False,False,False,True,False,False,True,False,True,False,False,False,False,False,True
0.29188863202331894,0.8375568323407169,0.18309859154929578,False,True,False,False,False,False,False,True,False,False,False,False,False,True,False,False,False,False,False,False,True
0.4380339732636446,0.7081687451399155,0.5352112676056339,False,False,True,False,False,False,False,False,False,False,False,False,False,True,False,False,True,False,False,False,False
0.9167755553321942,0.04745444155438642,0.3098591549295775,False,False,True,False,False,False,False,False,True,False,False,False,False,False,False,True,False,True,False,False,False
0.7381646396622776,0.27449557701026117,0.07042253521126761,False,False,False,False,True,False,False,False,False,False,False,False,True,False,False,False,False,False,True,False,False
0.09900492511810233,0.7770080593588342,0.8873239436619719,True,False,False,False,False,False,False,True,False,False,False,True,False,False,True,False,False,False,False,False,True
0.8955673937079104,0.5446537317943858,0.647887323943662,False,True,False,False,False,False,False,False,True,False,False,False,False,True,False,True,False,True,False,False,False
0.11548899386873053,0.7353591984075436,0.9154929577464789,False,True,False,False,False,False,True,False,False,False,False,True,False,False,False,False,True,False,False,False,True
0.769122524876872,0.42425273540823716,0.7887323943661972,False,False,False,False,True,True,False,False,False,False,False,False,False,True,False,False,False,True,False,False,False
0.7872147954568298,0.15505133550371245,0.9295774647887325,True,False,False,False,False,False,False,False,False,True,False,False,False,True,False,True,False,False,False,False,True
0.6446879083324958,0.7360117132417477,0.3098591549295775,False,False,False,False,False,False,False,False,False,False,False,True,False,False,True,False,False,False,False,True,False
0.11468489295406574,0.7656330845036734,0.5352112676056339,False,True,False,False,False,False,False,False,True,False,False,False,False,True,False,False,False,True,False,False,False
0.8244044627600764,0.7884410800121296,0.5211267605633804,False,False,False,False,True,True,False,False,False,False,False,True,False,False,False,False,False,False,False,False,True
0.6970549804000402,0.25283348562015434,0.6056338028169015,False,False,True,False,False,False,False,False,False,False,False,False,False,False,False,False,False,False,True,False,False
0.8001809227057997,0.5375301112577824,0.18309859154929578,False,False,True,False,False,False,False,True,False,False,False,False,True,False,False,False,True,False,True,False,False
0.019700472409287368,0.09543029450236237,0.5915492957746479,False,False,False,False,True,False,False,False,False,False,False,False,True,False,False,False,True,False,False,False,True
0.5959392903809428,0.9064511899889013,0.6619718309859155,False,False,True,False,False,False,False,True,False,False,False,False,False,True,False,False,True,False,False,False,True
0.10614132073575235,0.4908732990329371,0.8028169014084507,False,False,False,True,False,True,False,False,False,False,False,True,False,False,False,False,True,False,False,False,False
0.7356518243039502,0.5220849250058296,0.8732394366197184,False,False,False,False,True,False,False,False,False,False,False,False,False,False,False,True,False,False,False,False,True
0.5334204442657554,0.2178909159326709,0.36619718309859156,False,True,False,False,False,False,False,False,False,True,False,False,True,False,True,False,False,False,True,False,False
0.2985224645693035,0.6671253619105475,0.35211267605633806,True,False,False,False,False,False,False,False,True,False,False,False,False,True,False,False,True,True,False,False,False
0.6707206754447684,0.3621697519342762,0.056338028169014086,True,False,False,False,False,True,False,False,False,False,False,False,False,True,False,False,False,False,False,False,False
0.8675243743089759,0.7174000286225832,0.2112676056338028,False,False,False,False,False,False,False,False,True,False,False,True,False,False,True,False,False,False,False,True,False
0.7627902301738869,0.0005604421888870319,0.7746478873239437,False,True,False,False,False,False,False,False,False,True,False,True,False,False,True,False,False,False,False,True,False
0.9660267363554127,0.9563945953357199,0.619718309859155,False,False,False,False,False,False,False,False,False,False,True,True,False,False,False,True,False,True,False,False,False
0.6412704794451703,0.8916465090956766,0.28169014084507044,True,False,False,False,False,False,False,False,False,True,False,False,True,False,False,False,False,False,False,True,False
0.792340938787818,0.8428780307662747,0.7605633802816901,False,True,False,False,False,False,False,False,True,False,False,False,True,False,True,False,False,False,False,False,False
0.4564277816866017,0.7722032683787509,0.6338028169014085,False,False,False,False,False,False,False,False,True,False,False,False,False,False,False,True,False,False,True,False,False
0.41381043320936783,0.9462195672385513,0.9154929577464789,True,False,False,False,False,False,False,False,True,False,False,True,False,False,False,True,False,False,False,True,False
0.8124434616544377,0.5085212232451405,0.619718309859155,False,False,False,False,True,False,False,False,False,False,False,True,False,False,True,False,False,False,False,False,True
0.9176801688611922,0.12498361206992317,0.16901408450704225,False,False,False,True,False,False,False,True,False,False,False,False,False,True,False,False,False,True,False,False,False
0.03206352397225852,0.5294036995189204,0.8169014084507042,False,True,False,False,False,False,False,False,True,False,False,True,False,False,False,False,True,False,False,True,False
0.2387174590411097,0.6654820653495609,0.8450704225352113,False,False,True,False,False,True,False,False,False,False,False,True,False,False,True,False,False,False,False,False,False
0.8945622675645795,0.16281446060942084,0.47887323943661975,False,True,False,False,False,False,False,False,False,False,True,False,True,False,False,False,True,False,True,False,False
0.6004623580259323,0.3546398108107297,0.9014084507042254,False,False,False,True,False,False,False,False,True,False,False,False,False,False,False,False,False,False,False,False,False
0.07186651924816564,0.6433896344215586,0.6901408450704226,False,False,False,True,False,True,False,False,False,False,False,False,False,False,False,False,True,False,True,False,False
0.446577545481958,0.022843023145261612,0.0,True,False,False,False,False,False,False,False,False,False,True,True,False,False,False,False,False,False,False,True,False
0.26615740275404565,0.7631951609820149,0.323943661971831,False,False,False,False,True,False,False,False,False,True,False,True,False,False,False,False,False,False,False,True,False
0.8400844305960399,0.07096599216782042,0.35211267605633806,False,False,False,True,False,False,False,False,False,True,False,False,False,True,True,False,False,False,False,False,False
0.9920595034676853,0.6055237582452555,0.23943661971830985,False,False,False,False,True,False,True,False,False,False,False,False,True,False,True,False,False,False,True,False,False
0.40335712131872553,0.3562440765764189,0.14084507042253522,False,False,False,False,True,False,True,False,False,False,False,False,True,False,False,False,True,True,False,False,False
0.11448386772539955,0.2606886833711799,0.4225352112676057,True,False,False,False,False,False,False,False,True,False,False,True,False,False,False,True,False,False,False,False,False
0.7358528495326163,0.5607114012956222,0.0,False,True,False,False,False,False,False,False,True,False,False,False,False,False,False,True,False,False,False,True,False
0.16021710724695953,0.0824820783598259,0.49295774647887325,False,False,True,False,False,False,False,False,True,False,False,True,False,False,False,False,False,False,True,False,False
0.5080912654538144,0.2622829412406389,0.36619718309859156,True,False,False,False,False,False,True,False,False,False,False,False,True,False,False,False,False,False,False,False,False
0.48879284350185953,0.1158684201835248,0.18309859154929578,True,False,False,False,False,False,False,False,True,False,False,False,True,False,False,False,True,False,False,True,False
0.16644888933561164,0.04408378210408013,0.9295774647887325,False,False,True,False,False,False,False,False,True,False,False,False,False,True,False,True,False,False,False,False,True
0.9312493717961605,0.37284517484295115,0.8873239436619719,False,False,False,True,False,False,False,False,True,False,False,False,False,False,False,True,False,False,False,True,False
0.6623781284551212,0.6132518557141585,0.6901408450704226,False,False,False,False,False,False,True,False,False,False,False,True,False,False,False,True,False,False,False,False,True
0.1981103628505378,0.4209311146494585,1.0,False,False,False,False,True,False,True,False,False,False,False,True,False,False,True,False,False,False,True,False,False
0.009850236204643682,0.8183937126392724,0.4084507042253521,False,False,False,True,False,False,False,True,False,False,False,False,False,True,False,False,False,False,False,False,True
0.22384159211981106,0.8291101679224909,0.9577464788732395,False,False,False,True,False,True,False,False,False,False,False,False,False,False,True,False,False,True,False,False,False
0.5593526987636949,0.4876287390751304,1.0,False,True,False,False,False,False,True,False,False,False,False,False,False,False,True,False,False,False,False,False,False
0.100713639561765,0.2528695140465828,0.25352112676056343,False,False,False,True,False,False,False,False,False,False,True,False,False,False,True,False,False,False,False,False,True
0.3451603176198613,0.7130245763907723,0.08450704225352114,False,False,False,False,True,False,False,False,False,False,True,False,False,False,False,True,False,True,False,False,False
0.045733239521559964,0.06480312966930908,0.676056338028169,False,False,True,False,False,False,False,False,True,False,False,False,False,True,False,True,False,False,True,False,False
0.5436727309277315,0.24812777281274928,0.33802816901408456,False,False,False,False,True,False,False,False,True,False,False,False,True,False,False,True,False,False,False,False,False
0.5212584179314504,0.4995851727012614,0.25352112676056343,False,False,False,False,False,True,False,False,False,False,False,False,False,False,True,False,False,True,False,False,False
0.09749723590310584,0.44684556114774565,0.0,False,True,False,False,False,False,False,False,False,False,True,False,False,True,True,False,False,False,False,True,False
0.7785707106241834,0.16459786771762921,0.8732394366197184,False,False,False,False,True,True,False,False,False,False,False,True,False,False,False,True,False,False,False,True,False
0.6178510403055584,0.6279234315875226,0.3098591549295775,False,False,False,False,True,False,False,False,True,False,False,False,True,False,True,False,False,False,False,False,True
0.6096090059302443,0.2195952606606613,0.16901408450704225,False,False,False,False,False,False,False,False,False,False,False,True,False,False,False,False,False,False,False,False,False
0.8296311187053976,0.8623053589281944,0.5915492957746479,True,False,False,False,False,True,False,False,False,False,False,True,False,False,True,False,False,True,False,False,False
0.36868026937380644,0.27077364040227747,0.3802816901408451,False,True,False,False,False,True,False,False,False,False,False,False,True,False,False,False,True,False,True,False,False
0.2672630415117097,0.9801593457237762,0.46478873239436624,True,False,False,False,False,False,True,False,False,False,False,True,False,False,False,True,False,False,False,False,True
0.0022112775153281736,0.9444271530237358,0.014084507042253521,False,False,False,False,True,False,True,False,False,False,False,True,False,False,True,False,False,False,False,False,True
0.08784802492712836,0.6128205153866401,0.9859154929577465,False,False,True,False,False,False,False,False,False,False,False,False,True,False,True,False,False,False,True,False,False
0.08231983113880792,0.8141783867471436,0.07042253521126761,True,False,False,False,False,False,False,False,False,False,True,False,False,False,False,True,False,False,False,False,True
0.31731832344959293,0.5108740796488429,0.07042253521126761,False,False,False,False,False,False,False,True,False,False,False,False,False,True,False,True,False,True,False,False,False
0.7180621167956579,0.6530482550732528,0.9014084507042254,True,False,False,False,False,False,False,True,False,False,False,True,False,False,False,True,False,False,True,False,False
0.8401849432103731,0.9922128559433394,0.14084507042253522,False,False,False,True,False,False,False,False,True,False,False,False,False,True,True,False,False,False,False,False,True
0.558448085234697,0.381918333565183,0.04225352112676056,False,False,False,True,False,False,False,False,False,True,False,False,False,True,False,True,False,False,True,False,False
0.475022615338225,0.4284700628796121,0.19718309859154928,False,True,False,False,False,False,True,False,False,False,False,False,False,True,False,True,False,True,False,False,False
0.792441451402151,0.45549138270095113,0.0,False,False,False,False,True,False,False,False,False,False,False,True,False,False,False,False,False,False,False,True,False
0.17167554528093276,0.017989193473650713,0.18309859154929578,False,False,False,True,False,False,False,True,False,False,False,False,False,True,False,False,True,False,False,True,False
0.9778872248467184,0.9848720640585422,0.7887323943661972,False,True,False,False,False,False,True,False,False,False,False,False,True,False,True,False,False,False,False,True,False
0.7498241029249171,0.7409556139794298,0.15492957746478872,False,False,False,False,False,False,False,False,False,True,False,False,False,False,True,False,False,False,False,True,False
0.39280329681375015,0.48354251504437007,0.16901408450704225,False,False,False,False,True,False,False,False,False,False,True,False,False,True,True,False,False,False,True,False,False
0.7797768619961806,0.9895077215923365,0.014084507042253521,False,False,False,True,False,False,False,True,False,False,False,False,False,True,False,False,False,False,False,False,False
0.6371494622575133,0.9469361326086283,0.28169014084507044,False,False,False,False,True,False,True,False,False,False,False,True,False,False,False,False,False,False,False,False,False
0.23952155995577448,0.07748213340325517,0.35211267605633806,False,False,False,True,False,False,False,False,False,False,False,True,False,False,False,False,False,False,False,False,False
0.7077093175193487,0.40338827334767136,0.02816901408450704,False,False,False,True,False,False,False,False,True,False,False,False,False,False,False,False,False,False,False,True,False
0.2293697859081315,0.5246829748671702,0.8732394366197184,False,True,False,False,False,False,False,False,False,False,False,False,False,True,True,False,False,False,False,False,True
0.09387878178711428,0.6286610135396828,0.09859154929577466,False,False,True,False,False,True,False,False,False,False,False,False,False,True,True,False,False,False,True,False,False
0.33963212383154084,0.9436695552791153,0.056338028169014086,False,True,False,False,False,False,False,True,False,False,False,False,True,False,False,False,True,True,False,False,False
0.010855362347974674,0.10028812733246532,0.7323943661971831,False,False,False,False,False,False,False,False,False,True,False,True,False,False,False,False,True,False,True,False,False
0.5944316011659464,0.551526154135613,0.5070422535211268,False,False,True,False,False,False,True,False,False,False,False,False,False,True,False,False,True,False,False,False,False
0.8088250075384461,0.28884990257313026,0.5633802816901409,False,True,False,False,False,False,False,False,False,False,False,False,True,False,False,False,True,False,True,False,False
0.22092672630415122,0.06969799171546351,0.295774647887324,True,False,False,False,False,False,False,False,False,True,False,True,False,False,False,True,False,False,False,False,True
0.6984621570007036,0.366461137837754,0.9014084507042254,False,False,True,False,False,False,False,False,False,False,False,True,False,False,False,True,False,False,False,False,False
0.5100010051261434,0.45240895066207243,0.5633802816901409,False,False,False,False,True,False,False,False,True,False,False,False,True,False,False,False,True,False,False,False,True
0.6999698462157001,0.5750947497575587,0.8450704225352113,False,False,False,False,True,False,False,False,False,False,False,True,False,False,False,True,False,False,True,False,False
0.6819780882500754,0.4740810499484094,0.5633802816901409,False,True,False,False,False,True,False,False,False,False,False,True,False,False,True,False,False,False,False,True,False
0.8623982309779878,0.7028325348700125,0.18309859154929578,False,False,True,False,False,True,False,False,False,False,False,False,False,False,False,False,True,False,True,False,False
0.9717559553723994,0.6930227949852434,1.0,False,False,False,False,False,False,True,False,False,False,False,False,False,True,False,False,False,False,True,False,False
0.9237109257211782,0.6543953179058277,0.19718309859154928,False,False,False,False,True,False,False,False,True,False,False,False,False,False,True,False,False,False,False,False,False
0.49864307970650323,0.8514698096798374,0.2112676056338028,False,False,False,True,False,False,False,False,False,False,False,True,False,False,False,True,False,False,True,False,False
0.35269876369484376,0.7299139020687323,0.07042253521126761,False,True,False,False,False,False,True,False,False,False,False,True,False,False,False,False,False,False,False,False,True
0.5667906322243442,0.3885805900855776,0.47887323943661975,False,False,False,False,False,False,False,True,False,False,False,False,True,False,False,False,False,False,False,False,True
0.8673233490803097,0.293454535628611,0.5070422535211268,False,False,False,False,True,False,False,False,False,False,True,False,True,False,False,False,False,False,False,False,False
0.8442054477836969,0.8850082715262343,0.07042253521126761,False,False,True,False,False,False,True,False,False,False,False,False,False,False,False,True,False,False,True,False,False
0.5251784098904413,0.6384087044678252,0.14084507042253522,False,False,False,False,False,False,False,False,True,False,False,False,False,False,False,False,False,False,False,True,False
0.6345361342848528,0.046803928299428255,0.3802816901408451,False,False,False,False,False,False,True,False,False,False,False,True,False,False,True,False,False,False,False,False,True
0.42406271987134386,0.30884067529280607,0.014084507042253521,False,False,True,False,False,False,False,False,False,True,False,False,False,True,True,False,False,False,True,False,False
0.14715046738365667,0.8351369230322725,0.8732394366197184,False,False,False,False,False,False,False,False,False,False,True,False,True,False,False,True,False,False,False,True,False
0.25439742687707306,0.1319661212696818,0.9154929577464789,False,False,False,False,False,False,False,False,False,False,False,True,False,False,True,False,False,True,False,False,False
0.4631621268469193,0.6591580757217445,0.5774647887323944,False,False,False,False,True,False,False,False,False,False,False,False,False,True,True,False,False,True,False,False,False
0.9385867926424767,0.06912253768223128,0.3943661971830986,True,False,False,False,False,False,False,False,False,False,True,False,False,False,False,False,False,False,True,False,False
0.5283948135491005,0.38803616053065876,0.3943661971830986,False,False,True,False,False,False,False,False,True,False,False,False,True,False,False,False,True,False,False,False,False
0.2385164338124435,0.8897259938091154,0.26760563380281693,False,False,False,False,False,False,True,False,False,False,False,False,False,False,False,False,True,False,False,False,True
0.488290280430194,0.4453854090877703,0.49295774647887325,False,False,True,False,False,False,False,False,False,True,False,False,False,False,True,False,False,True,False,False,False
0.8443059603980301,0.8286117746902306,0.04225352112676056,False,False,True,False,False,False,False,False,False,False,False,False,False,False,False,True,False,False,False,False,False
0.9931651422253494,0.3623538972249105,0.8732394366197184,False,False,False,False,True,True,False,False,False,False,False,True,False,False,False,True,False,False,False,False,False
0.5518142526887124,0.06851605917068568,0.5633802816901409,False,True,False,False,False,False,False,True,False,False,False,False,False,False,False,True,False,False,False,False,False
0.07377625892049453,0.16542852310472964,0.3098591549295775,False,False,False,False,False,True,False,False,False,False,False,False,False,True,True,False,False,False,True,False,False
0.9972861594130065,0.6041656867268275,0.08450704225352114,False,False,False,False,True,False,True,False,False,False,False,True,False,False,False,True,False,False,True,False,False
0.3917981706704191,0.4503973635198172,0.7183098591549296,False,True,False,False,False,False,False,True,False,False,False,False,False,True,True,False,False,False,False,False,True
0.006332294702985225,0.5079527747392693,0.971830985915493,False,False,True,False,False,False,False,False,False,False,False,False,False,False,False,False,True,False,False,False,False
0.43170167856065944,0.18069857117265525,0.19718309859154928,False,False,False,False,False,False,False,False,False,False,False,False,False,False,True,False,False,False,False,False,False
0.37048949643180223,0.7454371499112801,0.9295774647887325,False,False,False,True,False,False,False,True,False,False,False,True,False,False,False,False,True,False,False,True,False
0.9412001206151372,0.5367364850867334,0.6056338028169015,False,False,False,False,True,False,False,False,False,False,True,False,False,True,True,False,False,False,True,False,False
0.6507186651924817,0.20183724958992647,0.7464788732394366,False,False,False,False,True,False,False,False,False,False,False,True,False,False,True,False,False,True,False,False,False
0.8070157804804504,0.13468026272729183,0.5774647887323944,False,False,False,False,False,True,False,False,False,False,False,False,False,True,False,False,True,False,False,False,False
0.8172680671424265,0.04124354115397049,0.5070422535211268,False,False,False,True,False,False,False,False,False,False,False,False,True,False,True,False,False,False,True,False,False
0.35219620062317825,0.6049613144771225,0.33802816901408456,False,False,True,False,False,False,False,False,False,False,True,False,False,True,False,False,True,True,False,False,False
0.8837069052166048,0.68813493846645,0.35211267605633806,False,True,False,False,False,False,False,False,True,False,False,False,True,False,False,False,True,True,False,False,False
0.5637752537943512,0.6792429226659835,0.7605633802816901,False,False,False,True,False,False,False,False,True,False,False,False,False,False,False,True,False,False,False,False,False
0.3897879183837572,0.5859723321700823,0.16901408450704225,False,False,False,False,False,False,False,False,False,True,False,True,False,False,True,False,False,True,False,False,False
0.8876268971755956,0.7627828356573337,0.7323943661971831,False,True,False,False,False,False,False,False,True,False,False,False,True,False,True,False,False,False,True,False,False
0.586993667705297,0.98532642254739,0.4084507042253521,True,False,False,False,False,False,False,True,False,False,False,False,False,True,False,False,True,False,True,False,False
0.09066237812845512,0.890248405992328,0.26760563380281693,False,False,True,False,False,True,False,False,False,False,False,False,True,False,True,False,False,False,False,False,True
0.3962207257010755,0.3763159132555587,0.26760563380281693,False,False,True,False,False,False,False,True,False,False,False,True,False,False,False,False,True,True,False,False,False
0.2818373705900091,0.6995139164801029,0.26760563380281693,False,False,True,False,False,False,False,False,False,True,False,False,True,False,False,True,False,False,True,False,False
0.7398733541059404,0.1584590241700702,1.0,False,True,False,False,False,False,False,False,False,True,False,False,True,False,False,False,True,True,False,False,False
0.8519449190873456,0.8123179188379632,0.7183098591549296,False,True,False,False,False,False,False,False,False,False,False,True,False,False,False,False,False,False,False,False,True
0.43441551914765303,0.402637681130412,0.9014084507042254,False,False,True,False,False,False,False,False,False,False,True,True,False,False,False,False,True,False,False,False,False
0.7690220122625391,0.1820576434807063,1.0,True,False,False,False,False,False,False,True,False,False,False,False,False,True,False,False,False,False,False,True,False
0.8797869132576139,0.5872523420979153,0.4366197183098592,False,True,False,False,False,False,False,False,False,False,False,False,False,True,False,True,False,False,False,False,False
0.8659161724796464,0.41947796811684424,1.0,False,False,False,False,False,False,True,False,False,False,False,False,True,False,False,False,True,False,False,False,False
0.33460649311488594,0.7727266813515864,0.6338028169014085,False,False,False,False,True,False,False,False,True,False,False,False,True,False,True,False,False,True,False,False,False
0.7592722886722285,0.7595592922816102,0.295774647887324,False,False,False,False,True,False,False,False,False,True,False,False,True,False,True,False,False,False,False,False,False
0.5738265152276611,0.8873130900280322,0.5352112676056339,False,False,False,True,False,False,True,False,False,False,False,True,False,False,True,False,False,False,False,False,True
0.3690823198311388,0.7887533263745096,0.5915492957746479,False,False,False,True,False,False,False,False,True,False,False,True,False,False,True,False,False,False,True,False,False
0.576841893657654,0.43805862825769537,0.23943661971830985,False,True,False,False,False,False,False,False,False,False,True,False,False,True,True,False,False,False,False,False,True
0.02884712031359936,0.4148102853151137,0.5774647887323944,False,False,False,True,False,False,True,False,False,False,False,False,False,False,False,False,True,False,False,True,False
0.8814956277012767,0.5763327265212252,0.014084507042253521,False,False,False,True,False,False,False,False,False,False,True,False,False,False,False,False,True,False,False,False,False
0.9606995677957585,0.15597406353613003,0.323943661971831,False,False,False,False,False,False,False,False,True,False,False,True,False,False,False,False,False,False,True,False,False
0.8428987837973666,0.23391455858672494,0.5774647887323944,False,False,False,False,False,False,True,False,False,False,False,False,True,False,True,False,False,False,False,False,True
0.9255201527791739,0.17610094364453555,0.8732394366197184,False,False,True,False,False,False,False,False,True,False,False,False,False,False,True,False,False,False,False,False,True
0.27560558850135697,0.7752296561987408,0.15492957746478872,True,False,False,False,False,False,False,True,False,False,False,False,False,True,False,False,True,False,True,False,False
0.4601467484169264,0.9924510438736164,0.02816901408450704,False,False,True,False,False,False,False,False,False,False,True,False,False,False,True,False,False,False,True,False,False
0.2517840989044125,0.8838093255578652,0.9154929577464789,False,False,False,True,False,True,False,False,False,False,False,False,False,False,True,False,False,False,False,False,False
0.14715046738365667,0.27633502833735824,0.2112676056338028,False,False,True,False,False,False,False,False,False,False,False,False,False,False,False,False,False,False,False,False,False
0.5039702482661574,0.5136012313715522,0.9014084507042254,False,False,True,False,False,False,False,False,False,False,True,False,False,True,True,False,False,True,False,False,False
0.3139008945622676,0.39780887119937636,0.295774647887324,False,False,True,False,False,False,False,False,False,False,False,False,True,False,False,False,False,False,True,False,False
0.7380641270479447,0.03234451982614284,0.23943661971830985,False,False,True,False,False,False,False,False,False,False,True,False,False,False,False,False,True,False,False,False,True
0.4032566087043924,0.31847527699354794,0.0,False,False,True,False,False,False,True,False,False,False,False,True,False,False,False,False,True,False,True,False,False
0.14071766006633835,0.35315163664131005,0.8028169014084507,False,False,False,True,False,True,False,False,False,False,False,True,False,False,False,True,False,False,False,False,True
0.20454317016785611,0.4839668498445274,0.5633802816901409,True,False,False,False,False,False,False,False,True,False,False,True,False,False,False,True,False,False,False,True,False
0.49261232284651724,0.8726755410018505,0.056338028169014086,True,False,False,False,False,False,True,False,False,False,False,False,False,False,False,False,True,False,False,True,False
0.25771434315006536,0.8766156497476509,0.0,False,True,False,False,False,True,False,False,False,False,False,False,False,True,False,False,False,False,True,False,False
0.13327972660568904,0.010894595836114695,0.9859154929577465,False,False,False,False,True,False,True,False,False,False,False,False,False,False,False,True,False,True,False,False,False
0.7207759573826515,0.5974053528233777,0.4084507042253521,False,False,False,False,True,False,False,False,False,True,False,False,True,False,False,False,True,False,False,False,True
0.9187858076188562,0.18017415741019666,0.09859154929577466,False,False,False,False,True,False,False,True,False,False,False,False,False,True,True,False,False,False,False,False,True
0.7896270982008243,0.36812144782233186,0.22535211267605634,False,False,False,False,False,False,False,False,False,True,False,False,True,False,False,False,False,False,True,False,False
0.0670419137601769,0.26820161107113516,0.11267605633802817,True,False,False,False,False,True,False,False,False,False,False,True,False,False,True,False,False,False,True,False,False
0.7918383757161525,0.8917836172740292,0.8732394366197184,False,False,False,False,True,False,False,True,False,False,False,True,False,False,False,False,True,False,False,True,False
0.4799477334405468,0.002973345969970307,0.8028169014084507,False,False,True,False,False,False,False,True,False,False,False,False,True,False,False,True,False,True,False,False,False
0.45612624384360245,0.1645958661383832,0.26760563380281693,False,False,False,True,False,True,False,False,False,False,False,False,False,True,False,True,False,False,False,False,False
0.8975776459945723,0.89567068416981,0.7464788732394366,False,False,False,False,True,False,False,False,False,False,False,True,False,False,False,False,False,False,False,False,False
0.1705699065232687,0.436437349068415,0.8450704225352113,False,False,False,False,True,False,False,False,False,False,True,False,True,False,False,True,False,True,False,False,False
0.7071062418333501,0.6772743694775178,0.08450704225352114,False,False,True,False,False,False,False,False,True,False,False,False,True,False,False,True,False,False,False,True,False
0.9310483465674942,0.4140947207346597,0.46478873239436624,False,True,False,False,False,False,False,False,False,False,False,False,True,False,False,True,False,False,False,True,False
0.3943109860287466,0.0797078895248351,0.09859154929577466,False,True,False,False,False,False,False,False,False,True,False,True,False,False,True,False,False,False,False,False,True
0.007839983917981706,0.6042377435796844,0.7887323943661972,False,False,True,False,False,False,False,False,True,False,False,False,False,True,False,False,True,False,False,True,False
0.8391798170670419,0.8079464697646443,0.23943661971830985,False,False,False,False,True,False,False,False,True,False,False,False,False,True,False,True,False,False,True,False,False
0.16092069554729121,0.945475980548653,0.8732394366197184,False,False,False,False,True,False,False,False,False,False,True,False,True,False,False,False,False,False,False,False,False
0.6224746205648809,0.9187548976142177,0.19718309859154928,True,False,False,False,False,False,False,False,False,True,False,False,False,True,True,False,False,False,False,True,False
0.5588501356920295,0.45013615742821095,0.4366197183098592,False,False,True,False,False,False,False,False,False,True,False,False,False,True,False,False,True,False,False,True,False
0.8746607699266259,0.47595252654344283,0.8028169014084507,True,False,False,False,False,False,False,False,False,False,True,False,False,False,False,False,False,False,False,False,True
0.6571514725098,0.5034932561791253,0.6619718309859155,False,False,True,False,False,False,False,False,True,False,False,False,False,False,False,False,True,False,True,False,False
0.8622977183636548,0.4573478474516394,0.46478873239436624,False,False,False,False,True,False,False,False,False,True,False,False,True,False,False,False,True,False,False,False,True
0.6263946125238719,0.5806431274275403,0.3943661971830986,True,False,False,False,False,True,False,False,False,False,False,False,False,True,False,True,False,False,False,False,False
0.18042014272791237,0.8482672828861972,0.1267605633802817,False,False,True,False,False,False,False,False,False,False,False,False,False,False,False,False,False,True,False,False,False
0.7530405065835764,0.7617670341899759,0.619718309859155,False,False,True,False,False,True,False,False,False,False,False,False,False,True,True,False,False,False,False,False,False
0.17268067142426377,0.36683343157751475,0.647887323943662,False,False,False,False,False,True,False,False,False,False,False,False,True,False,False,False,False,False,False,False,True
0.2759071263443562,0.6254394717432055,0.323943661971831,False,True,False,False,False,True,False,False,False,False,False,True,False,False,False,False,False,False,False,True,False
0.598150567896271,0.19310636091876493,0.4366197183098592,False,False,False,True,False,False,False,True,False,False,False,False,False,True,True,False,False,False,True,False,False
0.9231078500351796,0.37556331945905325,0.28169014084507044,False,False,False,False,False,False,False,True,False,False,False,True,False,False,False,False,True,False,True,False,False
0.0674439642175093,0.5263152627423037,0.5352112676056339,False,False,False,False,True,False,False,False,False,False,False,True,False,False,True,False,False,False,False,False,True
0.7630917680168862,0.050083515894040406,0.8873239436619719,True,False,False,False,False,False,False,True,False,False,False,False,False,False,False,False,False,False,False,False,False
0.027138405869936683,0.9229602156101164,0.22535211267605634,False,False,True,False,False,False,False,False,True,False,False,True,False,False,False,False,True,False,False,False,False
0.6240828223942105,0.49842625831781284,0.15492957746478872,False,False,False,True,False,False,False,False,False,True,False,True,False,False,False,True,False,False,False,False,True
0.8899386873052569,0.3517034940568109,0.28169014084507044,False,False,False,False,True,True,False,False,False,False,False,False,False,False,False,False,False,False,True,False,False
0.7684189365765405,0.3918671832075508,0.6338028169014085,False,False,False,False,False,False,False,False,False,True,False,False,False,True,False,False,False,False,False,True,False
0.5142225349281335,0.2470138939623363,0.9577464788732395,True,False,False,False,False,False,False,False,False,False,True,False,True,False,False,False,True,True,False,False,False
0.39029048145542267,0.2569687483424422,0.18309859154929578,False,False,True,False,False,False,False,False,False,False,False,True,False,False,True,False,False,False,True,False,False
0.8972761081515731,0.8048690416738807,0.3098591549295775,False,False,False,False,True,False,False,False,False,True,False,False,True,False,True,False,False,False,False,False,False
0.7583676751432306,0.7582062247112973,0.4084507042253521,False,True,False,False,False,True,False,False,False,False,False,True,False,False,False,False,False,True,False,False,False
0.1287566589606996,0.3818252601302428,0.6338028169014085,False,False,False,False,False,False,False,False,False,False,True,False,False,True,False,True,False,False,False,False,False
0.3970248266157403,0.1521310313837618,0.35211267605633806,False,False,False,False,False,False,False,False,False,True,False,False,False,True,False,True,False,False,False,True,False
0.9990953864710024,0.42948086039885475,0.7464788732394366,False,False,False,True,False,False,False,False,False,False,False,False,True,False,False,False,True,False,False,False,False
0.6180520655342246,0.49625954878399064,0.28169014084507044,False,False,False,True,False,False,False,True,False,False,False,False,True,False,False,False,True,False,False,False,False
0.756859985928234,0.944044851387745,0.8028169014084507,False,True,False,False,False,False,False,True,False,False,False,True,False,False,True,False,False,False,False,False,False
0.39571816262941,0.24336801736570157,0.5492957746478874,False,True,False,False,False,False,True,False,False,False,False,False,False,True,False,True,False,False,False,False,False
0.48708412905819687,0.48034098904035294,0.23943661971830985,False,False,True,False,False,False,False,False,True,False,False,False,True,False,False,False,True,True,False,False,False
0.7052970147753543,0.5640670489015833,0.5352112676056339,False,False,False,True,False,False,False,True,False,False,False,True,False,False,False,False,False,False,False,True,False
0.26334304955271887,0.049622151877831616,0.25352112676056343,True,False,False,False,False,False,False,False,False,True,False,False,True,False,False,True,False,True,False,False,False
0.9972861594130065,0.3069611923807885,0.0,True,False,False,False,False,False,False,False,False,True,False,False,False,False,False,False,False,False,False,False,True
0.22323851643381248,0.3568215321888971,0.36619718309859156,False,False,False,False,False,False,False,False,True,False,False,True,False,False,True,False,False,False,False,True,False
0.9481354910041211,0.8916485106749226,0.9859154929577465,False,False,False,False,True,False,False,False,False,True,False,False,False,False,False,False,False,True,False,False,False
0.3750125640767917,0.482656816228004,0.7605633802816901,False,False,False,False,False,False,False,False,False,True,False,True,False,False,True,False,False,False,False,False,True
0.42647502261533826,0.5966747763985785,0.8309859154929577,False,False,True,False,False,False,False,True,False,False,False,False,False,False,True,False,False,True,False,False,False
0.8928535531209167,0.7764836455963756,0.5492957746478874,False,False,False,True,False,False,False,False,False,False,True,False,False,True,False,False,True,False,False,False,True
0.3827520353804403,0.4474150104432398,0.08450704225352114,False,False,True,False,False,False,False,False,False,False,False,True,False,False,False,True,False,False,True,False,False
0.7539451201125742,0.2986986732531968,0.6056338028169015,False,True,False,False,False,False,False,False,False,True,False,False,True,False,False,False,True,False,False,False,True
0.5608603879786913,0.05920471251817685,0.7746478873239437,False,False,False,True,False,False,True,False,False,False,False,False,True,False,True,False,False,False,False,False,True
0.062016283043521976,0.5539570721299105,0.8873239436619719,False,False,False,True,False,False,False,True,False,False,False,False,False,False,False,False,False,False,True,False,False
0.8019901497637955,0.5072342077899463,0.4084507042253521,False,False,False,True,False,False,False,False,False,False,False,False,True,False,False,False,False,True,False,False,False
0.9458237008744598,0.08214080909837862,0.3802816901408451,False,False,False,False,False,False,True,False,False,False,False,False,False,False,False,False,True,False,False,False,False
0.27178610915669915,0.38365970750922485,0.7887323943661972,False,False,False,False,True,False,False,False,False,True,False,False,True,False,False,False,True,True,False,False,False
0.9747713338023923,0.6473897905447399,0.5070422535211268,False,False,False,True,False,False,False,False,False,False,False,True,False,False,False,False,True,True,False,False,False
0.6807719368780784,0.8782669526256217,0.3098591549295775,False,False,True,False,False,False,False,False,True,False,False,False,True,False,False,True,False,True,False,False,False
0.5662880691526787,0.6314942489624313,0.943661971830986,False,False,False,False,True,False,True,False,False,False,False,False,True,False,True,False,False,False,False,True,False
0.84722082621369,0.2633497829787703,0.8873239436619719,False,False,False,True,False,False,False,False,False,False,True,False,False,False,False,False,True,False,False,False,False
0.03739069253191276,0.06477510755986474,0.19718309859154928,False,False,False,True,False,False,False,False,False,False,False,False,True,False,False,True,False,False,False,False,True
0.5852849532616343,0.3454715770743117,0.9295774647887325,False,False,False,True,False,False,False,False,False,False,True,False,False,True,False,True,False,False,False,False,False
0.6023720976982612,0.9627876394475242,0.46478873239436624,False,False,False,True,False,False,False,False,True,False,False,False,True,False,True,False,False,False,True,False,False
0.023620464368278225,0.952094202325635,0.1267605633802817,False,False,True,False,False,False,False,False,True,False,False,False,True,False,False,True,False,False,False,False,False
0.43270680470399037,0.7124441184094251,0.3943661971830986,False,False,False,False,True,True,False,False,False,False,False,False,False,False,False,False,False,False,False,True,False
0.11388079203940095,0.3649799691956955,0.9154929577464789,False,False,False,True,False,False,False,False,False,False,True,False,False,False,False,False,False,False,True,False,False
0.6479043119911548,0.48566118667628766,0.7042253521126761,False,True,False,False,False,False,False,False,False,False,False,False,False,True,True,False,False,False,False,True,False
0.18966730324655748,0.049094735746504,0.22535211267605634,False,False,False,False,True,False,False,False,True,False,False,False,False,False,False,False,False,False,True,False,False
0.4637652025329179,0.9714905060092414,0.6056338028169015,False,False,True,False,False,True,False,False,False,False,False,True,False,False,True,False,False,False,False,True,False
0.31199115488993867,0.5129857457533995,0.8591549295774649,False,False,False,False,False,False,False,False,False,False,False,False,False,True,False,False,False,False,False,False,True
0.060006030756859986,0.360241230330731,0.8591549295774649,True,False,False,False,False,False,False,False,False,True,False,False,False,True,False,False,True,False,False,False,True
0.9622072570107549,0.6494714329606059,0.8169014084507042,False,False,False,False,False,False,False,False,False,False,False,False,False,True,False,True,False,False,True,False,False
0.8969745703085737,0.15543463792932624,0.8732394366197184,False,False,False,False,True,False,False,False,False,False,False,False,True,False,False,False,False,False,True,False,False
0.5406573524977385,0.44364103277485945,0.7464788732394366,True,False,False,False,False,False,False,True,False,False,False,False,False,True,False,False,False,True,False,False,False
0.043320936777565586,0.6838485565110873,0.9014084507042254,False,False,False,False,False,False,False,False,False,False,True,False,True,False,False,False,True,False,False,False,True
0.4187355513116896,0.40010568338419017,0.8028169014084507,False,False,False,False,False,False,False,True,False,False,False,False,False,True,False,False,True,False,False,True,False
0.7393707910342749,0.8136900014111135,0.22535211267605634,False,False,False,True,False,False,False,False,True,False,False,False,False,False,False,False,True,False,False,False,True
0.26736355412604285,0.19956545714568796,0.7464788732394366,False,False,False,True,False,False,False,False,False,False,False,False,True,False,False,True,False,True,False,False,False
0.21650417127349486,0.21023687689587087,0.23943661971830985,True,False,False,False,False,False,False,False,True,False,False,True,False,False,False,True,False,False,False,True,False
0.4928133480751835,0.9237498386226733,0.5774647887323944,False,True,False,False,False,True,False,False,False,False,False,False,False,False,True,False,False,False,False,False,True
0.012262538948638057,0.4073824247331145,0.295774647887324,False,True,False,False,False,True,False,False,False,False,False,True,False,False,True,False,False,False,False,False,False
0.9738667202733944,0.5174362572069363,0.11267605633802817,False,True,False,False,False,False,True,False,False,False,False,False,False,True,False,False,True,False,False,True,False
0.6857975675947332,0.5097201692135095,0.5915492957746479,False,False,False,True,False,False,False,False,False,True,False,False,True,False,False,False,True,True,False,False,False
0.5764398432003217,0.41213717623204715,0.49295774647887325,True,False,False,False,False,False,False,True,False,False,False,False,True,False,False,True,False,True,False,False,False
0.061111669514524077,0.5930319021708128,0.5915492957746479,True,False,False,False,False,False,False,True,False,False,False,False,False,False,True,False,False,False,False,False,True
0.46989647200723694,0.4514421878862423,0.619718309859155,False,False,False,True,False,False,False,False,False,False,False,False,False,False,False,False,True,False,False,False,True
0.19861292592220328,0.1437544222391467,0.8591549295774649,False,False,False,True,False,True,False,False,False,False,False,True,False,False,True,False,False,False,False,True,False
0.8495326163433511,0.7005687487427581,0.3098591549295775,False,False,False,False,False,False,False,False,False,False,True,False,False,False,False,True,False,False,False,False,True
0.6436827821891649,0.2554665631183004,0.7464788732394366,False,False,True,False,False,False,False,False,True,False,False,False,False,True,False,False,True,True,False,False,False
0.7388682279626094,0.7506412559509453,0.5633802816901409,True,False,False,False,False,False,False,False,False,True,False,False,False,True,False,False,True,True,False,False,False
0.6865011558950649,0.2843123224223913,0.3098591549295775,True,False,False,False,False,False,True,False,False,False,False,False,True,False,False,False,False,True,False,False,False
0.7669112473615439,0.6075993959233836,0.7746478873239437,True,False,False,False,False,True,False,False,False,False,False,False,True,False,False,True,False,False,True,False,False
0.923610413106845,0.06138843547559025,0.5211267605633804,False,False,False,True,False,False,False,False,False,False,False,False,False,False,False,False,False,False,True,False,False
0.11287566589606997,0.4890148327030027,0.3943661971830986,False,False,False,False,False,False,False,False,False,False,True,False,True,False,False,False,True,True,False,False,False
0.2895768418936577,0.008466680210686233,0.3098591549295775,False,False,False,False,True,False,False,False,False,False,True,False,True,False,False,True,False,False,False,True,False
0.9163735048748619,0.07977394163995392,0.47887323943661975,False,False,False,True,False,False,False,False,False,True,False,False,False,False,False,False,False,False,False,False,False
0.47401748919489395,0.01965550819596662,0.8450704225352113,False,False,True,False,False,False,False,False,False,True,False,True,False,False,False,False,False,False,True,False,False
0.9572821389084331,0.8501867973831353,0.8450704225352113,False,False,False,False,True,False,False,False,False,False,True,True,False,False,False,True,False,False,False,False,False
0.7915368378731532,0.43757024292166524,0.1267605633802817,False,False,False,True,False,False,True,False,False,False,False,False,False,False,False,True,False,False,False,True,False
0.43411398130465373,0.26892518196857323,0.23943661971830985,False,False,False,False,True,False,False,False,False,False,True,False,False,True,True,False,False,False,False,False,False
0.22886722283646602,0.23322001058835423,0.14084507042253522,True,False,False,False,False,False,False,False,False,False,True,True,False,False,True,False,False,True,False,False,False
0.06493114885918183,0.47453540843725706,0.46478873239436624,False,False,False,False,True,False,False,False,False,False,False,False,True,False,True,False,False,False,False,True,False
0.4136094079807016,0.6743190377207617,0.7464788732394366,False,False,False,False,True,False,True,False,False,False,False,False,False,False,False,True,False,False,False,True,False
0.18383757161523773,0.2669646350970917,0.7746478873239437,False,False,True,False,False,False,False,True,False,False,False,False,True,False,False,False,False,False,False,True,False
0.5872952055482964,0.10377888153753312,0.19718309859154928,False,False,False,False,False,False,False,True,False,False,False,False,False,False,False,False,True,False,False,True,False
0.8321439340637251,0.21734548558812905,0.323943661971831,False,False,False,True,False,False,False,False,True,False,False,False,False,False,True,False,False,False,True,False,False
0.6579555734244648,0.043692473361482215,0.6619718309859155,False,False,False,True,False,False,True,False,False,False,False,False,True,False,False,False,False,False,False,False,True
0.7144436626796663,0.03133372230690015,0.676056338028169,False,False,True,False,False,False,False,False,False,False,False,False,False,False,True,False,False,False,True,False,False
0.33832545984521056,0.3460730516377422,0.8873239436619719,False,True,False,False,False,False,False,False,False,False,False,False,True,False,False,False,True,False,True,False,False
0.6082018293295809,0.4190336175242267,0.35211267605633806,False,False,False,False,False,False,False,False,True,False,False,False,False,True,False,False,False,False,False,True,False
0.5336214694944216,0.8107546854468176,0.295774647887324,False,True,False,False,False,True,False,False,False,False,False,False,False,True,False,True,False,True,False,False,False
0.11347874158206855,0.692906703388974,0.014084507042253521,False,False,False,False,False,False,False,False,False,True,False,False,False,False,True,False,False,False,False,True,False
0.16564478842094685,0.3148744359299488,0.09859154929577466,False,False,False,False,True,False,False,False,False,True,False,False,False,True,True,False,False,False,True,False,False
0.28887325359332594,0.7866606752727903,0.5211267605633804,False,False,False,False,True,False,False,False,True,False,False,False,False,True,False,True,False,False,True,False,False
0.19951753945120118,0.13974726058860443,0.5774647887323944,False,True,False,False,False,False,False,False,True,False,False,False,False,False,False,True,False,False,False,False,False
0.3399336616745402,0.6740308103093341,0.02816901408450704,False,False,False,False,True,False,False,False,True,False,False,False,False,False,True,False,False,False,True,False,False
0.3556136295105036,0.22080121215639142,0.23943661971830985,False,False,False,False,True,False,True,False,False,False,False,True,False,False,False,False,True,False,True,False,False
0.33510905618655146,0.4428654208170247,0.08450704225352114,False,False,False,False,True,False,False,False,False,False,False,False,True,False,True,False,False,False,False,False,False
0.16795657855060814,0.6777987832399763,0.4225352112676057,False,False,False,False,True,False,False,False,False,False,True,False,True,False,False,False,True,False,True,False,False
0.9506483063624486,0.6799724983011597,0.9154929577464789,False,False,False,True,False,True,False,False,False,False,False,False,False,True,False,False,False,False,True,False,False
0.27490200020102523,0.9643198483603563,0.619718309859155,False,False,True,False,False,False,False,False,False,True,False,False,False,True,False,False,True,False,True,False,False
0.18112373102824408,0.12477444703871354,0.8450704225352113,False,False,False,False,False,False,False,False,False,True,False,False,False,True,False,True,False,False,False,False,True
0.8122424364257715,0.8155364582655716,1.0,False,False,False,False,False,True,False,False,False,False,False,False,False,False,False,False,False,True,False,False,False
0.3449592923911951,0.5002226756911203,0.3943661971830986,False,True,False,False,False,False,False,False,False,True,False,False,True,False,False,False,True,True,False,False,False
0.5508091265453815,0.5129337046930028,0.7887323943661972,False,False,False,False,False,True,False,False,False,False,False,False,False,True,False,True,False,False,False,True,False
0.8866217710322646,0.33721906584295014,0.3098591549295775,False,False,True,False,False,False,False,False,True,False,False,False,False,False,False,False,False,False,False,False,False
0.001005126143330988,0.7669140952211295,0.7605633802816901,False,False,False,False,False,False,False,False,False,True,False,True,False,False,False,False,True,False,False,False,False
0.4977384661775054,0.5783423120842345,0.19718309859154928,True,False,False,False,False,False,False,False,False,True,False,False,True,False,False,True,False,True,False,False,False
0.12523871745904114,0.25535147231165395,0.9577464788732395,False,True,False,False,False,False,False,False,False,False,True,True,False,False,False,False,False,False,False,True,False
0.43300834254698967,0.1688612315116627,0.676056338028169,False,False,True,False,False,False,False,False,True,False,False,False,True,False,True,False,False,False,True,False,False
0.3288772740978993,0.2162185964726169,0.7605633802816901,False,True,False,False,False,False,False,False,True,False,False,False,False,True,False,False,True,False,True,False,False
0.38657151472509804,0.369963901518298,0.3098591549295775,False,False,True,False,False,False,False,False,False,True,False,False,True,False,False,True,False,False,True,False,False
0.2979193888833049,0.742717003715932,0.7887323943661972,False,False,True,False,False,False,False,False,False,False,True,True,False,False,False,False,True,False,False,True,False
0.21328776761483567,0.8702816522236044,0.056338028169014086,False,True,False,False,False,False,False,False,True,False,False,True,False,False,False,False,False,False,False,False,False
0.931751934867826,0.9419982366086843,0.5915492957746479,True,False,False,False,False,False,False,False,True,False,False,False,False,False,False,False,False,True,False,False,False
0.8811940898582773,0.738577737835152,0.14084507042253522,False,False,False,False,False,False,False,False,False,True,False,False,False,True,False,False,True,False,False,True,False
0.4217509297416826,0.0037149310806226113,0.3098591549295775,False,False,True,False,False,False,False,False,False,True,False,False,True,False,False,False,True,False,True,False,False
0.6122223339029048,0.9962090089080285,0.0,False,False,False,False,True,True,False,False,False,False,False,False,True,False,False,False,False,False,True,False,False
0.512714845713137,0.5369946888094707,0.02816901408450704,False,False,False,True,False,True,False,False,False,False,False,False,False,False,False,True,False,False,True,False,False
0.7759573826515229,0.05682083163616094,0.35211267605633806,True,False,False,False,False,False,False,False,False,False,True,False,False,False,False,False,False,False,False,False,True
0.14222534928133485,0.9368811992662212,0.8450704225352113,False,False,True,False,False,False,True,False,False,False,False,False,True,False,False,False,False,False,False,False,True
0.682480651321741,0.5673936736084771,0.11267605633802817,False,False,False,False,False,False,False,True,False,False,False,True,False,False,True,False,False,False,False,False,True
0.341843401346869,0.9703976437409116,0.4084507042253521,True,False,False,False,False,False,False,False,False,False,False,False,False,False,True,False,False,False,False,True,False
0.7160518645089959,0.0030103751860217714,0.619718309859155,False,False,False,True,False,False,False,False,True,False,False,False,False,False,True,False,False,False,False,False,False
0.372298723489798,0.049087730219142915,0.7042253521126761,True,False,False,False,False,True,False,False,False,False,False,True,False,False,False,False,False,False,False,True,False
0.7623881797165545,0.4609236687746633,0.7605633802816901,False,True,False,False,False,False,False,False,True,False,False,False,False,False,False,False,True,False,False,True,False
0.7106241833350087,0.22776570714293579,0.8169014084507042,False,False,True,False,False,False,False,False,True,False,False,False,True,False,False,False,False,True,False,False,False
0.48628002814353205,0.17250110337055938,0.1267605633802817,False,False,False,True,False,False,True,False,False,False,False,False,False,False,True,False,False,False,False,False,True
0.4798472208262137,0.33857513578213216,0.19718309859154928,False,True,False,False,False,False,False,False,False,True,False,False,True,False,True,False,False,False,False,True,False
0.31661473514926125,0.17546944539241463,0.4084507042253521,False,False,False,True,False,False,False,True,False,False,False,True,False,False,False,True,False,False,False,True,False
0.5009548698361646,0.8978053684356958,0.25352112676056343,False,False,False,False,False,True,False,False,False,False,False,False,True,False,False,False,False,False,False,False,False
0.047039903507890245,0.7196758242253138,0.1267605633802817,False,False,False,True,False,False,False,True,False,False,False,True,False,False,True,False,False,False,False,False,True
0.9526585586491105,0.58396174581745,0.971830985915493,False,False,False,False,False,False,True,False,False,False,False,True,False,False,False,False,True,False,True,False,False
0.7025831741883608,0.4804770964290826,1.0,False,False,True,False,False,False,False,False,False,True,False,False,False,True,False,False,True,True,False,False,False
0.4693939089355715,0.016546054837266604,0.676056338028169,False,False,False,False,True,False,False,False,True,False,False,False,False,True,False,False,True,False,False,True,False
0.28997889235099006,0.3160533661058576,0.08450704225352114,False,False,False,True,False,False,False,False,True,False,False,False,False,True,True,False,False,False,False,False,True
0.19881395115086947,0.36327662525732807,0.8169014084507042,False,False,False,False,True,False,False,False,False,False,False,True,False,False,True,False,False,True,False,False,False
0.7176600663383256,0.7338259887050883,0.26760563380281693,False,True,False,False,False,False,False,False,False,False,True,True,False,False,False,False,True,False,False,False,True
0.27550507588702383,0.3993480856395697,0.6619718309859155,False,False,False,False,True,False,False,False,False,False,True,False,True,False,False,True,False,False,False,True,False
0.5713136998693337,0.17148330032395562,0.09859154929577466,False,False,False,False,False,False,True,False,False,False,False,False,True,False,False,False,False,False,False,True,False
0.8231983113880793,0.19703646176833522,0.46478873239436624,False,False,True,False,False,False,True,False,False,False,False,True,False,False,True,False,False,False,False,False,False
0.14654739169765807,0.6780820067032889,0.7042253521126761,False,False,False,True,False,False,False,True,False,False,False,True,False,False,False,False,False,False,False,False,True
0.5489998994873857,0.942773848566519,0.9154929577464789,False,True,False,False,False,False,False,False,False,False,False,False,False,False,False,False,False,False,False,False,True
0.3853653633531009,0.21094743752820977,0.7464788732394366,False,False,False,True,False,False,True,False,False,False,False,True,False,False,True,False,False,True,False,False,False
0.42506784601467484,0.48335636817448974,0.6901408450704226,True,False,False,False,False,False,False,False,False,False,True,True,False,False,False,False,True,True,False,False,False
0.9782892753040507,0.6999192362774229,0.014084507042253521,False,False,False,False,False,False,False,False,False,False,True,False,True,False,False,True,False,False,True,False,False
0.09588903407377626,0.6794260671669948,0.5352112676056339,False,False,True,False,False,True,False,False,False,False,False,False,True,False,True,False,False,True,False,False,False
0.9696451904714043,0.46684133781553655,0.8028169014084507,False,False,False,False,True,False,False,False,False,True,False,True,False,False,True,False,False,False,False,False,True
0.4075786511207157,0.17567160489626316,0.9577464788732395,False,False,False,False,True,False,False,True,False,False,False,False,False,False,False,False,True,True,False,False,False
0.09920595034676852,0.9124979608911432,0.19718309859154928,False,False,False,True,False,False,True,False,False,False,False,False,True,False,False,True,False,False,False,False,True
0.33400341742888734,0.9857517581371703,0.7464788732394366,False,False,False,False,False,True,False,False,False,False,False,False,True,False,False,False,False,True,False,False,False
0.036988642074580365,0.7152673459359435,0.8309859154929577,False,False,False,False,True,True,False,False,False,False,False,False,True,False,False,True,False,True,False,False,False
0.7210774952256508,0.4727840265969851,0.7887323943661972,True,False,False,False,False,False,False,False,False,True,False,False,False,False,True,False,False,False,True,False,False
0.9825108051060409,0.41192000488385344,0.46478873239436624,False,False,False,False,False,False,False,True,False,False,False,False,False,True,False,True,False,True,False,False,False
0.8562669615036688,0.17218085069119538,0.2112676056338028,False,False,False,False,True,False,False,False,False,True,False,True,False,False,False,True,False,True,False,False,False
0.38817971655442757,0.8935650228029917,0.28169014084507044,False,False,True,False,False,False,False,False,False,False,False,False,False,True,True,False,False,False,False,False,False
0.8258116393607399,0.00016212791892803417,0.3098591549295775,True,False,False,False,False,False,False,False,False,False,True,False,False,False,False,False,True,False,False,False,True
0.4886923308875264,0.8454120300917425,0.0,False,False,True,False,False,False,False,False,True,False,False,False,True,False,False,False,False,False,False,False,True
0.8931550909639161,0.18446954647216657,0.04225352112676056,False,False,False,True,False,False,True,False,False,False,False,False,False,True,True,False,False,False,False,True,False
0.7773645592521863,0.7841707106907351,0.8591549295774649,True,False,False,False,False,False,False,True,False,False,False,False,True,False,False,True,False,False,False,True,False
0.4959292391195096,0.2823817992396001,0.19718309859154928,False,False,True,False,False,False,False,False,True,False,False,False,False,True,False,True,False,False,False,False,True
0.9630113579254198,0.5918709862081183,0.2112676056338028,False,False,False,False,True,False,False,True,False,False,False,False,False,True,True,False,False,False,True,False,False
0.1803196301135793,0.026941256651498036,0.0,False,False,False,False,True,False,True,False,False,False,False,False,True,False,False,False,True,False,False,False,True
0.1775052769122525,0.20004083221661892,0.8169014084507042,False,False,False,True,False,False,False,True,False,False,False,False,False,True,False,False,False,True,False,False,False
0.6812744999497438,0.5284039106855309,0.1267605633802817,False,True,False,False,False,False,False,False,True,False,False,True,False,False,False,False,True,False,False,False,False
0.9570811136797669,0.5518233886536478,0.9577464788732395,False,False,True,False,False,False,False,False,False,False,False,True,False,False,False,True,False,False,True,False,False
0.9659262237410795,0.975364562639923,0.5211267605633804,False,False,False,False,True,True,False,False,False,False,False,False,False,True,True,False,False,False,False,True,False
0.9714544175294001,0.3997423967510366,0.5211267605633804,False,False,False,False,False,False,True,False,False,False,False,False,True,False,False,False,False,False,False,False,True
0.7920394009448186,0.999197366722344,0.28169014084507044,False,False,False,True,False,False,True,False,False,False,False,False,False,False,False,False,False,False,False,True,False
0.7623881797165545,0.5176244056560626,0.04225352112676056,False,True,False,False,False,True,False,False,False,False,False,False,False,False,True,False,False,False,False,True,False
0.33179213991355916,0.6153935455074053,0.9014084507042254,False,False,False,False,False,False,False,False,False,False,False,False,False,False,False,False,False,False,False,False,False
0.9606995677957585,0.592407409446053,0.28169014084507044,False,False,False,False,True,False,False,True,False,False,False,True,False,False,False,True,False,True,False,False,False
0.3336013669715549,0.9440008166443324,0.6338028169014085,False,False,True,False,False,True,False,False,False,False,False,True,False,False,False,False,True,False,False,False,False
0.17579656246858982,0.5065266495264764,0.7323943661971831,False,True,False,False,False,False,False,False,False,True,False,False,False,True,True,False,False,True,False,False,False
0.8678259121519752,0.1223235132519558,0.8169014084507042,False,False,False,True,False,False,True,False,False,False,False,True,False,False,False,True,False,False,False,False,False
0.9761785104030557,0.4589771329579039,0.943661971830986,False,True,False,False,False,False,False,False,False,True,False,False,True,False,False,True,False,False,False,True,False
0.2547994773344055,0.17604590021526986,0.33802816901408456,False,False,False,True,False,False,False,False,True,False,False,True,False,False,False,True,False,True,False,False,False
0.2700773947130365,0.5434417755609176,0.26760563380281693,False,False,False,True,False,False,False,True,False,False,False,False,False,True,True,False,False,False,False,True,False
0.2866619760779978,0.859565196940386,0.647887323943662,False,False,False,False,True,False,False,False,False,False,True,True,False,False,False,False,True,False,False,False,False
0.9074278821992161,0.8773091969563986,0.6619718309859155,False,False,False,False,False,False,False,False,False,True,False,False,False,True,True,False,False,False,False,False,True
0.4204442657553523,0.6580341889751014,0.647887323943662,False,False,False,True,False,False,False,True,False,False,False,False,True,False,False,False,False,True,False,False,False
0.8180721680570913,0.9205723315696085,0.26760563380281693,False,False,False,False,False,False,False,False,False,False,False,False,True,False,True,False,False,True,False,False,False
0.435320132676651,0.9062260123237235,0.8309859154929577,False,False,False,True,False,False,False,True,False,False,False,False,False,True,True,False,False,False,False,False,True
0.936878078198814,0.21761069483822737,0.4225352112676057,True,False,False,False,False,False,False,False,False,False,True,True,False,False,True,False,False,False,False,False,True
0.5406573524977385,0.9307783841450905,0.47887323943661975,False,True,False,False,False,False,True,False,False,False,False,True,False,False,False,False,False,False,False,False,False
0.5550306563473716,0.17926243806363223,0.19718309859154928,False,False,True,False,False,False,False,True,False,False,False,False,False,True,False,False,True,False,True,False,False
0.0509598954668811,0.5821323023865831,0.5492957746478874,False,False,False,True,False,False,False,False,False,True,False,True,False,False,False,True,False,True,False,False,False
0.47844004422555036,0.3606125232808687,0.28169014084507044,False,False,False,False,True,False,False,False,False,False,False,False,False,True,False,False,True,True,False,False,False
0.2541964016484069,0.9074199543439775,0.16901408450704225,False,False,True,False,False,False,False,False,False,True,False,True,False,False,True,False,False,True,False,False,False
0.1441350889536637,0.8180144133721506,0.8873239436619719,False,True,False,False,False,False,False,False,False,False,False,False,False,False,False,False,False,False,False,False,True
0.8569705498040006,0.9225128626486299,0.36619718309859156,True,False,False,False,False,False,False,True,False,False,False,False,True,False,False,False,True,True,False,False,False
0.18353603377223845,0.4116077585214735,0.5774647887323944,False,False,False,False,False,False,False,False,False,True,False,True,False,False,False,False,False,False,False,False,True
0.3788320434214494,0.8482032323503245,0.4366197183098592,False,False,True,False,False,False,False,True,False,False,False,True,False,False,False,True,False,False,False,True,False
0.37792742989245154,0.18753096192896196,0.5070422535211268,False,True,False,False,False,False,False,False,False,False,False,False,True,False,True,False,False,False,False,False,True
0.09729621067443965,0.6374289314268958,0.7183098591549296,False,False,False,False,True,False,False,False,False,False,True,False,False,True,False,True,False,True,False,False,False
0.35953362146949447,0.23683085954818353,0.9014084507042254,False,False,False,False,True,False,False,False,True,False,False,False,False,False,False,False,True,False,True,False,False
0.9203940094481857,0.820035007621013,0.8732394366197184,False,False,False,True,False,False,True,False,False,False,False,False,True,False,True,False,False,False,True,False,False
0.7277113277716355,0.43442876429502886,1.0,False,False,False,False,True,False,False,True,False,False,False,False,False,False,False,False,False,False,False,True,False
0.5731229269273295,0.5135822163687149,0.18309859154929578,False,False,False,False,False,False,False,False,False,False,True,False,True,False,True,False,False,False,False,False,True
0.053171172982209275,0.8220275797604311,0.5492957746478874,True,False,False,False,False,False,False,True,False,False,False,False,False,True,False,False,False,False,False,True,False
0.14252688712433412,0.012170602605455706,0.4084507042253521,False,True,False,False,False,False,False,False,True,False,False,False,False,True,False,False,True,True,False,False,False
0.09669313498844105,0.4051486622945505,0.7183098591549296,False,True,False,False,False,False,False,False,False,False,True,False,False,False,True,False,False,True,False,False,False
0.8683284752236407,0.7031657978144756,0.19718309859154928,False,False,False,False,False,False,False,False,True,False,False,False,False,True,True,False,False,False,False,True,False
0.09387878178711428,0.5804359639755767,0.971830985915493,False,False,True,False,False,False,True,False,False,False,False,False,True,False,False,False,False,False,False,False,True
0.4969343652628405,0.6406534755922423,0.7042253521126761,False,True,False,False,False,True,False,False,False,False,False,False,False,False,False,False,False,False,False,True,False
0.7501256407679164,0.08517120007686065,0.7605633802816901,False,False,True,False,False,False,False,False,False,False,False,False,False,False,False,False,False,False,False,False,True
0.3287767614835662,0.07957878766346647,0.8873239436619719,True,False,False,False,False,False,False,True,False,False,False,False,False,True,False,False,True,False,False,True,False
0.5418635038697357,0.21514675078637047,0.6901408450704226,False,False,False,False,True,False,False,False,False,False,True,False,False,False,False,False,False,False,False,False,True
0.5936275002512816,0.4502442427074963,0.35211267605633806,True,False,False,False,False,False,False,False,True,False,False,False,True,False,False,False,True,False,False,False,False
0.45441752939993973,0.46160820887680387,0.1267605633802817,True,False,False,False,False,False,False,False,False,True,False,False,True,False,True,False,False,False,False,True,False
0.04462760076389588,0.07078785161492418,0.46478873239436624,False,True,False,False,False,False,False,False,False,False,False,True,False,False,False,False,False,False,True,False,False
0.8942607297215801,0.2014669574294118,0.5352112676056339,False,False,False,True,False,False,True,False,False,False,False,False,False,True,False,False,True,True,False,False,False
0.4564277816866017,0.3219620280401237,0.6056338028169015,False,True,False,False,False,False,True,False,False,False,False,False,True,False,False,True,False,False,True,False,False
0.8277213790330686,0.8545592472460772,0.2112676056338028,False,False,True,False,False,False,False,False,False,False,False,True,False,False,False,False,True,True,False,False,False
0.8980802090662379,0.9984487760843306,0.08450704225352114,False,False,True,False,False,False,False,False,False,True,False,True,False,False,False,False,True,False,False,False,True
0.10362850537742488,0.4795823905061094,0.16901408450704225,True,False,False,False,False,False,False,False,True,False,False,True,False,False,False,True,False,False,False,False,True
0.3399336616745402,0.5541752442677272,0.4507042253521127,True,False,False,False,False,False,False,True,False,False,False,True,False,False,False,True,False,False,True,False,False
0.9251181023218416,0.6534936064554934,0.056338028169014086,False,False,True,False,False,False,True,False,False,False,False,False,False,False,False,False,False,False,False,True,False
0.6271987134385366,0.11945525019240182,0.18309859154929578,False,True,False,False,False,False,True,False,False,False,False,False,False,False,True,False,False,False,True,False,False
0.48507387677153485,0.7548275589440069,0.47887323943661975,False,False,False,False,False,False,False,False,False,False,False,False,False,False,True,False,False,False,False,False,True
0.4081817268067143,0.8491009406421667,0.5070422535211268,True,False,False,False,False,False,False,False,False,True,False,False,False,True,True,False,False,False,False,False,True
0.5699065232686703,0.3282890200368091,0.1267605633802817,False,False,False,False,True,False,False,True,False,False,False,False,True,False,False,False,True,False,False,False,True
0.12694743190270383,0.5106809272516015,0.19718309859154928,False,False,False,False,False,True,False,False,False,False,False,False,False,False,False,True,False,False,False,True,False
0.2056488089255202,0.24785455724566685,0.971830985915493,False,True,False,False,False,True,False,False,False,False,False,False,False,False,False,False,False,False,True,False,False
0.42466579555734246,0.7465900595569905,0.323943661971831,False,False,False,False,False,False,True,False,False,False,False,False,False,True,False,False,True,False,False,False,True
0.8281234294904012,0.33644845783323046,0.22535211267605634,False,False,False,True,False,True,False,False,False,False,False,False,False,True,False,False,True,False,False,False,False
0.20816162428384766,0.5708363899116403,1.0,False,False,False,True,False,False,True,False,False,False,False,True,False,False,False,False,False,False,False,True,False
0.1181023218413911,0.16263431847727858,0.16901408450704225,True,False,False,False,False,False,False,False,False,False,False,True,False,False,True,False,False,False,False,True,False
0.6168459141622273,0.2441746538018497,0.5915492957746479,False,False,False,False,True,True,False,False,False,False,False,False,True,False,False,False,False,False,False,False,True
0.7098200824203439,0.6046100373194451,0.26760563380281693,False,False,False,False,False,True,False,False,False,False,False,False,True,False,False,False,False,False,True,False,False
0.26213689818072167,0.31322013068310905,0.49295774647887325,False,True,False,False,False,True,False,False,False,False,False,False,False,False,False,False,False,False,False,False,False
0.047642979193888844,0.6970279550565397,0.28169014084507044,True,False,False,False,False,False,False,False,False,True,False,False,True,False,True,False,False,False,True,False,False
0.30043220424163236,0.1562753012126568,1.0,False,False,True,False,False,False,False,False,False,False,False,False,False,False,True,False,False,False,False,False,True
0.6638858176701177,0.8435515621825621,0.9859154929577465,False,False,True,False,False,False,False,True,False,False,False,False,False,False,False,False,True,True,False,False,False
0.8294300934767314,0.28166022992140805,0.04225352112676056,False,False,False,False,False,False,False,False,False,False,True,True,False,False,False,False,False,False,False,False,False
0.8817971655442759,0.5262992501083354,0.3098591549295775,False,False,False,True,False,False,False,False,True,False,False,True,False,False,True,False,False,True,False,False,False
0.047039903507890245,0.8271526234198784,0.47887323943661975,False,False,False,False,False,False,False,False,True,False,False,True,False,False,False,False,False,False,False,False,True
0.13338023922002212,0.929060028362378,0.35211267605633806,False,False,False,False,False,False,False,False,True,False,False,True,False,False,False,False,False,False,True,False,False
0.21509699467283147,0.3046203454525621,0.7323943661971831,False,False,False,True,False,True,False,False,False,False,False,False,False,False,False,True,False,False,False,False,False
0.3409387878178712,0.9609591968062802,0.6619718309859155,False,True,False,False,False,True,False,False,False,False,False,False,True,False,False,True,False,False,False,True,False
0.5769424062719871,0.26387219516198285,0.3802816901408451,False,False,False,True,False,False,True,False,False,False,False,False,False,True,False,True,False,False,False,False,False
0.6178510403055584,0.6338260887840507,0.619718309859155,False,False,True,False,False,False,False,True,False,False,False,True,False,False,True,False,False,True,False,False,False
0.5589506483063625,0.25530843835786443,0.22535211267605634,False,False,False,True,False,False,False,True,False,False,False,False,False,True,False,False,False,False,False,True,False
0.5039702482661574,0.8743008233496229,0.5211267605633804,False,False,False,True,False,False,False,False,False,False,False,True,False,False,True,False,False,True,False,False,False
0.6482058498341542,0.6325060472712971,0.7605633802816901,False,False,False,False,False,False,False,True,False,False,False,True,False,False,False,False,True,False,False,False,True
0.6889134586390593,0.9394632364935935,0.7746478873239437,False,False,False,True,False,True,False,False,False,False,False,False,True,False,False,False,True,False,False,True,False
0.13388280229168764,0.633931171694467,0.5070422535211268,False,True,False,False,False,False,False,False,False,True,False,False,False,False,False,False,False,True,False,False,False
0.22092672630415122,0.6862934855601069,0.8591549295774649,True,False,False,False,False,False,True,False,False,False,False,False,True,False,False,False,True,False,False,True,False
0.10865413609407983,0.5618262809356582,0.22535211267605634,True,False,False,False,False,False,False,False,False,True,False,False,False,True,False,False,True,True,False,False,False
0.6033772238415922,0.015356115975504674,0.9154929577464789,False,False,False,False,True,False,True,False,False,False,False,False,False,True,False,False,True,False,False,False,True
0.9845210573927029,0.03202426714677881,0.619718309859155,True,False,False,False,False,False,False,True,False,False,False,False,False,False,False,True,False,True,False,False,False
0.9705498040004021,0.3292137496484727,0.8450704225352113,False,False,False,False,True,False,False,False,True,False,False,False,True,False,False,True,False,False,False,False,True
0.6452909840184944,0.5414542073696147,0.22535211267605634,False,False,True,False,False,False,False,True,False,False,False,False,False,False,False,True,False,False,True,False,False
0.005528193788320435,0.25517032938988865,0.9859154929577465,False,True,False,False,False,True,False,False,False,False,False,False,False,True,True,False,False,False,True,False,False
0.8992863604382351,0.14080209285125966,0.11267605633802817,False,False,True,False,False,False,True,False,False,False,False,False,False,False,False,False,True,False,False,False,False
0.48326464971353905,0.3580685160591707,0.14084507042253522,False,True,False,False,False,False,False,False,False,False,True,False,True,False,False,False,True,False,False,False,False
0.16001608201829334,0.059945296839206144,0.295774647887324,False,True,False,False,False,True,False,False,False,False,False,True,False,False,False,False,True,False,False,False,True
0.14996482058498345,0.5551670267841327,0.14084507042253522,False,False,False,True,False,False,True,False,False,False,False,False,False,True,False,False,True,False,True,False,False
0.46889134586390596,0.0979192582947946,0.23943661971830985,False,False,False,False,True,False,False,True,False,False,False,True,False,False,False,False,False,False,False,True,False
0.5256809729621068,0.6335869000641506,0.8028169014084507,False,True,False,False,False,False,False,False,True,False,False,True,False,False,False,False,True,False,False,False,True
0.6471002110764901,0.9765595054498,0.3802816901408451,False,True,False,False,False,False,False,False,False,False,False,False,False,True,False,False,False,False,False,True,False
0.9407980701578048,0.8389769528157717,0.28169014084507044,False,False,False,False,False,False,False,False,False,False,True,False,False,True,False,False,False,False,False,False,True
0.22796260930746812,0.3673688540258264,0.22535211267605634,False,False,False,True,False,False,False,False,True,False,False,False,True,False,False,True,False,False,True,False,False
0.17026836868026943,0.5986623445898814,0.8169014084507042,False,False,False,True,False,True,False,False,False,False,False,True,False,False,False,False,False,False,False,False,True
0.22333902904814557,0.6296437889494811,0.5633802816901409,False,False,True,False,False,False,False,False,False,True,False,False,False,False,True,False,False,False,False,False,True
0.6984621570007036,0.8345894911084847,0.9859154929577465,False,True,False,False,False,True,False,False,False,False,False,False,True,False,True,False,False,False,False,False,False
0.8782792240426174,0.731648270485413,0.02816901408450704,False,True,False,False,False,False,False,False,True,False,False,False,True,False,True,False,False,True,False,False,False
0.6976580560860388,0.35449269473614686,0.8732394366197184,False,False,False,False,True,False,False,False,False,True,False,True,False,False,False,False,False,False,False,False,True
0.2708814956277013,0.060051380539245476,0.36619718309859156,False,False,False,True,False,False,False,False,False,False,False,False,True,False,False,True,False,True,False,False,False
0.1273494823600362,0.09500195654371299,0.14084507042253522,False,False,False,False,False,False,False,False,False,True,False,False,True,False,True,False,False,True,False,False,False
0.507488189767816,0.8263870193582737,0.02816901408450704,False,False,True,False,False,False,False,False,False,True,False,True,False,False,False,True,False,False,False,False,True
0.6676047844004424,0.23406167466130778,0.4366197183098592,False,False,False,False,True,False,False,True,False,False,False,True,False,False,False,False,True,False,False,False,False
0.39169765805608603,0.5510247585344837,0.9859154929577465,False,False,True,False,False,False,False,True,False,False,False,False,True,False,False,False,False,False,False,True,False
0.03869735651824304,0.8099720679616218,0.8450704225352113,False,False,False,False,True,False,False,False,False,False,True,False,True,False,False,False,False,False,False,False,True
0.2368077193687808,0.6123781663732686,0.647887323943662,True,False,False,False,False,False,False,True,False,False,False,False,False,True,False,False,False,True,False,False,False
0.2140918685295005,0.31187306785053415,0.5633802816901409,False,False,True,False,False,False,False,False,False,False,True,False,True,False,True,False,False,False,False,False,True
0.8969745703085737,0.27958259066403396,0.6338028169014085,False,False,True,False,False,False,False,False,False,False,False,True,False,False,False,False,True,False,False,False,True
0.7220826213689819,0.8480621210134797,0.16901408450704225,False,False,True,False,False,False,True,False,False,False,False,False,False,False,False,False,False,False,False,True,False
0.3716956478037994,0.382559839713534,0.15492957746478872,False,True,False,False,False,True,False,False,False,False,False,False,True,False,False,False,True,False,False,True,False
0.3789325560357825,0.15961893934314175,0.647887323943662,False,False,True,False,False,False,False,False,True,False,False,True,False,False,False,False,True,True,False,False,False
0.8578751633329983,0.841788170866814,0.943661971830986,False,True,False,False,False,False,True,False,False,False,False,False,False,True,False,False,True,False,False,True,False
0.050256307166549406,0.7517551348013584,0.323943661971831,False,False,False,False,False,False,False,True,False,False,False,False,True,False,False,False,False,False,False,False,False
0.5328173685797568,0.6802667304503254,0.014084507042253521,False,True,False,False,False,False,False,False,False,False,False,False,True,False,False,False,True,False,False,True,False
0.37069052166046845,0.9788563176346138,0.5774647887323944,False,False,True,False,False,True,False,False,False,False,False,True,False,False,False,True,False,False,False,True,False
0.8448085234696955,0.39213239245764914,0.08450704225352114,False,True,False,False,False,False,False,False,True,False,False,False,False,True,False,False,True,True,False,False,False
0.34546185546286057,0.44683955641000755,0.33802816901408456,False,False,False,False,True,False,False,False,False,True,False,False,False,True,False,True,False,False,False,True,False
0.16845914162227363,0.7779888331893865,0.014084507042253521,False,False,False,True,False,False,False,False,True,False,False,True,False,False,False,True,False,False,False,True,False
0.8291285556337321,0.799788032757846,0.6901408450704226,False,False,False,True,False,False,False,True,False,False,False,False,True,False,False,False,True,False,False,False,False
0.8527490200020104,0.8198989002322833,0.8169014084507042,False,True,False,False,False,False,False,False,False,True,False,False,False,False,False,False,True,True,False,False,False
0.3111870539752739,0.192157612356149,0.676056338028169,False,False,False,False,True,False,False,False,False,False,True,False,True,False,True,False,False,False,False,False,False
0.7437933460649312,0.00031124557275690525,0.9577464788732395,False,False,False,False,False,False,False,False,False,False,True,False,False,False,True,False,False,False,False,True,False
0.12353000301537843,0.6550398264230478,0.3098591549295775,False,False,False,True,False,False,False,True,False,False,False,True,False,False,False,False,False,False,True,False,False
0.09558749623077696,0.32766052415355723,0.47887323943661975,False,False,False,False,False,False,False,False,False,False,False,False,False,False,False,False,False,False,False,False,False
0.2361041310684491,0.1057854647316733,0.25352112676056343,False,True,False,False,False,False,False,True,False,False,False,False,False,True,False,True,False,True,False,False,False
0.3424464770328676,0.04610537714256549,0.8591549295774649,False,True,False,False,False,False,False,False,True,False,False,True,False,False,True,False,False,False,True,False,False
0.153583274700975,0.7334617012823118,0.3943661971830986,False,True,False,False,False,True,False,False,False,False,False,False,True,False,False,False,False,False,False,True,False
0.7177605789526585,0.7898722091730376,0.4225352112676057,True,False,False,False,False,False,True,False,False,False,False,False,False,True,False,True,False,True,False,False,False
0.6476027741481557,0.15876226342584301,0.15492957746478872,False,False,False,True,False,True,False,False,False,False,False,True,False,False,False,True,False,False,False,True,False
0.0587998793848628,0.08038742567886062,0.09859154929577466,False,False,True,False,False,True,False,False,False,False,False,False,False,False,False,False,True,False,True,False,False
0.8578751633329983,0.6976624556775296,1.0,False,True,False,False,False,False,False,False,True,False,False,False,False,True,False,False,False,False,False,False,False
0.46235802593225456,0.7483124184981951,0.16901408450704225,False,False,False,False,True,False,False,True,False,False,False,True,False,False,False,True,False,False,False,False,False
0.6421750929741683,0.8037891896706502,0.0,False,True,False,False,False,False,False,False,False,False,True,False,False,True,False,True,False,False,False,False,True
0.13036486079002918,0.5376832320701034,0.5633802816901409,False,False,True,False,False,False,False,False,False,True,False,True,False,False,True,False,False,False,False,False,True
0.40426173484772343,0.7434335690860089,0.1267605633802817,False,False,False,False,False,False,False,False,False,True,False,False,True,False,False,False,False,False,False,True,False
0.35692029349683385,0.21497661655045833,0.676056338028169,True,False,False,False,False,False,False,False,False,False,True,False,False,True,False,False,True,False,False,False,False
0.576841893657654,0.1356240073417927,0.08450704225352114,False,False,True,False,False,False,False,False,False,False,False,False,True,False,False,False,False,False,False,False,False
0.07488189767815862,0.36233988617018836,0.9295774647887325,False,False,True,False,False,False,False,False,True,False,False,False,False,False,False,False,True,False,True,False,False
0.13458639059201932,0.5371488104114146,0.7464788732394366,False,False,False,False,False,True,False,False,False,False,False,False,True,False,True,False,False,False,False,False,True
0.9627098200824205,0.16176463229488067,0.4366197183098592,False,False,False,False,True,False,False,False,False,True,False,True,False,False,False,False,True,False,False,True,False
0.9461252387174591,0.45563749798591097,0.056338028169014086,False,False,False,True,False,False,False,False,False,False,False,False,False,False,False,True,False,True,False,False,False
0.1282540958890341,0.44829670610111383,0.08450704225352114,False,False,False,True,False,False,False,False,False,False,True,False,True,False,False,False,False,False,False,False,False
0.2152980199014977,0.6039565216956179,0.5211267605633804,True,False,False,False,False,False,False,False,False,True,False,False,True,False,True,False,False,False,False,True,False
0.8172680671424265,0.3315786155276514,0.3943661971830986,True,False,False,False,False,False,False,False,True,False,False,False,False,False,False,False,False,True,False,False,False
0.5858880289476329,0.9838582641704305,0.47887323943661975,False,False,False,True,False,True,False,False,False,False,False,False,False,False,False,False,False,False,False,False,False
0.14292893758166653,0.915040967323218,0.9577464788732395,False,False,True,False,False,False,False,False,False,True,False,True,False,False,False,False,False,False,False,False,False
0.595034676851945,0.2583668514457908,0.08450704225352114,True,False,False,False,False,False,False,False,False,False,False,True,False,False,False,False,False,False,False,False,True
0.15840788018896376,0.5279565577240443,0.3802816901408451,False,True,False,False,False,False,False,False,False,True,False,True,False,False,False,False,True,False,False,True,False
0.2925922203236506,0.5934282148615257,0.9014084507042254,False,False,True,False,False,False,False,False,False,False,False,False,False,True,False,False,True,False,False,True,False
0.822997286159413,0.3868532271962579,0.7746478873239437,True,False,False,False,False,False,False,False,True,False,False,True,False,False,True,False,False,False,False,False,False
0.9648205849834155,0.6444234501021306,0.9859154929577465,False,False,False,False,False,False,False,True,False,False,False,True,False,False,True,False,False,True,False,False,False
0.7627902301738869,0.7826184859854426,0.16901408450704225,False,False,False,False,False,False,False,True,False,False,False,True,False,False,False,True,False,False,True,False,False
0.7988742587194694,0.08382713961315479,0.014084507042253521,False,False,False,False,True,False,False,False,False,False,False,False,True,False,False,True,False,False,False,False,True
0.9161724796461957,0.33696186290983593,0.8169014084507042,True,False,False,False,False,False,False,True,False,False,False,True,False,False,False,True,False,False,False,True,False
0.033571213187255006,0.24104818701955846,0.7605633802816901,False,False,True,False,False,False,False,False,False,False,False,False,False,False,False,False,False,False,True,False,False
0.9714544175294001,0.7349748951923067,0.6901408450704226,False,False,False,False,False,False,False,True,False,False,False,False,False,True,True,False,False,False,False,False,False
0.7693235501055384,0.008099390419040623,0.04225352112676056,False,False,False,False,False,False,False,True,False,False,False,False,False,False,False,True,False,False,True,False,False
0.9148658156598654,0.8655158920388187,0.25352112676056343,False,True,False,False,False,False,True,False,False,False,False,False,True,False,False,False,False,False,False,False,True
0.3708915468891346,0.6625267335928048,0.04225352112676056,False,False,False,False,True,True,False,False,False,False,False,True,False,False,False,True,False,False,False,False,False
0.11448386772539955,0.6466532093822026,0.19718309859154928,True,False,False,False,False,False,False,True,False,False,False,True,False,False,True,False,False,False,False,False,True
0.4300934767313298,0.2665342955591963,0.4084507042253521,False,False,False,False,False,False,False,False,False,False,True,False,False,True,True,False,False,True,False,False,False
0.9285355312091668,0.7715517543341697,0.056338028169014086,False,False,False,True,False,False,False,False,False,True,False,False,False,False,False,False,False,False,False,True,False
0.9981907729420043,0.9484983652101509,0.04225352112676056,False,False,False,False,False,False,False,False,False,False,False,False,False,True,False,False,False,False,False,False,False
0.625590511609207,0.46020310024609423,0.11267605633802817,False,False,False,False,False,False,False,True,False,False,False,False,False,True,False,False,False,False,False,True,False
0.9688410895567394,0.7943497419463957,0.04225352112676056,False,False,False,False,False,False,True,False,False,False,False,False,False,True,True,False,False,True,False,False,False
0.43582269574831645,0.07185469335305557,0.8873239436619719,False,False,False,False,True,False,False,False,True,False,False,False,False,True,False,True,False,False,False,True,False
0.6610714644687908,0.9955925225002528,0.7323943661971831,False,False,False,False,False,False,False,False,False,False,True,False,True,False,False,True,False,False,False,True,False
0.9076289074278823,0.8420063430046307,0.2112676056338028,True,False,False,False,False,False,False,False,False,True,False,False,True,False,False,False,False,False,False,False,False
0.9502462559051162,0.5665650198006227,0.8028169014084507,False,True,False,False,False,False,False,False,True,False,False,False,False,True,False,True,False,False,False,True,False
0.12232385164338126,0.7814765850255853,0.14084507042253522,True,False,False,False,False,False,False,True,False,False,False,False,False,False,False,True,False,False,False,True,False
0.8954668810935774,0.3611309323055892,0.4225352112676057,False,False,True,False,False,False,False,False,True,False,False,False,True,False,False,True,False,False,False,False,True
0.9702482661574029,0.4047293314425082,0.8591549295774649,True,False,False,False,False,False,False,False,False,False,True,False,False,False,False,False,True,False,False,False,True
0.5323148055080913,0.3743553663840771,0.6338028169014085,False,False,False,False,False,False,True,False,False,False,False,False,False,True,True,False,False,True,False,False,False
0.20625188461151878,0.6815897743319479,0.07042253521126761,False,False,False,False,True,False,False,False,True,False,False,False,False,True,False,True,False,False,False,False,True
0.14966328274198415,0.5148081836569053,1.0,False,False,False,False,True,False,False,False,False,True,False,False,False,False,True,False,False,False,False,True,False
0.9731631319730627,0.7430282492886888,0.8450704225352113,True,False,False,False,False,True,False,False,False,False,False,False,True,False,False,False,False,False,True,False,False
0.6147351492612323,0.6399769418070859,0.8732394366197184,False,False,False,True,False,False,False,True,False,False,False,False,False,False,False,False,False,False,False,False,True
0.14865815659865314,0.04195510257593242,0.4507042253521127,False,False,False,False,True,False,False,False,True,False,False,False,False,False,True,False,False,False,False,False,True
0.05407578651120716,0.23516054166737557,0.28169014084507044,True,False,False,False,False,False,False,False,False,False,True,False,False,True,False,False,False,True,False,False,False
0.24555231681576042,0.44835575268887157,0.49295774647887325,False,True,False,False,False,False,False,False,False,True,False,False,True,False,False,True,False,False,False,False,True
0.9736656950447282,0.46708152732505953,0.18309859154929578,False,False,False,True,False,False,False,False,False,True,False,False,True,False,False,False,False,False,True,False,False
0.1104633631520756,0.36397017246607577,0.3802816901408451,False,False,False,False,True,True,False,False,False,False,False,False,False,False,False,False,False,False,False,False,False
0.03568197808825008,0.3577562696967908,0.36619718309859156,False,True,False,False,False,False,True,False,False,False,False,False,False,False,False,False,False,False,False,True,False
0.767916373504875,0.6051714802979551,0.4084507042253521,False,False,False,False,False,False,False,False,False,False,False,True,False,False,False,False,False,False,False,True,False
0.96431802191175,0.10582849868546283,0.3802816901408451,False,True,False,False,False,True,False,False,False,False,False,False,True,False,True,False,False,False,True,False,False
0.33963212383154084,0.15724706793660198,0.3943661971830986,False,False,False,True,False,False,False,True,False,False,False,True,False,False,True,False,False,False,False,False,False
0.5641773042516837,0.24244428854366096,0.28169014084507044,False,False,False,False,True,False,False,True,False,False,False,True,False,False,False,False,False,False,True,False,False
0.6349381847421852,0.3857523586109441,0.6901408450704226,False,False,False,False,True,False,False,False,False,False,False,True,False,False,False,False,True,False,False,True,False
0.8076188561664489,0.14790169443691073,0.7464788732394366,False,False,False,False,False,False,False,False,False,True,False,True,False,False,False,True,False,True,False,False,False
0.09046135289978893,0.38733861016341903,0.8450704225352113,False,False,False,False,False,False,False,True,False,False,False,False,True,False,False,True,False,False,False,False,True
0.46959493416423764,0.4038986760554078,0.8028169014084507,True,False,False,False,False,False,False,False,True,False,False,False,True,False,False,False,False,False,True,False,False
0.28625992562066543,0.9813793082742285,0.5774647887323944,False,False,False,True,False,False,False,False,False,True,False,False,True,False,False,True,False,True,False,False,False
0.9662277615840789,0.38940824310380895,0.4366197183098592,True,False,False,False,False,False,False,False,False,False,True,False,False,True,False,False,True,True,False,False,False
0.4369283345059805,0.7651537062742504,0.23943661971830985,False,False,False,False,True,False,False,False,True,False,False,False,True,False,False,True,False,False,False,False,True
0.9136596642878683,0.6220377878145857,0.676056338028169,False,True,False,False,False,False,False,True,False,False,False,False,True,False,False,True,False,False,False,False,False
0.5348276208664188,0.6806970699882208,0.056338028169014086,False,False,False,False,True,False,False,False,True,False,False,True,False,False,False,False,True,False,False,False,False
0.14936174489898485,0.9081505307687766,0.647887323943662,False,False,False,False,True,True,False,False,False,False,False,False,True,False,False,False,False,False,True,False,False
0.8059101417227864,0.9833989017334678,0.25352112676056343,False,False,False,False,True,False,False,False,False,False,False,False,False,False,True,False,False,True,False,False,False
0.16886119207960604,0.61010637392903,0.5070422535211268,True,False,False,False,False,False,True,False,False,False,False,False,False,False,False,False,False,False,False,False,False
0.5192481656447885,0.0997597104115147,0.7746478873239437,False,False,False,False,True,False,False,False,True,False,False,False,False,True,False,False,True,False,False,True,False
0.894160217107247,0.05902056722754254,0.09859154929577466,False,False,False,False,True,False,True,False,False,False,False,False,False,False,False,False,True,True,False,False,False
0.35591516735350287,0.0916222899867996,0.5633802816901409,True,False,False,False,False,False,False,False,False,False,False,False,False,False,False,False,True,False,False,False,False
0.08865212584179315,0.785759964612079,0.971830985915493,False,False,False,True,False,False,False,True,False,False,False,True,False,False,True,False,False,True,False,False,False
0.14785405568398838,0.5975634775838137,0.19718309859154928,False,False,True,False,False,False,False,False,False,False,False,False,True,False,True,False,False,True,False,False,False
0.17569604985425674,0.7995788677266363,0.18309859154929578,False,False,False,True,False,False,False,False,True,False,False,False,False,False,False,False,True,False,False,False,False
0.3250577947532416,0.07673254197561877,0.3943661971830986,False,False,False,False,True,False,False,False,False,False,False,False,False,True,False,True,False,False,False,False,True
0.5898080209066239,0.6108439558811903,0.4225352112676057,False,True,False,False,False,False,False,False,False,True,False,False,True,False,False,False,False,False,False,False,False
0.279726605689014,0.6673735577370545,0.295774647887324,False,False,False,False,True,False,False,False,False,False,True,True,False,False,False,True,False,False,False,True,False
0.3293798371695648,0.13299593379176172,0.33802816901408456,False,False,True,False,False,False,False,False,False,False,False,False,True,False,False,True,False,False,False,False,False
0.24555231681576042,0.38098159447804325,0.02816901408450704,False,False,False,False,True,False,True,False,False,False,False,False,False,True,False,True,False,False,True,False,False
0.980701578048045,0.795323510249587,0.5774647887323944,False,False,False,True,False,False,False,False,False,False,False,False,False,True,False,False,False,False,False,True,False
0.6697155493014374,0.19801723559888754,0.7746478873239437,False,False,False,False,True,False,False,True,False,False,False,False,True,False,True,False,False,False,True,False,False
0.34134083827520356,0.5803038597453392,0.47887323943661975,False,False,False,False,False,False,True,False,False,False,False,False,False,True,True,False,False,False,False,True,False
0.45401547894260735,0.27720471451975615,0.5774647887323944,False,False,False,True,False,False,False,False,False,True,False,False,False,False,False,False,False,False,False,True,False
0.3798371695647804,0.7941485832321702,0.15492957746478872,False,True,False,False,False,False,True,False,False,False,False,False,True,False,False,True,False,False,False,True,False
0.14785405568398838,0.12644576570914454,0.9295774647887325,False,False,False,True,False,False,False,False,False,False,False,True,False,False,False,True,False,False,True,False,False
0.5496029751733843,0.06640439306612918,0.3943661971830986,False,False,True,False,False,False,False,False,True,False,False,False,False,True,False,False,True,False,True,False,False
0.8342546989647202,0.43471599091683344,0.28169014084507044,False,False,False,False,False,False,False,False,False,False,True,True,False,False,False,False,False,True,False,False,False
0.025831741883606395,0.9014242237125092,0.1267605633802817,False,False,False,False,True,False,False,False,False,True,False,False,True,False,False,False,True,True,False,False,False
0.3426475022615339,0.42732015560277065,0.647887323943662,False,True,False,False,False,False,False,False,False,False,False,False,False,True,True,False,False,False,True,False,False
0.2839481354910041,0.9594399981585472,0.47887323943661975,False,False,True,False,False,False,False,False,False,False,False,False,False,True,False,False,True,True,False,False,False
0.5501055382450498,0.012024487320495873,0.26760563380281693,False,True,False,False,False,False,False,False,True,False,False,False,True,False,False,True,False,False,False,True,False
0.14021509699467286,0.29266090945756207,0.18309859154929578,False,True,False,False,False,False,False,False,False,False,False,False,True,False,True,False,False,False,False,False,False
0.6589606995677958,0.1888409955454854,0.7323943661971831,True,False,False,False,False,False,False,False,False,False,False,True,False,False,False,False,False,False,False,False,False
0.19197909337621877,0.8896819590657029,0.8309859154929577,False,False,True,False,False,False,False,False,False,False,True,False,False,True,False,True,False,False,False,True,False
0.5877977686199618,0.566264782913719,0.8732394366197184,False,True,False,False,False,False,False,False,False,True,False,False,True,False,False,False,False,False,False,False,True
0.8661171977083125,0.6946150512754564,0.9014084507042254,False,False,False,False,True,False,False,False,True,False,False,False,False,True,True,False,False,False,False,True,False
0.5130163835561363,0.2975317525527642,0.3943661971830986,False,False,False,False,False,True,False,False,False,False,False,False,True,False,False,True,False,True,False,False,False
0.13177203739069254,0.39422204119049936,0.5915492957746479,False,False,False,False,True,True,False,False,False,False,False,False,False,True,False,False,True,False,True,False,False
0.5693034475826717,0.5903037496584805,0.19718309859154928,False,True,False,False,False,False,False,False,True,False,False,True,False,False,True,False,False,True,False,False,False
0.9175796562468591,0.8464438441930684,0.35211267605633806,False,False,False,False,False,False,False,False,True,False,False,False,False,True,False,False,False,False,False,False,False
0.8980802090662379,0.043995712617255024,0.23943661971830985,False,False,True,False,False,False,False,False,False,False,True,False,False,False,False,True,False,False,False,False,False
0.4442657553522968,0.4083441835608296,0.5915492957746479,False,False,True,False,False,False,False,False,False,False,False,True,False,False,False,False,False,False,False,False,True
0.5377424866820787,0.8071778633341707,0.7746478873239437,False,False,False,False,False,True,False,False,False,False,False,True,False,False,False,False,False,False,False,False,False
0.798371695647804,0.587385447117776,0.5352112676056339,False,False,False,True,False,True,False,False,False,False,False,False,False,False,False,False,False,True,False,False,False
0.019398934566288075,0.5523538071538444,0.8591549295774649,False,False,True,False,False,True,False,False,False,False,False,False,False,True,False,False,True,False,False,False,True
0.6648909438134487,0.046716859602226164,0.056338028169014086,False,False,False,False,False,True,False,False,False,False,False,True,False,False,False,False,False,False,False,False,True
0.13398331490602072,0.586595824105219,0.5070422535211268,False,False,False,False,False,False,False,False,False,True,False,False,False,False,False,False,False,False,False,False,False
0.021610212081616245,0.5008281534130429,0.47887323943661975,True,False,False,False,False,False,True,False,False,False,False,False,False,False,False,False,True,False,False,False,True
0.6534325057794754,0.9782608478089213,0.971830985915493,False,True,False,False,False,False,False,False,False,False,False,False,False,False,False,True,False,True,False,False,False
0.6848929540657354,0.8951402656696134,0.25352112676056343,True,False,False,False,False,False,False,False,False,False,True,False,False,False,False,False,False,False,False,True,False
0.7569604985425672,0.5741179790854984,0.4366197183098592,False,True,False,False,False,False,False,False,True,False,False,False,False,True,True,False,False,False,False,True,False
0.6281033269675345,0.2323813488842697,0.4507042253521127,False,False,False,False,False,False,False,True,False,False,False,False,True,False,False,True,False,True,False,False,False
0.8990853352095689,0.9176510266600348,0.5915492957746479,True,False,False,False,False,False,False,False,False,True,False,False,False,True,False,False,True,False,True,False,False
0.9831138807920395,0.6944569265150204,0.6619718309859155,False,False,False,False,True,False,False,False,True,False,False,True,False,False,True,False,False,False,False,False,True
0.3856669011961001,0.9691626693461142,0.33802816901408456,False,False,False,True,False,False,True,False,False,False,False,False,True,False,False,True,False,True,False,False,False
0.18464167252990255,0.9771849989641828,0.9014084507042254,False,False,False,False,False,False,False,False,False,False,False,False,False,True,False,True,False,False,False,True,False
0.5440747813850639,0.022332620437525208,0.6056338028169015,False,False,False,False,False,True,False,False,False,False,False,True,False,False,True,False,False,False,False,True,False
0.07458035983515932,0.6575367965324641,0.3943661971830986,False,True,False,False,False,False,False,False,False,True,False,False,True,False,False,False,False,False,False,True,False
0.5738265152276611,0.2574601360473414,0.5492957746478874,False,False,True,False,False,True,False,False,False,False,False,False,True,False,False,False,True,True,False,False,False
0.09518544577344458,0.5364702750470122,1.0,False,True,False,False,False,False,False,False,False,True,False,False,False,False,False,True,False,False,True,False,False
0.8394813549100413,0.8248458033388344,0.28169014084507044,False,False,False,True,False,False,False,False,True,False,False,False,False,True,False,False,False,False,False,True,False
0.7783696853955172,0.5388051172375005,0.5915492957746479,False,False,False,False,True,False,True,False,False,False,False,False,False,False,False,True,False,False,False,False,True
0.4907025831741884,0.46364581654925746,0.18309859154929578,False,False,True,False,False,False,False,True,False,False,False,False,False,False,False,True,False,False,False,True,False
0.6644888933561163,0.5963875497767739,0.11267605633802817,False,True,False,False,False,False,False,False,False,False,True,True,False,False,False,True,False,False,False,False,False
0.8966730324655745,0.5295818400718166,0.9014084507042254,True,False,False,False,False,False,False,False,False,True,False,False,True,False,False,True,False,False,False,False,False
0.4299929641169967,0.021834227205264956,0.056338028169014086,False,True,False,False,False,False,False,False,False,True,False,False,False,False,False,False,True,False,False,True,False
0.212584179314504,0.43485510067443217,0.323943661971831,False,False,True,False,False,False,False,False,False,False,False,False,False,False,False,False,True,False,True,False,False
0.33279726605689014,0.05180787641449104,1.0,True,False,False,False,False,False,False,False,True,False,False,False,True,False,False,True,False,True,False,False,False
0.07779676349381848,0.24201394900576556,0.3943661971830986,True,False,False,False,False,False,False,False,False,False,False,True,False,False,False,False,False,True,False,False,False
0.34174288873253594,0.3722967421295403,1.0,False,False,True,False,False,False,False,False,False,False,False,True,False,False,False,True,False,False,False,False,True
0.6709217006734346,0.7965554822755154,0.28169014084507044,False,False,False,True,False,False,False,True,False,False,False,False,True,False,False,True,False,False,False,False,False
0.3798371695647804,0.5058060809979074,0.5492957746478874,False,False,False,False,True,False,False,False,False,False,True,False,False,False,False,False,False,False,True,False,False
0.3225449793949141,0.7435066267284888,0.04225352112676056,True,False,False,False,False,False,True,False,False,False,False,True,False,False,False,False,True,False,False,False,True
0.7025831741883608,0.6518993485860344,0.22535211267605634,False,False,True,False,False,False,False,True,False,False,False,False,False,True,True,False,False,False,False,True,False
0.31199115488993867,0.8395193807914445,0.33802816901408456,False,False,False,False,True,False,False,False,False,False,True,True,False,False,False,True,False,False,True,False,False
0.84722082621369,0.09953052958784482,0.7746478873239437,False,False,False,False,True,False,False,False,False,True,False,True,False,False,True,False,False,False,False,True,False
0.9839179817067043,0.8367572014319299,0.25352112676056343,False,False,False,False,True,False,False,False,False,False,True,True,False,False,False,True,False,False,False,True,False
0.4345160317619861,0.3927168535974885,0.9859154929577465,False,False,False,False,True,False,False,False,False,True,False,False,True,False,False,True,False,False,False,False,False
0.8682279626093075,0.09896608424046574,0.8309859154929577,False,False,False,True,False,False,True,False,False,False,False,False,False,True,False,False,True,False,False,False,False
0.25871946929339634,0.9454689750212919,0.26760563380281693,True,False,False,False,False,True,False,False,False,False,False,True,False,False,False,False,True,False,False,False,False
0.2592220323650618,0.9433593104959814,0.3802816901408451,False,False,False,False,False,False,False,False,True,False,False,True,False,False,False,False,True,False,False,True,False
0.7670117599758771,0.67074721955623,0.1267605633802817,True,False,False,False,False,False,False,False,False,True,False,False,False,True,True,False,False,False,False,False,False
0.3588300331691628,0.19428228872580466,0.6619718309859155,True,False,False,False,False,False,False,False,False,False,False,False,False,False,False,False,False,False,False,False,False
0.4931148859181828,0.25700277518962467,0.6338028169014085,False,False,False,True,False,True,False,False,False,False,False,False,False,False,False,False,False,False,False,True,False
0.5875967433912956,0.8920948628467862,0.25352112676056343,False,False,False,False,False,False,False,False,False,False,False,False,False,True,False,True,False,True,False,False,False
0.9805005528193789,0.16832580906335098,0.2112676056338028,False,False,False,True,False,False,False,False,False,False,False,False,False,False,True,False,False,False,False,False,True
0.8359634134083829,0.701281310954343,0.7323943661971831,False,False,False,True,False,False,True,False,False,False,False,False,True,False,False,False,False,False,False,True,False
0.303146044828626,0.7497765737166625,0.3802816901408451,False,False,False,False,True,False,False,False,False,False,False,False,True,False,False,False,True,False,False,False,False
0.8668207860086441,0.65880779935369,0.33802816901408456,False,True,False,False,False,False,True,False,False,False,False,False,False,False,True,False,False,False,False,False,True
0.7763594331088551,0.6425839987750336,0.25352112676056343,False,False,False,False,False,False,False,False,False,True,False,False,False,False,False,False,True,False,False,False,False
0.9262237410795057,0.81747598855497,0.8591549295774649,True,False,False,False,False,False,False,False,False,False,False,False,False,False,False,True,False,True,False,False,False
0.05487988742587195,0.09188549765765189,0.647887323943662,False,False,False,True,False,False,True,False,False,False,False,False,True,False,False,True,False,False,False,False,False
0.6675042717861092,0.155894000366289,0.8028169014084507,False,True,False,False,False,False,False,False,False,False,True,False,True,False,True,False,False,False,False,True,False
0.22997286159413008,0.6181887509244794,0.2112676056338028,False,True,False,False,False,False,False,False,True,False,False,False,True,False,False,False,True,False,False,False,True
0.8195798572720878,0.8285227044137825,0.8873239436619719,False,True,False,False,False,False,False,False,False,False,False,True,False,False,False,True,False,True,False,False,False
0.05618655141220224,0.43602001979561883,0.15492957746478872,True,False,False,False,False,False,False,False,False,False,True,False,False,True,False,False,True,False,True,False,False
0.13689818072168058,0.7873912516975895,0.7042253521126761,False,False,False,False,False,False,False,False,False,True,False,False,False,True,False,False,True,False,False,False,True
0.3117901296612725,0.3799617898521934,0.9014084507042254,False,False,True,False,False,False,False,False,False,True,False,False,True,False,False,False,False,False,True,False,False
0.13307870137702285,0.3304176995649568,0.7464788732394366,True,False,False,False,False,False,False,True,False,False,False,False,False,True,False,False,True,False,False,False,False
1.0,0.6730730546401111,0.16901408450704225,False,False,False,False,True,False,False,False,True,False,False,False,False,False,False,False,True,False,False,True,False
0.19157704291888633,0.7725155147411308,0.26760563380281693,True,False,False,False,False,False,False,False,False,False,True,False,False,False,True,False,False,False,True,False,False
0.8152578148557644,0.25562168550986736,0.09859154929577466,False,True,False,False,False,False,False,False,False,False,True,True,False,False,True,False,False,False,True,False,False
0.8061111669514525,0.10666916196879339,0.9295774647887325,False,False,False,True,False,False,True,False,False,False,False,False,True,False,False,False,False,False,True,False,False
0.09960800080410093,0.8723592914809786,0.6056338028169015,False,False,False,False,True,False,False,False,False,True,False,False,True,False,True,False,False,False,False,True,False
0.8529500452306765,0.05004248351949689,0.056338028169014086,False,False,False,False,False,False,False,False,False,False,False,False,False,False,False,False,True,False,True,False,False
0.14815559352698768,0.5992458049400977,0.09859154929577466,False,False,True,False,False,False,False,False,False,True,False,False,False,True,False,False,True,False,False,False,False
0.39782892753040505,0.45958160989020347,0.1267605633802817,True,False,False,False,False,False,False,False,False,False,True,False,True,False,False,True,False,True,False,False,False
0.09749723590310584,0.950583009994886,0.8450704225352113,False,False,False,False,False,False,False,False,False,False,True,False,True,False,False,True,False,False,False,False,False
0.7239923610413108,0.496284568524566,0.8591549295774649,False,False,True,False,False,False,False,True,False,False,False,False,False,False,False,True,False,True,False,False,False
0.9635139209970852,0.5961243421059216,0.1267605633802817,False,True,False,False,False,False,False,True,False,False,False,False,False,False,False,True,False,False,True,False,False
0.8858176701175998,0.7016516031148576,0.1267605633802817,False,False,False,True,False,False,False,False,False,False,False,True,False,False,False,False,False,False,False,False,True
0.36837873153080714,0.3569816585285791,0.4225352112676057,False,True,False,False,False,False,False,True,False,False,False,False,True,False,False,True,False,True,False,False,False
0.47663081716755457,0.1123526462378817,0.19718309859154928,False,False,False,False,True,False,True,False,False,False,False,False,True,False,False,False,False,False,False,False,True
0.14031560960900596,0.7432694395878349,0.676056338028169,False,False,True,False,False,False,False,False,False,True,False,False,False,False,False,False,False,False,False,False,True
0.32133882802291686,0.9477888053674349,0.9577464788732395,False,True,False,False,False,False,False,False,False,False,False,False,False,True,True,False,False,False,False,False,False
0.818876268971756,0.35843080190270127,0.6619718309859155,False,False,False,True,False,False,True,False,False,False,False,False,False,False,False,True,False,False,False,False,True
0.9204945220625189,0.43061675662097404,0.7464788732394366,True,False,False,False,False,False,False,False,True,False,False,False,False,False,True,False,False,False,False,False,True
0.9446175495024627,0.28169825992708253,0.0,False,False,False,False,False,False,False,False,False,False,False,False,False,False,False,False,True,True,False,False,False
0.8467182631420244,0.39114161073086673,0.9154929577464789,True,False,False,False,False,False,False,False,True,False,False,False,False,False,False,False,True,False,False,False,False
0.8171675545280933,0.277670081694457,0.5915492957746479,False,True,False,False,False,False,False,False,False,False,False,False,True,False,False,False,False,True,False,False,False
0.3293798371695648,0.20698330983145705,0.5211267605633804,False,False,False,False,False,False,False,False,True,False,False,False,False,False,False,False,True,True,False,False,False
0.6680068348577747,0.2939409193853951,0.26760563380281693,True,False,False,False,False,False,False,True,False,False,False,True,False,False,False,False,False,False,False,False,True
0.7126344356216706,0.06648045307747813,0.8028169014084507,False,False,False,True,False,False,False,False,False,False,True,False,False,False,False,True,False,False,False,False,True
0.6731329781887627,0.05434087495033582,0.16901408450704225,False,False,False,True,False,False,False,False,False,False,True,False,True,False,False,False,False,False,True,False,False
0.16906221730827223,0.17866796902756277,0.35211267605633806,False,False,True,False,False,True,False,False,False,False,False,False,True,False,False,True,False,True,False,False,False
0.1682581163936074,0.6829058126862094,0.6056338028169015,False,False,False,True,False,False,False,True,False,False,False,True,False,False,False,False,False,False,True,False,False
0.16634837672127856,0.8884820123077108,0.5211267605633804,False,False,False,False,True,True,False,False,False,False,False,False,True,False,False,True,False,False,False,False,False
0.5195497034877877,0.7951043373221472,0.35211267605633806,False,False,True,False,False,False,False,False,True,False,False,True,False,False,False,False,True,False,False,False,True
0.2707809830133682,0.9790314558186409,0.47887323943661975,False,False,False,False,False,False,True,False,False,False,False,True,False,False,False,False,True,False,False,False,True
0.7364559252186149,0.6393594546096871,0.6056338028169015,False,False,True,False,False,False,False,False,False,False,True,False,True,False,False,False,True,False,False,False,True
0.10493516936375516,0.6754469276258969,0.7464788732394366,True,False,False,False,False,False,False,False,False,True,False,False,False,False,False,True,False,False,False,False,True
0.4195396522263545,0.14728120487064295,0.4225352112676057,False,True,False,False,False,False,True,False,False,False,False,True,False,False,True,False,False,True,False,False,False
0.8230977987737462,0.6469104123153169,0.014084507042253521,False,False,False,False,False,False,True,False,False,False,False,False,False,False,False,False,True,False,False,False,False
0.37310282440446274,0.4652600902111767,0.26760563380281693,False,False,True,False,False,False,True,False,False,False,False,True,False,False,False,False,False,False,False,True,False
0.21137802794250682,0.2331389466288902,0.6901408450704226,True,False,False,False,False,False,False,False,True,False,False,False,False,True,True,False,False,True,False,False,False
0.432304754246658,0.684223852619717,0.323943661971831,True,False,False,False,False,False,False,False,True,False,False,False,False,True,False,True,False,False,False,True,False
0.44044627600763897,0.1301887188992115,0.9154929577464789,False,False,False,False,False,False,False,True,False,False,False,False,False,True,False,False,False,False,False,False,False
0.43170167856065944,0.48981546440141277,0.3802816901408451,False,True,False,False,False,False,False,False,False,False,False,False,True,False,False,False,True,False,False,False,False
0.47663081716755457,0.025501120383982966,0.5492957746478874,True,False,False,False,False,False,False,True,False,False,False,False,True,False,True,False,False,False,False,False,True
0.7361543873756157,0.7955707052864711,0.7605633802816901,True,False,False,False,False,False,False,False,True,False,False,False,False,False,False,False,True,False,False,False,False
0.9322544979394914,0.3491865081549343,0.36619718309859156,False,True,False,False,False,False,False,False,False,True,False,False,True,False,False,False,True,False,False,True,False
0.13488792843501862,0.3660117832970214,0.5211267605633804,False,False,False,True,False,False,True,False,False,False,False,False,False,False,False,True,False,False,False,False,True
0.4080812141923812,0.024689479999719783,0.5774647887323944,False,False,True,False,False,False,True,False,False,False,False,False,True,False,True,False,False,False,False,False,True
0.4380339732636446,0.9892455147111071,0.4225352112676057,False,False,True,False,False,False,False,False,False,True,False,False,True,False,True,False,False,False,True,False,False
0.6502161021208162,0.2160494630263278,0.676056338028169,False,True,False,False,False,False,False,False,True,False,False,False,False,False,True,False,False,False,False,False,False
0.2114785405568399,0.3880932055391705,0.295774647887324,False,False,False,True,False,False,False,True,False,False,False,False,True,False,False,True,False,True,False,False,False
0.8353603377223843,0.029834539451627336,0.647887323943662,False,True,False,False,False,True,False,False,False,False,False,True,False,False,False,True,False,False,True,False,False
0.1355915167353503,0.10874479964692142,0.676056338028169,True,False,False,False,False,False,False,False,False,False,False,False,True,False,False,True,False,True,False,False,False
0.48839079304452715,0.39725043058973536,0.7887323943661972,True,False,False,False,False,False,False,True,False,False,False,False,False,False,False,True,False,False,True,False,False
0.3182229369785908,0.3288614717011723,0.4225352112676057,False,False,False,True,False,False,False,False,False,True,False,False,True,False,False,True,False,False,False,False,True
0.45230676449894464,0.8897990514515953,0.7042253521126761,False,True,False,False,False,False,False,False,True,False,False,False,True,False,False,True,False,False,True,False,False
0.730324655744296,0.8500016513028781,0.6338028169014085,False,False,False,False,True,False,False,True,False,False,False,True,False,False,False,True,False,False,True,False,False
0.7005729219016987,0.6311749970726904,0.49295774647887325,False,False,True,False,False,True,False,False,False,False,False,False,False,True,False,False,True,False,False,True,False
0.10171876570509598,0.6260239328830448,0.9859154929577465,False,False,False,False,False,False,False,True,False,False,False,True,False,False,False,True,False,False,False,False,False
0.26284048648105335,0.22051898948270188,0.9859154929577465,False,True,False,False,False,False,False,False,True,False,False,False,False,True,False,False,True,False,False,False,True
0.5177404764297919,0.5274351463304547,0.323943661971831,False,False,False,False,True,False,False,True,False,False,False,False,False,False,True,False,False,False,False,True,False
0.32375113076691125,0.846412819714755,0.8169014084507042,False,False,False,False,False,False,True,False,False,False,False,False,False,False,False,False,True,False,False,False,True
0.47200723690823204,0.7834331287385747,0.5633802816901409,True,False,False,False,False,True,False,False,False,False,False,False,False,True,False,False,False,False,False,False,True
0.10945823700874462,0.1044303955821143,0.5915492957746479,True,False,False,False,False,False,False,False,False,False,True,False,False,True,False,False,False,False,False,True,False
0.3133983314906021,0.03269980014231229,0.09859154929577466,False,False,False,False,False,False,False,False,False,False,True,False,False,False,False,False,True,False,False,False,False
0.6561463463664691,0.5128276209929634,1.0,False,True,False,False,False,False,False,True,False,False,False,True,False,False,False,False,False,False,True,False,False
0.7087144436626798,0.8403450322304299,0.6056338028169015,False,False,False,False,True,False,False,False,False,False,False,True,False,False,False,True,False,False,False,False,True
0.6942406271987135,0.26924643543756027,0.19718309859154928,False,False,False,False,True,False,False,True,False,False,False,True,False,False,False,False,True,False,False,True,False
0.6668006834857776,0.2426604591022317,0.6901408450704226,False,False,False,True,False,False,False,True,False,False,False,False,True,False,False,False,True,True,False,False,False
0.04774349180822194,0.6060011348954325,0.16901408450704225,False,False,True,False,False,True,False,False,False,False,False,True,False,False,False,False,True,False,False,True,False
0.6037792742989245,0.4683445238293014,0.7746478873239437,False,False,False,False,True,True,False,False,False,False,False,False,True,False,False,False,True,False,False,False,True
0.6149361744898986,0.5037474567433705,0.5070422535211268,False,False,False,True,False,False,False,False,True,False,False,False,False,False,False,False,True,False,False,True,False
0.45471906724293903,0.7544492604665082,0.6338028169014085,False,False,True,False,False,False,False,False,False,True,False,True,False,False,False,False,False,False,False,True,False
0.8976781586089055,0.12579525245418635,0.5352112676056339,False,False,False,False,True,False,False,False,True,False,False,False,False,True,False,False,False,False,True,False,False
0.7314302945019601,0.20976550498343194,0.26760563380281693,True,False,False,False,False,False,False,False,True,False,False,False,False,False,False,True,False,True,False,False,False
0.5109056186551413,0.9711172114798576,0.28169014084507044,False,False,False,False,False,False,False,False,False,False,False,True,False,False,True,False,False,False,False,False,False
0.1943913961202131,0.832704003458729,0.7464788732394366,False,False,False,True,False,True,False,False,False,False,False,True,False,False,False,False,False,False,False,True,False
0.972459543672731,0.16502220251778654,0.8450704225352113,False,False,True,False,False,False,False,False,True,False,False,False,False,True,False,False,True,False,True,False,False
0.024726103125942308,0.9912440915882632,0.8169014084507042,False,False,False,False,False,False,False,False,False,True,False,True,False,False,False,True,False,False,False,False,False
0.8219921600160821,0.3700139409994486,0.7605633802816901,True,False,False,False,False,False,False,False,False,False,True,False,True,False,False,False,True,False,False,False,True
0.4934164237611821,0.2846235679951482,0.6901408450704226,False,True,False,False,False,False,False,False,False,True,False,False,False,True,False,False,False,True,False,False,False
0.6497135390491507,0.7430192421820817,0.676056338028169,True,False,False,False,False,False,False,True,False,False,False,False,True,False,False,True,False,True,False,False,False
0.6985626696150368,0.48405892248984456,0.11267605633802817,False,False,False,False,False,False,False,True,False,False,False,False,False,False,True,False,False,False,False,False,True
0.22193185244748218,0.3683075946922122,0.9859154929577465,False,False,False,True,False,False,False,False,False,False,True,False,False,False,False,True,False,False,False,False,False
0.5520152779173787,0.9457872261214099,0.056338028169014086,True,False,False,False,False,False,False,False,False,False,False,False,False,True,False,True,False,False,False,True,False
0.2671625288973766,0.5519114581404728,0.22535211267605634,False,False,False,False,False,False,False,True,False,False,False,False,False,True,False,False,False,False,False,False,True
0.7289174791436326,0.7318754497298369,0.3802816901408451,True,False,False,False,False,False,False,False,False,False,False,False,False,False,False,True,False,False,False,False,True
0.8868227962609309,0.4365174122382561,0.4507042253521127,False,False,True,False,False,False,False,False,False,False,False,True,False,False,True,False,False,False,False,False,False
0.15931249371796163,0.7289811661400846,0.619718309859155,False,False,False,False,False,True,False,False,False,False,False,True,False,False,False,False,True,False,False,False,False
0.855462860589004,0.8262459080214289,0.323943661971831,False,False,False,True,False,False,False,False,True,False,False,False,False,False,False,True,False,False,False,True,False
0.765001507689215,0.7915235120510083,0.5492957746478874,False,False,False,True,False,False,False,False,False,False,True,True,False,False,True,False,False,False,True,False,False
0.4248668207860087,0.11712240958115955,0.25352112676056343,False,False,False,False,True,False,False,False,False,False,False,True,False,False,True,False,False,False,False,True,False
0.9528595838777767,0.9872369299377209,0.619718309859155,False,False,False,True,False,False,False,False,False,True,False,False,False,False,False,True,False,False,True,False,False
0.780178912453513,0.7704108541639354,0.26760563380281693,False,False,True,False,False,False,False,False,True,False,False,False,False,True,False,False,True,True,False,False,False
0.20936777565584483,0.9977742438784202,0.33802816901408456,False,False,False,False,True,False,True,False,False,False,False,False,True,False,False,False,False,True,False,False,False
0.6677052970147754,0.6406845000705557,0.3098591549295775,True,False,False,False,False,True,False,False,False,False,False,False,False,False,True,False,False,False,False,False,True
0.8145542265554329,0.4996412169201501,0.04225352112676056,False,False,True,False,False,False,False,False,False,False,True,False,False,False,False,True,False,False,False,False,True
0.12202231380038196,0.8061170263337774,0.7464788732394366,False,False,True,False,False,False,False,False,False,True,False,False,True,False,False,False,False,False,False,True,False
0.42918886320233196,0.37712555206057585,0.09859154929577466,False,False,True,False,False,False,False,False,False,True,False,False,True,False,True,False,False,False,True,False,False
0.20182932958086242,0.6532594216837084,0.02816901408450704,False,False,False,True,False,False,False,False,False,True,False,False,False,True,False,True,False,False,False,False,False
0.2625389486380541,0.9561203789790145,0.6056338028169015,False,False,True,False,False,False,False,False,True,False,False,False,True,False,False,False,True,False,True,False,False
0.15137199718564684,0.7346036022421691,0.5070422535211268,False,False,True,False,False,False,False,False,False,False,True,False,False,True,False,False,False,False,True,False,False
0.12533923007337425,0.42555876586626856,0.04225352112676056,False,False,False,True,False,False,False,False,False,True,False,False,False,True,False,False,True,True,False,False,False
0.9804000402050459,0.2781104291285825,0.02816901408450704,False,False,False,False,True,False,False,False,False,False,False,False,False,True,True,False,False,False,False,False,True
0.6317217810835261,0.29425516732702106,0.7464788732394366,False,True,False,False,False,False,False,False,False,False,True,False,False,True,False,False,True,False,False,False,False
0.2620363855663886,0.384867660584201,0.25352112676056343,False,False,False,False,False,True,False,False,False,False,False,True,False,False,False,False,True,False,False,False,False
0.2922906824806513,0.14109832657967136,0.8028169014084507,False,True,False,False,False,True,False,False,False,False,False,True,False,False,True,False,False,False,False,False,False
0.7240928736556439,0.5817469983817232,0.15492957746478872,False,False,True,False,False,False,False,True,False,False,False,True,False,False,False,False,False,False,False,False,True
0.34837672127852043,0.10040421892873477,0.8591549295774649,False,False,False,True,False,True,False,False,False,False,False,False,False,True,False,False,True,False,False,True,False
0.5672931952960096,0.2176277082618186,0.6619718309859155,True,False,False,False,False,True,False,False,False,False,False,False,True,False,True,False,False,False,False,False,True
0.9971856467986733,0.35739998859099836,0.28169014084507044,False,True,False,False,False,False,False,False,False,False,True,False,False,False,False,False,True,True,False,False,False
0.7707307267062018,0.34727600076460335,0.49295774647887325,True,False,False,False,False,False,False,False,False,False,True,False,False,False,False,False,True,True,False,False,False
0.3660669414011459,0.8293703732244742,0.014084507042253521,False,True,False,False,False,True,False,False,False,False,False,False,True,False,True,False,False,False,True,False,False
0.4251683586290079,0.6833041269561685,0.25352112676056343,False,False,False,False,True,False,False,True,False,False,False,False,False,True,False,False,True,False,False,False,True
0.8936576540355815,0.45337471264827955,0.3943661971830986,False,False,False,True,False,False,False,False,False,False,False,False,False,False,True,False,False,False,False,False,True
0.33008342546989655,0.673546428131796,0.16901408450704225,True,False,False,False,False,False,False,False,True,False,False,True,False,False,False,True,False,False,False,True,False
0.1350889536636848,0.8325298660643248,0.9577464788732395,False,False,False,False,True,False,False,False,False,False,True,False,True,False,False,True,False,False,False,False,False
0.12614333098803904,0.4008562756014496,0.25352112676056343,False,False,True,False,False,False,False,False,True,False,False,False,True,False,False,True,False,False,False,False,True
0.5270881495627702,0.1920205041777963,0.7887323943661972,False,False,False,False,False,False,False,False,False,False,True,False,True,False,False,True,False,False,False,False,True
0.25650819177806816,0.565314032771857,0.36619718309859156,False,True,False,False,False,False,False,False,False,False,False,True,False,False,True,False,False,True,False,False,False
0.08774751231279526,0.7749374256288212,0.971830985915493,False,False,True,False,False,True,False,False,False,False,False,False,True,False,False,False,False,False,False,True,False
0.7809830133681778,0.6670983405907261,0.8169014084507042,False,False,True,False,False,False,False,False,True,False,False,True,False,False,False,True,False,False,True,False,False
0.9409990953864712,0.02097454891909717,0.28169014084507044,True,False,False,False,False,False,False,True,False,False,False,False,False,True,False,True,False,False,True,False,False
0.5492009247160519,0.4634666752067382,0.8169014084507042,False,False,True,False,False,False,False,False,False,False,True,False,True,False,True,False,False,False,False,False,False
0.16564478842094685,0.9059638054424942,0.7464788732394366,False,False,False,True,False,False,False,False,False,False,True,True,False,False,False,True,False,False,False,False,True
0.3024424565282943,0.6199461375024895,0.5774647887323944,False,True,False,False,False,False,False,False,False,True,False,False,True,False,True,False,False,True,False,False,False
0.19871343853653636,0.9877052994812908,0.04225352112676056,True,False,False,False,False,False,False,False,False,False,False,True,False,False,False,False,True,True,False,False,False
0.9731631319730627,0.8493301214658366,0.8591549295774649,False,False,True,False,False,True,False,False,False,False,False,False,True,False,False,False,True,False,False,False,True
0.12624384360237212,0.7998340690805046,0.49295774647887325,False,True,False,False,False,True,False,False,False,False,False,False,False,False,False,True,False,True,False,False,False
0.8733541059402956,0.30697320185626464,0.3802816901408451,False,True,False,False,False,True,False,False,False,False,False,False,False,True,True,False,False,True,False,False,False
0.8831038295306062,0.9894626860593009,0.02816901408450704,False,False,False,True,False,False,False,False,False,True,False,False,False,True,False,False,True,False,False,True,False
0.8470198009850236,0.12882164027417634,0.33802816901408456,False,True,False,False,False,False,False,False,False,True,False,False,False,False,False,True,False,True,False,False,False
0.5760377927429893,0.7677437498186069,0.8450704225352113,True,False,False,False,False,False,True,False,False,False,False,False,False,True,False,False,True,True,False,False,False
0.7390692531912756,0.9572963067860543,0.5492957746478874,True,False,False,False,False,False,False,False,True,False,False,False,False,False,True,False,False,False,True,False,False
0.8749623077696251,0.2913859034778441,0.33802816901408456,False,False,True,False,False,False,False,False,False,True,False,False,False,True,True,False,False,False,False,True,False
0.7685194491908734,0.9506020249977233,0.4225352112676057,False,False,False,True,False,True,False,False,False,False,False,False,False,False,True,False,False,False,False,True,False
0.8902402251482561,0.9323866530692717,1.0,False,True,False,False,False,False,False,False,False,False,True,False,False,True,True,False,False,False,False,True,False
0.3363152075585486,0.931767164292627,0.295774647887324,False,False,False,False,False,False,False,True,False,False,False,False,False,False,False,False,True,False,False,False,False
0.28414916071967034,0.9842325594894372,0.7464788732394366,False,False,False,True,False,False,False,False,False,True,False,False,True,False,True,False,False,True,False,False,False
0.18082219318524476,0.020271994603742356,0.3943661971830986,False,False,False,False,False,True,False,False,False,False,False,False,True,False,False,False,False,False,False,True,False
0.20997085134184343,0.43697677467521884,0.7183098591549296,True,False,False,False,False,True,False,False,False,False,False,False,False,False,False,False,True,False,False,False,False
0.5770429188863202,0.7694050605928078,0.4366197183098592,True,False,False,False,False,False,True,False,False,False,False,True,False,False,False,True,False,True,False,False,False
0.040205045733239526,0.43684867360347324,0.46478873239436624,True,False,False,False,False,False,True,False,False,False,False,False,False,True,False,False,False,True,False,False,False
0.3836566489094382,0.34003829021097653,0.6056338028169015,False,False,False,False,False,False,False,True,False,False,False,False,False,True,False,True,False,False,False,False,True
0.4373303849633129,0.6120889381722179,0.647887323943662,False,False,False,False,False,False,False,False,True,False,False,False,True,False,True,False,False,True,False,False,False
0.8783797366569506,0.5511108264420628,0.11267605633802817,False,True,False,False,False,False,False,False,True,False,False,True,False,False,False,False,True,False,False,False,True
0.25650819177806816,0.25154246700646815,0.07042253521126761,False,False,True,False,False,False,False,False,True,False,False,False,False,True,False,False,False,False,False,False,True
0.11247361543873756,0.6808331773769505,0.014084507042253521,False,False,False,False,False,False,False,False,False,True,False,False,True,False,False,False,True,False,True,False,False
0.5145240727711328,0.15591201457950324,0.11267605633802817,False,False,False,False,False,False,False,False,False,False,True,False,True,False,False,True,False,False,False,False,True
0.33420444265755356,0.4688018846870181,0.19718309859154928,False,True,False,False,False,False,False,False,False,True,False,False,False,False,True,False,False,False,False,True,False
0.6327269072268571,0.09032526663537532,0.295774647887324,False,False,False,True,False,False,True,False,False,False,False,False,True,False,True,False,False,False,False,True,False
0.4546185546286059,0.5545985782782615,0.8732394366197184,False,False,False,False,False,False,False,False,False,True,False,False,False,False,False,False,False,False,False,False,True
0.32968137501256406,0.9355791719666818,0.26760563380281693,False,True,False,False,False,False,False,False,False,False,False,False,True,False,True,False,False,False,False,True,False
0.4368278218916474,0.45986083019502394,0.15492957746478872,False,False,False,False,True,False,False,False,False,False,False,False,True,False,False,False,True,False,True,False,False
0.06251884611518746,0.7830668397365522,0.04225352112676056,False,False,False,False,False,False,False,True,False,False,False,False,False,False,False,False,True,False,True,False,False
0.5279927630917681,0.5287011452035656,0.18309859154929578,False,False,False,True,False,False,False,False,False,False,False,False,False,True,False,False,False,False,False,False,True
0.38586792642476636,0.5130768176090936,0.7887323943661972,False,False,False,False,True,False,False,True,False,False,False,False,False,False,False,True,False,False,False,False,True
0.7940496532314806,0.636485186812395,0.14084507042253522,False,False,False,False,False,True,False,False,False,False,False,False,False,False,False,False,True,False,True,False,False
0.3771233289777868,0.4194639570621221,0.014084507042253521,False,False,False,True,False,False,False,False,False,True,False,False,False,True,False,True,False,True,False,False,False
0.4721077495225651,0.7842938078143655,0.4084507042253521,False,False,False,False,False,False,False,True,False,False,False,True,False,False,False,False,False,False,False,False,False
0.7104231581063425,0.03747556822332821,0.4225352112676057,True,False,False,False,False,False,False,False,False,False,True,False,True,False,False,False,True,False,False,False,False
0.03598351593124938,0.2913959113740742,0.295774647887324,True,False,False,False,False,False,False,False,True,False,False,False,False,False,False,False,True,True,False,False,False
0.1553925017589708,0.44433457998360715,0.8873239436619719,False,False,False,False,True,False,False,False,False,False,True,False,False,True,False,True,False,False,False,False,False
0.5591516735350287,0.5266495264763899,0.5211267605633804,True,False,False,False,False,False,False,False,False,False,False,False,True,False,False,True,False,False,False,False,True
0.3018393808422957,0.33307679759330117,0.26760563380281693,True,False,False,False,False,False,False,False,False,True,False,False,False,False,False,False,False,False,False,True,False
0.3101819278319429,0.44986694501962055,0.7183098591549296,False,False,False,False,False,False,False,False,False,True,False,True,False,False,False,True,False,False,False,False,True
0.7091164941200121,0.06086202013388565,0.5633802816901409,True,False,False,False,False,False,False,False,False,True,False,False,False,True,True,False,False,False,False,False,False
0.24555231681576042,0.9165081249105544,0.6901408450704226,True,False,False,False,False,True,False,False,False,False,False,False,False,True,False,False,True,False,True,False,False
0.1353904915066841,0.7626177053695367,0.25352112676056343,False,False,False,False,False,False,False,False,False,False,False,False,True,False,True,False,False,False,False,False,False
0.9217006734345161,0.2486311699931246,0.4507042253521127,True,False,False,False,False,False,False,False,False,False,False,False,True,False,False,False,False,True,False,False,False
0.47542466579555737,0.6458595832111537,0.08450704225352114,False,False,False,False,True,False,False,False,True,False,False,False,False,False,False,False,False,False,False,True,False
0.6136295105035682,0.21793695225532947,0.6619718309859155,False,True,False,False,False,False,False,True,False,False,False,False,False,True,False,True,False,False,False,False,False
0.6630817167554529,0.6233688380131924,0.5492957746478874,False,True,False,False,False,False,False,False,False,False,False,False,False,False,False,False,False,False,False,False,True
0.09870338727510303,0.19560233023855825,0.295774647887324,False,False,False,True,False,True,False,False,False,False,False,False,False,False,False,False,False,True,False,False,False
0.7624886923308876,0.8079584792401205,0.9859154929577465,False,False,False,False,True,False,False,False,True,False,False,False,True,False,True,False,False,False,False,False,False
0.2511810232184139,0.050000450355330364,0.1267605633802817,False,False,False,True,False,False,False,True,False,False,False,False,False,True,True,False,False,True,False,False,False
0.7358528495326163,0.37764296029567335,0.5211267605633804,True,False,False,False,False,False,False,False,False,False,True,False,False,False,False,False,True,False,False,True,False
0.9941702683686804,0.35511218351279167,0.7042253521126761,False,False,False,True,False,False,False,False,False,False,True,False,False,False,True,False,False,False,False,True,False
0.6540355814654739,0.4785025385028788,0.5070422535211268,False,False,False,False,False,False,True,False,False,False,False,False,False,False,False,True,False,True,False,False,False
0.6065936275002514,0.12497460496331605,0.14084507042253522,True,False,False,False,False,False,False,False,False,True,False,True,False,False,False,True,False,False,False,False,False
0.3421449391898683,0.6082519107575878,0.33802816901408456,False,False,False,True,False,True,False,False,False,False,False,True,False,False,False,True,False,False,False,False,False
0.4321037290179918,0.02729153301955243,0.4084507042253521,False,False,True,False,False,False,True,False,False,False,False,False,False,True,False,True,False,False,True,False,False
0.3003316916272992,0.029439227550537378,0.8732394366197184,False,True,False,False,False,False,False,False,False,True,False,False,False,False,False,True,False,False,False,False,False
0.04110965926223741,0.7207877014964807,0.25352112676056343,False,False,True,False,False,False,False,False,False,False,False,False,False,True,False,False,False,False,False,True,False
0.543170167856066,0.7760543068481032,0.9577464788732395,False,True,False,False,False,False,False,False,True,False,False,True,False,False,False,True,False,False,False,False,False
0.9584882902804303,0.6714407667649777,0.8591549295774649,False,False,True,False,False,False,False,False,False,True,False,False,False,False,False,False,True,True,False,False,False
0.980701578048045,0.27599275828628794,0.3802816901408451,False,False,False,False,False,False,False,False,False,False,False,True,False,False,False,True,False,True,False,False,False
0.7537440948839079,0.5349600835058862,0.8169014084507042,False,False,False,True,False,False,False,False,True,False,False,False,False,True,False,True,False,False,True,False,False
0.6261935872952056,0.7586906068888354,0.2112676056338028,False,False,True,False,False,False,False,False,False,False,True,False,False,False,False,False,True,False,False,False,True
0.8209870338727512,0.9439828024311182,0.647887323943662,False,False,True,False,False,True,False,False,False,False,False,False,False,True,False,True,False,True,False,False,False
0.9930646296110163,0.2568466520084347,0.22535211267605634,False,False,False,True,False,False,True,False,False,False,False,False,False,False,False,False,False,False,False,False,False
0.6587596743391296,0.07480201879282755,0.16901408450704225,False,False,False,False,False,True,False,False,False,False,False,True,False,False,True,False,False,False,False,False,True
0.8812946024726105,0.002778191993482858,0.5915492957746479,False,False,False,False,True,False,False,False,False,True,False,True,False,False,False,True,False,False,False,False,False
0.606292089657252,0.9173157621363256,0.5352112676056339,False,False,False,True,False,False,False,False,True,False,False,False,False,True,False,True,False,False,False,False,True
0.40014071766006637,0.7610684830331131,0.295774647887324,False,False,False,False,True,False,False,False,False,False,False,False,False,False,False,False,True,False,False,False,True
0.009749723590310583,0.20436124101916414,0.4507042253521127,False,False,False,False,True,False,False,False,False,False,True,False,False,True,True,False,False,False,False,False,True
0.16232787214795458,0.32473121292699947,0.7887323943661972,False,False,False,False,False,False,False,True,False,False,False,True,False,False,True,False,False,False,False,True,False
0.96431802191175,0.4728270605507746,0.5070422535211268,False,False,False,True,False,False,True,False,False,False,False,False,False,True,False,False,False,False,False,True,False
0.13338023922002212,0.8044316966086242,0.943661971830986,True,False,False,False,False,False,False,False,False,True,False,False,True,False,False,False,True,False,False,True,False
0.5386471002110765,0.514300783318038,0.5070422535211268,False,False,False,True,False,False,False,False,False,False,False,False,False,False,False,False,True,False,False,True,False
0.016785606593627503,0.18031727032628744,0.04225352112676056,False,True,False,False,False,True,False,False,False,False,False,True,False,False,False,False,False,True,False,False,False
0.616443863704895,0.12935506114324202,0.8309859154929577,False,False,False,False,True,False,False,False,False,True,False,False,False,False,True,False,False,False,False,True,False
0.998894361242336,0.9998728997178774,0.3098591549295775,False,False,False,True,False,False,False,False,False,False,True,False,False,True,True,False,False,False,False,False,True
0.034375314101919796,0.9155453652932164,0.7183098591549296,False,False,False,False,True,False,False,True,False,False,False,False,True,False,False,False,True,False,True,False,False
0.507488189767816,0.6853777630550505,0.49295774647887325,False,True,False,False,False,True,False,False,False,False,False,False,True,False,True,False,False,False,False,False,False
0.3447582671625289,0.04812897376029688,0.6901408450704226,False,False,False,False,False,False,True,False,False,False,False,False,False,False,False,False,False,False,True,False,False
0.4912051462458539,0.6138463247502279,0.323943661971831,False,True,False,False,False,False,True,False,False,False,False,False,True,False,True,False,False,True,False,False,False
0.610413106844909,0.22778872530426508,0.5915492957746479,False,False,False,False,False,True,False,False,False,False,False,False,True,False,True,False,False,False,True,False,False
0.9552718866217712,0.8629748871859898,0.6056338028169015,False,False,False,False,True,True,False,False,False,False,False,False,False,False,False,True,False,True,False,False,False
0.16353402351995178,0.9251429377779068,0.8591549295774649,False,False,False,True,False,False,False,True,False,False,False,False,False,False,True,False,False,False,False,True,False
0.19961805206553426,0.8771180461384033,0.09859154929577466,False,False,False,False,True,False,True,False,False,False,False,True,False,False,False,True,False,False,False,False,False
0.10111569001909741,0.5560287066495465,0.14084507042253522,False,False,True,False,False,False,False,False,False,False,False,False,True,False,True,False,False,False,True,False,False
0.4253693838576742,0.9747070438576038,0.971830985915493,False,False,True,False,False,False,True,False,False,False,False,True,False,False,True,False,False,False,True,False,False
0.6852950045230678,0.7257566219747381,0.19718309859154928,False,True,False,False,False,False,False,False,True,False,False,True,False,False,False,False,True,False,False,False,False
0.06322243441551915,0.3865720053121914,0.26760563380281693,False,True,False,False,False,True,False,False,False,False,False,False,True,False,False,True,False,False,False,False,False
0.40687506282038394,0.40274876877856636,0.35211267605633806,False,False,False,False,True,False,True,False,False,False,False,True,False,False,False,False,False,False,False,False,False
0.2528897376620766,0.5183419718157627,0.5774647887323944,False,False,True,False,False,False,False,True,False,False,False,True,False,False,False,True,False,False,False,True,False
0.28997889235099006,0.7247808520923009,0.35211267605633806,False,False,True,False,False,False,False,False,False,False,False,False,False,False,False,True,False,False,True,False,False
0.06271987134385365,0.7424337802526194,0.8873239436619719,False,False,False,True,False,False,False,False,True,False,False,False,True,False,False,False,True,True,False,False,False
0.8301336817770631,0.6501819935929448,0.8028169014084507,True,False,False,False,False,False,False,False,True,False,False,False,False,True,False,False,False,True,False,False,False
0.943009347673133,0.7553369608621202,0.3802816901408451,False,False,True,False,False,False,False,False,False,False,False,False,False,False,False,False,False,True,False,False,False
0.6696150366871043,0.5819581649921789,0.8732394366197184,False,False,False,False,False,False,False,False,True,False,False,False,False,False,False,False,False,False,False,False,True
0.7672127852045433,0.6372678042975908,0.7746478873239437,False,True,False,False,False,False,False,False,False,True,False,False,False,False,True,False,False,True,False,False,False
0.7022816363453614,0.5136062353196672,0.5070422535211268,False,False,False,False,False,False,False,False,False,True,False,False,True,False,False,True,False,False,False,False,True
0.220725701075485,0.49911179920957643,0.971830985915493,False,False,True,False,False,False,True,False,False,False,False,False,True,False,True,False,False,False,False,False,True
0.1722786209669314,0.007916245918029327,0.16901408450704225,False,False,True,False,False,False,False,True,False,False,False,False,False,True,False,False,True,False,False,True,False
0.3698864207458036,0.6173400813241648,0.04225352112676056,False,False,True,False,False,False,True,False,False,False,False,True,False,False,False,False,False,True,False,False,False
0.016785606593627503,0.614723016459987,0.5070422535211268,False,True,False,False,False,True,False,False,False,False,False,False,False,True,False,True,False,False,False,False,True
1.0,0.7553569766545805,0.26760563380281693,False,False,False,False,False,False,False,False,False,False,False,False,False,True,False,True,False,False,True,False,False
0.375314101919791,0.840120855354875,0.08450704225352114,False,False,False,False,False,False,False,False,True,False,False,False,True,False,False,False,False,False,False,False,False
0.8674238616946427,0.8532141859927483,0.5352112676056339,False,False,False,True,False,True,False,False,False,False,False,False,True,False,False,True,False,True,False,False,False
0.03206352397225852,0.5664088966194327,0.619718309859155,False,True,False,False,False,False,False,False,False,False,False,True,False,False,True,False,False,False,True,False,False
0.7372600261332798,0.40279680668047096,0.7605633802816901,False,False,True,False,False,False,False,False,True,False,False,True,False,False,False,False,True,False,True,False,False
0.0,0.2610479668458414,0.8732394366197184,False,False,False,False,False,False,False,False,False,True,False,False,False,False,False,True,False,False,False,True,False
0.9190873454618556,0.8995007060570791,0.8169014084507042,True,False,False,False,False,False,False,False,True,False,False,False,False,False,False,True,False,True,False,False,False
0.35048748617951553,0.45583565433126744,0.14084507042253522,False,True,False,False,False,True,False,False,False,False,False,False,False,False,False,False,True,True,False,False,False
0.6946426776560459,0.39093344648928013,0.47887323943661975,False,False,False,False,True,False,True,False,False,False,False,False,False,True,False,True,False,True,False,False,False
0.8144537139410997,0.6947841847217455,0.3943661971830986,False,False,False,True,False,False,True,False,False,False,False,False,False,True,False,True,False,False,True,False,False
0.637853050557845,0.6505582904911976,0.8028169014084507,False,False,False,False,False,False,False,False,True,False,False,False,False,True,True,False,False,True,False,False,False
0.6801688611920796,0.24691981973777313,0.647887323943662,False,False,False,False,True,False,False,False,True,False,False,False,True,False,True,False,False,True,False,False,False
0.15117097195698062,0.6456634284450432,0.7746478873239437,False,False,False,False,False,True,False,False,False,False,False,True,False,False,False,True,False,False,False,False,False
0.6689114483867725,0.8487626737495885,0.2112676056338028,False,False,False,False,True,False,True,False,False,False,False,False,False,True,True,False,False,True,False,False,False
0.24816564478842099,0.8980395532074807,0.8450704225352113,True,False,False,False,False,False,False,True,False,False,False,False,False,False,False,False,False,True,False,False,False
0.9331591114684894,1.0,0.323943661971831,False,False,False,True,False,False,True,False,False,False,False,False,True,False,False,True,False,False,False,True,False
0.8721479545682984,0.767902875368666,0.11267605633802817,False,False,True,False,False,False,True,False,False,False,False,False,False,True,False,True,False,False,True,False,False
0.3281736857975676,0.6297598805457506,0.7323943661971831,False,False,True,False,False,False,False,False,True,False,False,False,False,True,False,False,False,False,False,True,False
0.38194793446577546,0.5178275659495342,0.9577464788732395,False,False,True,False,False,False,False,False,False,True,False,False,False,True,True,False,False,False,False,False,True
0.2052467584681878,0.8078443892230971,0.7746478873239437,False,False,False,False,False,False,False,True,False,False,False,False,True,False,False,True,False,False,False,True,False
0.9895466881093579,0.3548099450466419,0.18309859154929578,False,False,True,False,False,False,False,False,False,True,False,False,True,False,False,False,False,False,False,False,False
0.5403558146547391,0.8396064494886466,0.5492957746478874,False,False,False,False,True,False,False,True,False,False,False,True,False,False,True,False,False,True,False,False,False
0.10322645492009247,0.9103752861007336,0.3802816901408451,False,False,False,False,False,False,False,True,False,False,False,False,True,False,False,False,True,False,False,False,True
0.8736556437832949,0.9800492588652447,0.676056338028169,False,False,True,False,False,False,False,False,True,False,False,False,False,False,False,True,False,False,False,True,False
0.5857875163332998,0.5861694877258157,0.943661971830986,False,True,False,False,False,False,False,False,False,False,True,False,True,False,True,False,False,True,False,False,False
0.823901899688411,0.3178147558423597,0.014084507042253521,False,False,True,False,False,True,False,False,False,False,False,False,True,False,False,False,True,False,True,False,False
0.428284249673334,0.010825541352126829,0.04225352112676056,False,False,False,True,False,False,True,False,False,False,False,False,False,False,False,True,False,False,False,False,True
0.9797969645190473,0.3814759845518114,0.9154929577464789,False,False,True,False,False,True,False,False,False,False,False,False,False,True,False,True,False,False,True,False,False
0.1608201829329581,0.34714289574474266,0.9014084507042254,False,False,False,False,True,True,False,False,False,False,False,False,True,False,True,False,False,False,False,True,False
0.8616946426776562,0.08196166775585938,0.647887323943662,False,False,False,True,False,False,False,False,True,False,False,False,False,True,False,False,True,False,False,True,False
0.4951251382048447,0.4604973323952599,0.8450704225352113,False,False,False,False,True,False,False,False,False,True,False,False,True,False,False,False,True,False,False,False,True
0.6264951251382049,0.8285096941486834,0.8591549295774649,False,True,False,False,False,False,False,False,False,False,True,False,False,False,False,False,False,False,False,False,True
0.19740677455020608,0.28715456495174696,0.9577464788732395,True,False,False,False,False,True,False,False,False,False,False,False,False,True,False,False,True,False,False,True,False
0.25530204040607096,0.9469741626143028,0.9295774647887325,False,False,False,True,False,False,True,False,False,False,False,True,False,False,True,False,False,False,False,False,True
0.883807417830938,0.9547522995643564,0.07042253521126761,False,False,True,False,False,True,False,False,False,False,False,False,False,True,True,False,False,False,False,True,False
0.3222434415519148,0.9797310077651268,0.5915492957746479,False,False,False,True,False,False,False,False,False,False,False,False,True,False,False,False,False,True,False,False,False
0.5846818775756358,0.011957434415754031,0.3943661971830986,False,False,False,False,False,False,True,False,False,False,False,False,True,False,False,False,False,False,True,False,False
0.06020705598552619,0.19477367643070384,0.26760563380281693,False,False,True,False,False,False,False,False,True,False,False,False,False,True,True,False,False,False,False,False,False
0.3460649311488592,0.7221297603809406,0.6056338028169015,False,False,False,True,False,False,False,False,False,False,True,False,True,False,False,True,False,False,False,False,True
0.7141421248366671,0.6543452784246772,0.47887323943661975,False,False,False,False,False,True,False,False,False,False,False,True,False,False,False,True,False,False,False,False,True
0.22625389486380545,0.6862364405515953,0.33802816901408456,True,False,False,False,False,False,False,True,False,False,False,True,False,False,False,True,False,False,False,False,True
0.938888330485476,0.7768229132785769,0.4507042253521127,False,True,False,False,False,False,False,True,False,False,False,False,False,True,False,True,False,False,True,False,False
0.4079807015780481,0.6983509989381622,0.28169014084507044,False,False,False,True,False,False,False,False,True,False,False,True,False,False,True,False,False,False,False,False,True
0.8671223238516435,0.088466800305441,0.5352112676056339,True,False,False,False,False,False,True,False,False,False,False,False,False,True,False,False,True,True,False,False,False
0.5372399236104132,0.8467901174026308,0.7042253521126761,False,True,False,False,False,False,False,False,False,False,False,False,False,True,True,False,False,False,False,False,True
0.1360940798070158,0.11748769779355912,0.19718309859154928,False,True,False,False,False,False,False,False,False,True,False,False,True,False,False,False,True,True,False,False,False
0.7083123932053473,0.4653891920725453,0.7042253521126761,False,True,False,False,False,False,False,False,True,False,False,False,False,True,True,False,False,False,True,False,False
0.7560558850135692,0.18427539328530212,0.5352112676056339,True,False,False,False,False,False,False,True,False,False,False,False,False,True,False,False,True,False,False,False,False
0.4845713136998694,0.5204666481854183,0.9154929577464789,False,False,True,False,False,False,False,False,True,False,False,True,False,False,False,True,False,False,False,False,True
0.5036687104231582,0.29447634183370686,0.22535211267605634,True,False,False,False,False,False,True,False,False,False,False,False,True,False,False,False,False,False,True,False,False
0.543170167856066,0.8929455340263468,0.4225352112676057,False,True,False,False,False,False,False,True,False,False,False,True,False,False,True,False,False,False,False,False,True
0.8736556437832949,0.08056556623175685,0.25352112676056343,False,False,False,True,False,False,False,True,False,False,False,False,False,False,True,False,False,True,False,False,False
0.8068147552517841,0.8848101151808778,0.46478873239436624,False,False,False,True,False,True,False,False,False,False,False,True,False,False,False,False,True,False,True,False,False
0.032465574429590915,0.4453493806613419,0.971830985915493,False,False,False,False,True,False,False,True,False,False,False,False,False,True,True,False,False,False,False,False,False
0.5204543170167857,0.376501059335816,0.4084507042253521,False,False,False,True,False,False,True,False,False,False,False,False,False,True,False,False,True,False,False,True,False
0.7075082922906826,0.37882389205082817,0.9295774647887325,False,True,False,False,False,False,False,False,False,False,False,False,False,True,False,True,False,False,False,False,False
0.3494823600361846,0.02563222382459761,0.9859154929577465,False,False,True,False,False,False,False,False,True,False,False,False,False,False,False,True,False,False,False,False,True
0.40687506282038394,0.1910957745661327,0.9014084507042254,False,False,False,False,False,False,True,False,False,False,False,True,False,False,True,False,False,False,False,True,False
0.9359734646698162,0.8992905402362464,0.8450704225352113,False,False,True,False,False,False,False,False,True,False,False,True,False,False,False,True,False,False,False,False,False
0.20172881696652933,0.11901790512714533,0.6619718309859155,False,True,False,False,False,True,False,False,False,False,False,False,True,False,True,False,False,False,False,True,False
0.2140918685295005,0.6101634189375418,0.5352112676056339,False,True,False,False,False,False,False,False,False,False,True,False,False,True,False,False,False,False,True,False,False
0.2783194290883506,0.2396180586482735,0.8873239436619719,False,False,False,False,True,True,False,False,False,False,False,True,False,False,True,False,False,False,True,False,False
0.9983917981706705,0.4192507888724204,0.8169014084507042,False,False,False,True,False,False,False,False,False,False,True,False,False,False,False,False,True,False,False,True,False
0.45582470600060315,0.4283289515427673,0.9577464788732395,False,False,False,False,True,False,False,True,False,False,False,False,False,False,False,False,True,True,False,False,False
0.4687908332495729,0.16882220071636522,0.7605633802816901,True,False,False,False,False,False,False,False,False,False,False,True,False,False,False,True,False,False,False,False,True
0.2368077193687808,0.8675625068178794,0.7605633802816901,False,False,True,False,False,False,True,False,False,False,False,False,False,True,False,False,False,False,False,True,False
0.6369484370288472,0.8220726152934666,0.8309859154929577,False,False,False,False,False,False,False,False,True,False,False,True,False,False,True,False,False,False,False,True,False
0.3564177304251684,0.9830706427371196,0.35211267605633806,True,False,False,False,False,False,True,False,False,False,False,False,False,True,False,False,False,False,True,False,False
0.7610815157302242,0.7699775122571709,0.3943661971830986,False,False,False,False,False,True,False,False,False,False,False,False,True,False,False,False,True,False,False,False,False
0.2906824806513218,0.9575304915578392,0.676056338028169,False,False,True,False,False,False,False,False,True,False,False,False,False,False,False,False,False,False,False,False,False
0.6556437832948036,0.43109013011265895,0.323943661971831,False,False,False,True,False,True,False,False,False,False,False,False,False,True,False,True,False,False,True,False,False
0.4411498643079707,0.48355552530946927,0.3943661971830986,False,False,False,True,False,True,False,False,False,False,False,True,False,False,False,False,True,True,False,False,False
0.8040004020504573,0.6614829100160027,0.35211267605633806,True,False,False,False,False,False,False,False,True,False,False,False,False,False,False,False,True,False,True,False,False
0.5993567192682683,0.8786312400483982,0.7887323943661972,True,False,False,False,False,True,False,False,False,False,False,False,True,False,True,False,False,True,False,False,False
0.5592521861493618,0.4010704445807743,0.5915492957746479,False,True,False,False,False,False,False,True,False,False,False,False,False,False,True,False,False,False,True,False,False
0.11126746406674039,0.14422279178271658,0.9295774647887325,False,False,False,True,False,False,False,True,False,False,False,False,False,True,False,False,False,False,True,False,False
0.8985827721379035,0.829193233461201,0.014084507042253521,False,False,False,True,False,False,True,False,False,False,False,False,False,True,False,False,True,False,False,True,False
0.6364458739571817,0.5543073484979649,0.5774647887323944,False,True,False,False,False,False,True,False,False,False,False,False,False,True,True,False,False,False,False,False,False
0.22555030656347377,0.8451958595331718,0.7323943661971831,False,True,False,False,False,False,False,False,False,False,False,False,False,True,False,True,False,True,False,False,False
0.93999396924314,0.5818480781336475,0.26760563380281693,False,False,True,False,False,False,False,False,True,False,False,False,False,True,False,False,False,False,True,False,False
0.0930746808724495,0.12240057405292777,0.08450704225352114,True,False,False,False,False,False,False,False,False,False,False,False,False,True,False,False,True,False,False,False,False
0.39029048145542267,0.26741799279631634,0.15492957746478872,False,False,False,False,False,True,False,False,False,False,False,False,False,False,False,False,True,False,False,False,False
0.033872751030254306,0.755402012187616,0.4225352112676057,False,False,False,False,True,False,False,False,False,True,False,True,False,False,False,True,False,False,False,False,False
0.8027942506784602,0.33896244136623804,0.3943661971830986,True,False,False,False,False,False,False,False,False,True,False,False,False,True,True,False,False,False,True,False,False
0.14292893758166653,0.5407206285759465,0.07042253521126761,False,False,False,False,True,False,True,False,False,False,False,True,False,False,False,False,True,False,False,False,False
0.8581767011759976,0.5460238127882899,0.18309859154929578,False,False,False,False,False,False,True,False,False,False,False,False,False,True,False,False,False,False,True,False,False
0.48577746507186653,0.09573453454775818,0.22535211267605634,False,False,False,False,True,False,False,False,False,True,False,False,False,True,False,True,False,False,False,True,False
0.5984521057392703,0.36618291832255656,0.47887323943661975,False,True,False,False,False,False,False,False,False,True,False,False,True,False,True,False,False,False,False,False,True
0.8692330887526386,0.5104327314250944,0.23943661971830985,True,False,False,False,False,False,False,False,True,False,False,False,True,False,False,False,True,False,False,False,True
0.12182128857171574,0.06818079464697646,0.7605633802816901,False,False,True,False,False,False,True,False,False,False,False,False,True,False,False,True,False,False,False,True,False
0.6356417730425169,0.0830154992288916,0.619718309859155,False,False,False,True,False,False,False,True,False,False,False,True,False,False,False,False,True,False,False,False,True
0.20042215298019905,0.9819457552008536,0.7746478873239437,False,True,False,False,False,False,False,False,False,False,False,False,True,False,False,True,False,False,True,False,False
0.12946024726103128,0.9347495173692044,0.8873239436619719,False,False,True,False,False,False,False,False,False,False,False,False,False,True,True,False,False,False,False,True,False
0.7938486280028144,0.46103275484357165,0.5774647887323944,False,False,False,True,False,False,False,True,False,False,False,False,False,False,False,False,True,False,False,True,False
0.8673233490803097,0.21393979850101733,0.7464788732394366,False,False,False,False,True,False,False,False,False,True,False,False,True,False,False,False,True,True,False,False,False
0.1713740074379335,0.5196840307002225,0.4084507042253521,False,False,False,False,True,True,False,False,False,False,False,True,False,False,False,False,False,False,True,False,False
0.1629309478339532,0.3936245697855609,0.9577464788732395,False,True,False,False,False,False,False,True,False,False,False,False,True,False,False,False,True,True,False,False,False
0.4146145341240326,0.327005006950484,0.5633802816901409,False,False,False,False,False,False,True,False,False,False,False,False,False,True,True,False,False,False,False,False,True
0.9477334405467888,0.534066378372536,0.07042253521126761,False,False,False,False,False,False,False,False,False,False,True,False,True,False,False,False,False,True,False,False,False
0.6837873153080712,0.8128963752400644,0.9295774647887325,False,False,False,False,True,False,True,False,False,False,False,False,True,False,False,False,True,False,True,False,False
0.23479746708211885,0.5522527274019201,0.6901408450704226,True,False,False,False,False,True,False,False,False,False,False,False,False,False,False,False,True,False,True,False,False
0.8089255201527793,0.7084920001881485,0.676056338028169,False,False,False,False,True,False,False,False,False,False,False,False,False,True,False,True,False,True,False,False,False
0.511709719569806,0.4909713764159923,0.6901408450704226,False,True,False,False,False,False,True,False,False,False,False,False,False,False,False,True,False,False,True,False,False
0.999899487385667,0.7617530231352537,0.11267605633802817,False,False,True,False,False,False,False,False,False,False,True,True,False,False,True,False,False,True,False,False,False
0.12202231380038196,0.009789724092308832,0.3802816901408451,False,False,False,True,False,False,True,False,False,False,False,False,False,False,False,True,False,False,True,False,False
0.9263242536938386,0.04869942384541404,0.4366197183098592,False,False,False,False,True,False,False,False,False,False,False,False,False,False,False,True,False,False,False,False,True
0.18283244547190677,0.13161984806011945,0.46478873239436624,False,False,False,False,False,False,True,False,False,False,False,False,True,False,False,True,False,True,False,False,False
0.6834857774650719,0.39672801840652283,0.8309859154929577,False,False,True,False,False,False,False,False,True,False,False,False,False,False,False,False,True,False,True,False,False
0.7641974067745503,0.04643663850778265,0.5352112676056339,False,False,False,False,False,False,False,False,False,False,False,False,False,False,False,False,False,False,False,False,True
0.7108252085636748,0.7054586068407974,0.25352112676056343,False,False,False,False,False,False,False,False,True,False,False,False,False,False,True,False,False,False,True,False,False
0.040406070961905724,0.252724399551246,0.7042253521126761,True,False,False,False,False,False,False,False,False,False,True,True,False,False,True,False,False,False,False,True,False
0.4570308573726003,0.6999532631246054,0.8309859154929577,False,False,True,False,False,False,True,False,False,False,False,False,True,False,True,False,False,True,False,False,False
0.030857372600261335,0.8830567317613598,0.4225352112676057,False,True,False,False,False,False,False,False,False,False,False,True,False,False,False,True,False,False,False,False,True
0.9202934968338528,0.7214792471259824,0.4225352112676057,False,False,False,False,False,True,False,False,False,False,False,True,False,False,False,False,False,False,False,False,True
0.7101216202633431,0.8404641261955683,0.971830985915493,True,False,False,False,False,False,False,False,True,False,False,False,False,True,False,False,True,False,True,False,False
0.0928736556437833,0.11778693389083988,0.22535211267605634,False,False,False,True,False,False,False,False,False,False,True,False,False,True,False,False,False,False,False,False,True
0.30073374208463166,0.2719895997942377,0.3943661971830986,False,False,True,False,False,True,False,False,False,False,False,False,True,False,False,False,True,True,False,False,False
0.5924213488792843,0.964451952590594,0.6619718309859155,False,False,False,True,False,False,False,False,False,True,False,False,True,False,True,False,False,False,False,True,False
0.27218815961403153,0.1716474298221297,0.971830985915493,False,True,False,False,False,True,False,False,False,False,False,False,False,False,False,True,False,False,False,False,True
0.731329781887627,0.8421434511829834,0.08450704225352114,True,False,False,False,False,False,False,True,False,False,False,False,False,True,False,False,False,False,False,True,False
0.9285355312091668,0.5218587465510288,0.07042253521126761,False,True,False,False,False,False,False,False,False,False,True,True,False,False,False,False,False,False,True,False,False
0.4598452105739271,0.578459404470127,0.2112676056338028,True,False,False,False,False,False,True,False,False,False,False,False,False,False,False,True,False,False,True,False,False
0.5140215096994674,0.5388911851450795,0.8169014084507042,False,False,False,False,False,False,False,False,False,False,False,False,True,False,False,False,True,True,False,False,False
0.7940496532314806,0.789265730661492,0.8732394366197184,False,False,False,False,False,False,False,False,False,False,True,False,False,False,True,False,False,False,False,True,False
0.9393908935571414,0.4462590984286603,0.22535211267605634,False,False,False,False,False,False,False,False,True,False,False,False,True,False,True,False,False,False,False,False,False
0.5261835360337723,0.9279311376676198,0.3943661971830986,False,False,False,True,False,False,True,False,False,False,False,False,True,False,False,True,False,False,False,True,False
0.8430998090260328,0.7247768489338088,0.23943661971830985,False,False,False,False,False,False,False,False,False,False,True,True,False,False,True,False,False,False,False,False,False
0.5403558146547391,0.02129179922959215,0.4366197183098592,False,False,False,True,False,True,False,False,False,False,False,True,False,False,False,True,False,False,False,False,False
0.12121821288571717,0.13472429747070438,0.16901408450704225,False,False,False,False,True,False,False,True,False,False,False,False,True,False,False,True,False,True,False,False,False
0.9515529198914465,0.8850152770535954,0.4084507042253521,True,False,False,False,False,False,False,False,True,False,False,False,True,False,False,False,True,True,False,False,False
0.9962810332696754,0.2854101886388361,0.6338028169014085,False,False,False,False,False,False,False,False,True,False,False,False,False,True,False,True,False,False,False,True,False
0.9749723590310585,0.7558643769934479,0.6338028169014085,False,False,False,True,False,False,True,False,False,False,False,False,True,False,False,False,False,False,False,False,False
0.8004824605487989,0.24121531888660155,0.36619718309859156,False,False,False,False,True,False,False,False,False,False,True,False,False,True,True,False,False,True,False,False,False
0.3115891044326063,0.951934075985953,0.8028169014084507,False,False,False,False,False,False,False,False,True,False,False,False,False,True,False,False,True,False,False,False,False
0.32596240828223944,0.7742368728927124,0.5492957746478874,False,False,True,False,False,False,True,False,False,False,False,False,False,False,False,False,False,False,False,True,False
0.8334505980500554,0.5385529182525013,0.9014084507042254,True,False,False,False,False,False,False,False,False,True,False,False,False,False,False,True,False,False,False,False,False
0.19991958990853356,0.34279746720162213,1.0,False,False,False,False,False,False,False,False,False,True,False,False,True,False,False,False,True,True,False,False,False
0.9255201527791739,0.9746059641056795,0.26760563380281693,False,False,False,False,False,False,False,True,False,False,False,False,False,False,False,False,False,False,False,True,False
0.9099406975575436,0.0862270331291389,0.647887323943662,False,False,False,False,True,False,False,True,False,False,False,False,False,True,False,False,False,False,False,True,False
0.9090360840285456,0.32678883639191325,0.28169014084507044,False,False,False,False,False,False,False,True,False,False,False,False,True,False,False,False,True,False,False,False,True
0.5418635038697357,0.344619905105128,0.056338028169014086,False,False,False,False,False,False,False,True,False,False,False,False,False,False,True,False,False,False,False,False,False
0.30585988541561965,0.5680992302927009,0.295774647887324,False,True,False,False,False,False,False,False,True,False,False,False,False,True,False,True,False,False,True,False,False
0.24052668609910546,0.693632275865658,0.971830985915493,False,False,False,True,False,False,True,False,False,False,False,False,True,False,True,False,False,False,False,True,False
0.25158307367574634,0.505378743828881,0.4084507042253521,True,False,False,False,False,False,True,False,False,False,False,True,False,False,False,False,True,False,False,False,False
0.5142225349281335,0.5701848758670591,0.23943661971830985,True,False,False,False,False,False,False,False,True,False,False,False,False,False,True,False,False,True,False,False,False
0.1777063021409187,0.20805315393845747,0.056338028169014086,False,False,False,False,False,False,False,False,False,False,True,False,False,False,False,True,False,False,True,False,False
0.022414312996281036,0.9165711746568043,0.4366197183098592,False,False,True,False,False,False,False,False,False,True,False,False,True,False,False,False,True,True,False,False,False
0.8319429088350588,0.28832949196916374,0.9154929577464789,False,False,True,False,False,False,False,False,False,False,False,False,False,False,True,False,False,False,True,False,False
0.5394512011257413,0.8924551471110707,0.23943661971830985,True,False,False,False,False,False,True,False,False,False,False,True,False,False,False,False,True,False,False,False,True
0.7672127852045433,0.18972469278260548,0.7887323943661972,False,False,False,True,False,False,False,False,False,True,False,False,False,False,False,False,False,False,False,False,True
0.7880188963714948,0.7162551252938569,0.8732394366197184,False,False,False,False,True,False,False,False,False,False,True,True,False,False,False,True,False,False,False,True,False
0.3216403658659162,0.41480728294624464,0.7323943661971831,False,False,False,True,False,True,False,False,False,False,False,False,True,False,True,False,False,False,False,False,True
0.7754548195798574,0.989949069816085,0.676056338028169,False,False,False,False,True,False,False,False,False,False,False,True,False,False,False,True,False,True,False,False,False
0.6048849130565886,0.3896654460369232,0.619718309859155,False,False,True,False,False,False,True,False,False,False,False,True,False,False,False,False,False,False,False,True,False
0.6769524575334205,0.5524388742718005,0.8028169014084507,True,False,False,False,False,False,False,True,False,False,False,False,False,False,False,False,True,False,True,False,False
0.4397426877073073,0.9337307135329775,0.19718309859154928,False,False,False,True,False,False,False,False,False,True,False,False,True,False,False,False,True,True,False,False,False
0.4259724595436728,0.9346464360380341,0.8309859154929577,False,True,False,False,False,False,False,False,False,False,True,True,False,False,True,False,False,False,False,True,False
0.6564478842094684,0.2133022955111583,0.5070422535211268,True,False,False,False,False,False,False,False,False,False,True,False,False,True,True,False,False,True,False,False,False
0.41079505477937484,0.2711779594099745,0.49295774647887325,False,False,False,False,False,False,False,False,False,False,True,False,True,False,True,False,False,False,True,False,False
0.8874258719469295,0.48226350590616,0.8591549295774649,False,False,False,False,False,False,True,False,False,False,False,False,False,False,False,False,True,False,False,True,False
0.5912151975072872,0.8486645963665332,0.36619718309859156,False,True,False,False,False,False,False,False,False,False,True,True,False,False,True,False,False,False,False,False,True
0.5447783696853956,0.6153665241875841,0.07042253521126761,False,False,False,False,False,False,True,False,False,False,False,True,False,False,False,False,True,True,False,False,False
0.5754347170569907,0.8300579156954838,0.6619718309859155,False,False,False,False,False,False,False,False,False,False,True,False,True,False,False,True,False,True,False,False,False
0.6035782490702584,0.6993217648724844,0.619718309859155,False,True,False,False,False,True,False,False,False,False,False,False,True,False,False,False,False,False,True,False,False
0.06040808121419238,0.08191663222282382,0.35211267605633806,True,False,False,False,False,False,False,False,True,False,False,True,False,False,False,False,True,False,False,True,False
0.473012363051563,0.2338154804140467,0.8873239436619719,False,False,True,False,False,False,False,False,True,False,False,False,False,True,False,True,False,False,False,False,True
0.5223640566891146,0.8808169645850576,0.5352112676056339,False,False,True,False,False,False,False,False,True,False,False,False,True,False,False,False,True,False,False,False,True
0.5453814453713941,0.1833987015755431,0.8169014084507042,False,False,True,False,False,True,False,False,False,False,False,True,False,False,False,False,True,False,False,False,False
0.4235601567996784,0.7209948649484443,0.22535211267605634,False,False,False,False,False,True,False,False,False,False,False,False,False,True,False,False,False,False,False,False,True
0.3923007337420847,0.3394888567079426,0.014084507042253521,False,False,True,False,False,False,False,False,False,False,False,False,False,True,False,True,False,False,False,False,False
0.7314302945019601,0.3682175236261411,0.6619718309859155,False,False,False,False,False,False,False,False,False,False,True,False,True,False,False,False,True,True,False,False,False
0.8874258719469295,0.8111459941894155,0.4084507042253521,False,False,False,False,False,False,False,False,False,False,False,True,False,False,False,True,False,False,False,False,False
0.1355915167353503,0.9663484489262029,0.26760563380281693,False,False,False,False,False,False,False,False,True,False,False,False,False,True,False,True,False,False,True,False,False
0.7978691325761383,0.10441738531701514,0.15492957746478872,False,True,False,False,False,False,False,False,False,False,True,False,False,False,False,False,True,False,False,False,False
0.7730425168358629,0.6542141749840624,0.943661971830986,False,False,True,False,False,False,False,False,False,False,False,False,True,False,False,False,False,False,False,False,False
0.873856669011961,0.7317783731364047,0.4507042253521127,False,False,False,False,True,False,False,False,False,False,True,False,True,False,False,False,True,True,False,False,False
0.4706000603075686,0.8484674408107997,0.2112676056338028,False,False,False,True,False,True,False,False,False,False,False,True,False,False,True,False,False,False,False,False,True
0.3206352397225852,0.4374751679074791,0.25352112676056343,False,True,False,False,False,False,False,False,False,False,True,True,False,False,False,True,False,False,False,True,False
0.5283948135491005,0.589389027943047,0.04225352112676056,False,False,True,False,False,False,False,False,False,True,False,False,False,False,False,False,False,True,False,False,False
0.6880088451100614,0.3219760390948459,0.971830985915493,False,False,False,True,False,False,False,False,False,True,False,False,False,False,False,False,False,False,True,False,False
0.4252688712433411,0.43283450642556986,0.7323943661971831,False,False,False,False,True,False,True,False,False,False,False,False,False,False,True,False,False,False,False,False,False
0.5368378731530807,0.06378932978119736,0.08450704225352114,False,False,False,False,False,False,False,False,True,False,False,False,False,True,False,True,False,False,False,False,False
0.45401547894260735,0.09552436872692555,0.6901408450704226,False,False,True,False,False,False,False,False,False,True,False,False,False,True,True,False,False,True,False,False,False
0.6242838476228767,0.20475254976176205,0.7887323943661972,False,False,False,False,True,False,False,True,False,False,False,False,True,False,True,False,False,False,False,False,False
0.271585083928033,0.4884623968310998,0.647887323943662,False,False,False,False,True,False,False,False,False,False,True,False,True,False,False,False,False,False,True,False,False
0.15911146848929542,0.8510054432947596,0.11267605633802817,False,False,False,True,False,False,False,False,False,True,False,True,False,False,True,False,False,False,False,True,False
0.6726304151170973,0.7034129928513597,0.014084507042253521,False,False,False,False,True,False,False,True,False,False,False,True,False,False,False,True,False,False,True,False,False
0.8765705095989547,0.0011559120145795032,0.7605633802816901,False,False,False,False,True,False,True,False,False,False,False,False,False,True,True,False,False,True,False,False,False
0.9369785908131472,0.8289510423724319,0.28169014084507044,False,False,False,False,False,False,False,False,True,False,False,True,False,False,False,True,False,False,True,False,False
0.676349381847422,0.23916670252829483,0.22535211267605634,True,False,False,False,False,False,True,False,False,False,False,False,False,False,False,False,True,False,False,False,True
0.5417629912554026,0.8915774546116887,0.8309859154929577,False,False,False,False,False,True,False,False,False,False,False,True,False,False,False,False,False,False,False,False,False
0.864609508493316,0.9157615358517871,0.014084507042253521,False,True,False,False,False,True,False,False,False,False,False,True,False,False,False,True,False,True,False,False,False
0.9909538647100212,0.395151774750278,0.056338028169014086,True,False,False,False,False,True,False,False,False,False,False,False,False,True,False,True,False,True,False,False,False
0.6596642878681275,0.946991176037894,0.9295774647887325,False,True,False,False,False,False,False,True,False,False,False,False,False,False,True,False,False,False,True,False,False
0.5230676449894462,0.20075139284895785,0.22535211267605634,True,False,False,False,False,False,False,False,True,False,False,True,False,False,True,False,False,False,True,False,False
0.4774349180822194,0.8766506773844563,1.0,False,False,False,False,True,False,False,False,True,False,False,True,False,False,False,False,True,False,True,False,False
0.10393004322042416,0.5649657579830486,0.8028169014084507,False,False,False,True,False,False,True,False,False,False,False,True,False,False,False,False,False,True,False,False,False
0.0587998793848628,0.2593536300140812,0.943661971830986,True,False,False,False,False,False,False,False,True,False,False,False,True,False,False,False,True,False,False,True,False
0.9983917981706705,0.010443239716136032,0.9154929577464789,False,False,False,False,False,True,False,False,False,False,False,False,True,False,False,False,False,False,False,False,False
0.41159915569403965,0.49634561669156974,0.5774647887323944,False,False,False,False,False,False,True,False,False,False,False,True,False,False,True,False,False,False,False,False,False
0.2957081113679767,0.938303321320522,0.619718309859155,False,True,False,False,False,True,False,False,False,False,False,False,False,False,False,True,False,False,False,False,True
0.08865212584179315,0.18260707698374018,0.7042253521126761,False,False,False,True,False,True,False,False,False,False,False,False,False,False,True,False,False,False,False,True,False
0.34103930043220426,0.9280021937308537,0.5915492957746479,False,True,False,False,False,False,False,True,False,False,False,True,False,False,False,False,False,False,False,False,True
0.8159614031560962,0.8942675771183465,0.647887323943662,False,True,False,False,False,False,False,False,False,False,False,True,False,False,True,False,False,False,False,True,False
0.3653633531008142,0.8530380470190981,0.04225352112676056,False,False,True,False,False,False,False,False,False,True,False,False,False,False,False,False,False,False,False,False,True
0.26555432706804705,0.6955517903625962,0.3802816901408451,False,True,False,False,False,False,False,True,False,False,False,False,True,False,False,False,True,False,True,False,False
0.349884410493517,0.9615076295196912,0.5070422535211268,False,False,False,False,False,False,False,False,False,False,False,True,False,False,False,False,False,False,False,False,True
0.11297617851040306,0.4306758032087318,0.8732394366197184,False,True,False,False,False,False,False,True,False,False,False,False,True,False,True,False,False,False,False,True,False
0.9390893557141423,0.19849661382831055,0.5492957746478874,False,False,False,True,False,False,False,False,False,False,True,True,False,False,False,False,True,False,True,False,False
0.34355211579053174,0.7866586736935443,0.22535211267605634,True,False,False,False,False,False,False,False,False,False,False,False,False,True,False,True,False,False,False,True,False
0.8436023720976984,0.99990692656506,0.19718309859154928,True,False,False,False,False,False,False,False,True,False,False,False,False,False,False,False,False,False,True,False,False
0.24223540054276818,0.22106542061686674,0.7323943661971831,True,False,False,False,False,False,True,False,False,False,False,False,True,False,True,False,False,False,False,False,True
0.5246758468187759,0.8613305898353801,0.08450704225352114,False,False,False,False,True,True,False,False,False,False,False,False,False,False,False,False,False,False,True,False,False
0.33209367775655846,0.05482825949674294,0.14084507042253522,False,False,True,False,False,False,False,False,False,False,True,False,True,False,True,False,False,False,False,False,True
0.4326062920896573,0.07611505477822002,0.04225352112676056,False,False,True,False,False,True,False,False,False,False,False,True,False,False,False,False,True,False,False,True,False
0.36857975675947335,0.7288820879674063,1.0,False,False,False,False,True,False,False,False,False,False,True,False,False,True,False,True,False,False,False,False,True
0.3605387476128254,0.1612822516965886,0.19718309859154928,False,False,False,False,True,True,False,False,False,False,False,False,True,False,False,False,True,False,False,True,False
0.5631721781083526,0.3625040156683624,0.25352112676056343,False,False,False,False,True,False,True,False,False,False,False,False,False,True,False,False,False,False,True,False,False
0.2940999095386471,0.9135728089462587,0.7887323943661972,False,False,False,False,False,True,False,False,False,False,False,True,False,False,False,False,False,False,True,False,False
0.7045934264750227,0.8174889988200691,0.0,False,False,True,False,False,False,True,False,False,False,False,False,True,False,False,False,True,False,False,False,True
0.7995778470198011,0.6825945671134526,0.18309859154929578,False,False,False,False,True,False,False,False,True,False,False,False,False,False,False,False,True,False,False,False,False
0.1510704593426475,0.29819627686244454,0.14084507042253522,False,False,False,False,False,False,False,False,False,False,True,False,False,False,True,False,False,False,False,False,False
0.058498341541863515,0.6825595394766472,0.26760563380281693,False,False,False,False,False,False,False,True,False,False,False,False,True,False,False,False,False,False,False,True,False
0.17851040305558352,0.0779144745203966,0.7042253521126761,False,False,False,False,True,False,True,False,False,False,False,False,False,False,False,True,False,False,False,True,False
0.9081314704995477,0.9856206546965557,0.6619718309859155,False,True,False,False,False,False,False,False,True,False,False,False,False,False,True,False,False,False,False,True,False
0.021007136395617652,0.6040345832862128,0.23943661971830985,False,True,False,False,False,False,False,True,False,False,False,False,False,False,False,False,False,False,False,True,False
0.7413810433209369,0.08099390419040624,0.07042253521126761,False,False,False,False,False,False,False,False,False,False,False,True,False,False,False,True,False,False,False,True,False
0.7889235099004925,0.5427582362484,0.5774647887323944,False,False,True,False,False,True,False,False,False,False,False,True,False,False,False,False,True,False,False,False,True
0.8572720876469998,0.9056765788206896,0.22535211267605634,False,False,True,False,False,True,False,False,False,False,False,False,False,False,False,False,True,False,False,True,False
0.8833048547592723,0.28118485485047706,0.7605633802816901,False,False,True,False,False,False,False,False,False,False,False,False,False,False,False,False,False,False,False,True,False
0.29801990149763796,0.20558820909697753,1.0,True,False,False,False,False,False,False,False,False,False,False,True,False,False,True,False,False,False,False,True,False
0.7029852246456931,0.9983917310758189,0.8169014084507042,True,False,False,False,False,False,False,False,False,False,True,False,False,False,True,False,False,False,True,False,False
0.2023318926525279,0.7807189872809648,0.943661971830986,True,False,False,False,False,False,False,False,True,False,False,False,False,False,False,False,True,True,False,False,False
0.561563976279023,0.6675386880248516,0.14084507042253522,False,False,False,True,False,False,False,False,False,False,True,True,False,False,False,False,False,False,False,False,False
0.7112272590210073,0.4404525170359414,0.26760563380281693,False,False,False,True,False,False,False,False,False,True,False,True,False,False,False,True,False,False,True,False,False
0.029852246456930354,0.19439938111169713,0.3943661971830986,False,True,False,False,False,False,False,False,False,False,False,False,True,False,False,False,False,False,False,True,False
0.5336214694944216,0.7510435733793964,0.4084507042253521,False,False,False,False,False,False,False,False,False,False,False,False,True,False,False,True,False,False,True,False,False
0.7583676751432306,0.9707148940514067,0.8028169014084507,False,False,True,False,False,False,False,False,False,True,False,False,False,True,False,False,False,False,False,False,False
0.44708010855362346,0.8276279984908093,0.33802816901408456,False,False,True,False,False,False,False,False,False,True,False,False,True,False,False,True,False,False,False,False,False
0.8092270579957787,0.4160532660268953,0.7746478873239437,False,True,False,False,False,True,False,False,False,False,False,True,False,False,True,False,False,True,False,False,False
0.508694341139813,0.5066007079585794,0.5633802816901409,False,False,False,True,False,False,False,False,True,False,False,True,False,False,False,True,False,False,False,False,True
0.3852648507387677,0.33286563098284555,0.25352112676056343,False,False,True,False,False,False,True,False,False,False,False,False,False,False,False,False,True,False,False,False,True
0.8988843099809027,0.982620287406764,0.7042253521126761,False,False,False,False,True,False,False,False,False,False,True,True,False,False,True,False,False,True,False,False,False
0.7887224846718264,0.7250510652905142,0.7323943661971831,True,False,False,False,False,False,True,False,False,False,False,False,False,True,False,True,False,False,True,False,False
0.26454920092471607,0.1565224962495409,0.0,False,False,False,False,False,True,False,False,False,False,False,False,False,False,False,False,False,False,False,False,True
0.5651824303950146,0.24452192780103504,0.619718309859155,False,False,False,False,False,True,False,False,False,False,False,True,False,False,False,False,True,False,False,False,True
0.7101216202633431,0.25833382538823135,1.0,True,False,False,False,False,False,False,False,False,True,False,False,False,True,False,False,False,False,False,False,False
0.9789928636043825,0.13909274417515421,0.5633802816901409,False,False,False,True,False,False,False,False,False,False,True,True,False,False,True,False,False,True,False,False,False
0.05327168559654237,0.20594148783390095,0.08450704225352114,False,False,True,False,False,True,False,False,False,False,False,False,False,False,False,False,False,False,True,False,False
0.6940396019700473,0.05525459587614629,0.16901408450704225,False,False,False,False,True,False,True,False,False,False,False,False,False,True,False,True,False,False,True,False,False
0.1097597748517439,0.05530263377805089,0.25352112676056343,False,False,False,True,False,True,False,False,False,False,False,False,False,False,True,False,False,False,False,False,False
0.8756658960699569,0.20974749077021773,0.36619718309859156,False,False,True,False,False,False,False,False,False,False,False,False,True,False,False,False,False,False,False,False,True
0.9858277213790332,0.8166753568565599,0.5492957746478874,False,True,False,False,False,True,False,False,False,False,False,False,False,True,True,False,False,False,False,False,False
0.8742587194692936,0.05276463129409105,0.11267605633802817,False,False,False,False,True,False,False,False,True,False,False,False,True,False,False,False,False,True,False,False,False
0.808724494924113,0.5835504212823919,0.7464788732394366,False,False,False,False,True,False,False,False,False,False,True,False,False,False,False,False,True,False,False,False,True
0.8536536335310083,0.6882690442759337,0.8028169014084507,False,False,False,True,False,False,True,False,False,False,False,False,False,True,False,True,False,False,False,True,False
0.03055583475726204,0.8096578200199959,0.8169014084507042,False,False,True,False,False,False,True,False,False,False,False,True,False,False,False,True,False,False,False,False,True
0.33701879585888034,0.07778637344865098,0.4084507042253521,True,False,False,False,False,False,True,False,False,False,False,False,True,False,False,True,False,False,True,False,False
0.6411699668308374,0.11344050455809634,0.18309859154929578,False,False,False,False,False,False,False,False,False,False,False,True,False,False,False,True,False,False,False,False,False
0.5474922102723893,0.7987041775961234,0.7464788732394366,False,False,False,True,False,False,False,False,False,False,False,False,True,False,False,False,True,False,False,False,True
0.974469795959393,0.2675761175567523,0.35211267605633806,False,False,True,False,False,True,False,False,False,False,False,True,False,False,False,True,False,False,True,False,False
0.2984219519549704,0.8340740844526332,0.07042253521126761,False,False,False,False,True,False,False,False,False,False,True,True,False,False,True,False,False,True,False,False,False
0.061413207357523376,0.6465191035727189,0.5070422535211268,False,False,False,False,False,False,False,False,False,False,False,True,False,False,False,False,False,False,False,True,False
0.6787616845914163,0.40366449128362286,0.295774647887324,False,True,False,False,False,False,True,False,False,False,False,False,False,False,False,True,False,False,True,False,False
0.7551512714845713,0.8149199718577959,0.8732394366197184,False,False,False,False,True,False,False,False,False,True,False,False,False,False,False,False,False,True,False,False,False
0.7215800582973164,0.6667850934387232,0.46478873239436624,False,False,False,True,False,False,False,False,True,False,False,False,False,False,False,False,True,False,True,False,False
0.4389385867926425,0.23620036208568562,0.323943661971831,False,False,False,False,False,False,False,False,False,False,False,False,False,False,False,True,False,True,False,False,False
0.6074982410292492,0.7983188735912635,0.3098591549295775,False,False,False,False,False,True,False,False,False,False,False,True,False,False,False,False,False,True,False,False,False
0.2295708111367977,0.5189674653301455,0.26760563380281693,True,False,False,False,False,False,False,True,False,False,False,False,False,False,False,True,False,False,False,False,True
0.7688209870338728,0.2519998278641849,0.9295774647887325,False,False,False,False,False,False,False,False,True,False,False,False,False,True,True,False,False,True,False,False,False
0.6046838878279224,0.004925886524467805,0.9577464788732395,False,False,False,False,True,False,True,False,False,False,False,False,False,True,False,False,True,True,False,False,False
0.18956679063222437,0.004393466445025125,0.5774647887323944,False,False,False,False,False,False,False,False,False,True,False,False,False,True,False,False,False,False,False,False,False
0.5036687104231582,0.772697658452519,0.5774647887323944,False,False,False,False,True,False,False,False,False,False,False,False,False,False,False,True,False,False,True,False,False
0.8172680671424265,0.01594858343232811,0.5070422535211268,False,False,True,False,False,True,False,False,False,False,False,False,True,False,True,False,False,False,False,False,False
0.38375716152377126,0.22389565367074624,0.8309859154929577,False,False,True,False,False,False,False,False,False,False,True,False,True,False,False,False,False,True,False,False,False
0.5211579053171174,0.7434876117256516,0.11267605633802817,False,False,False,False,True,False,False,False,True,False,False,True,False,False,False,True,False,False,False,False,True
0.8138506382551011,0.597589498114012,0.14084507042253522,False,False,True,False,False,True,False,False,False,False,False,False,False,True,False,True,False,False,False,False,True
0.549301437330385,0.9138880576775076,0.7042253521126761,True,False,False,False,False,True,False,False,False,False,False,False,False,False,False,False,True,False,False,False,False
0.07779676349381848,0.18342272052649541,0.7887323943661972,False,False,False,False,True,False,False,False,True,False,False,False,True,False,False,False,True,False,False,False,True
0.41974067745502064,0.6859542178779057,0.943661971830986,False,False,False,True,False,False,False,True,False,False,False,True,False,False,False,False,False,False,False,False,True
0.2824404462760077,0.6906208998900133,0.14084507042253522,False,False,True,False,False,False,False,True,False,False,False,False,False,False,False,True,False,False,True,False,False
0.038295306060910646,0.5202945123702601,0.5352112676056339,False,False,False,False,True,False,False,False,False,False,False,True,False,False,False,False,True,False,False,False,True
0.1701678560659363,0.08428550126049454,0.7323943661971831,False,False,True,False,False,True,False,False,False,False,False,False,True,False,True,False,False,True,False,False,False
0.8521459443160118,0.7624595806091006,0.14084507042253522,True,False,False,False,False,False,False,True,False,False,False,False,False,False,False,False,False,False,False,True,False
0.7031862498743592,0.42705694793191834,0.5774647887323944,True,False,False,False,False,True,False,False,False,False,False,False,False,True,False,False,False,False,False,True,False
0.8681274499949745,0.8008909029224058,0.7887323943661972,False,True,False,False,False,False,False,False,False,False,False,False,True,False,True,False,False,False,False,True,False
0.46125238717459044,0.6621994753860797,0.08450704225352114,False,True,False,False,False,True,False,False,False,False,False,True,False,False,False,False,False,False,False,False,True
0.3037491205146246,0.9776903977238042,0.647887323943662,True,False,False,False,False,False,False,False,True,False,False,False,False,False,False,True,False,False,False,False,True
0.8667202733943111,0.5340103341536473,0.676056338028169,False,False,False,True,False,True,False,False,False,False,False,False,False,True,True,False,False,False,False,True,False
0.18042014272791237,0.9482571749110048,0.1267605633802817,False,False,False,False,True,True,False,False,False,False,False,True,False,False,False,False,False,True,False,False,False
0.08794853754146145,0.6922892161915752,0.971830985915493,True,False,False,False,False,False,False,False,False,True,False,False,False,True,False,True,False,False,True,False,False
0.22776158407880193,0.3201055632894354,0.9577464788732395,True,False,False,False,False,False,False,False,True,False,False,False,False,True,False,True,False,False,True,False,False
0.49502462559051164,0.16276642270751623,0.5915492957746479,False,False,False,True,False,False,False,False,False,True,False,False,False,True,True,False,False,False,False,False,False
0.2538948638054076,0.8020298015133941,0.23943661971830985,True,False,False,False,False,False,False,False,False,False,False,False,False,True,False,True,False,False,False,False,False
0.721178007839984,0.860919265300322,0.1267605633802817,False,False,False,True,False,False,True,False,False,False,False,False,False,True,False,False,True,False,False,True,False
0.20454317016785611,0.5118028124189986,0.5915492957746479,False,True,False,False,False,True,False,False,False,False,False,True,False,False,False,False,True,False,False,False,False
0.9310483465674942,0.9526266224050777,0.4507042253521127,False,True,False,False,False,False,False,False,True,False,False,False,False,True,False,True,False,False,False,False,True
0.04794451703688813,0.9828014303285293,0.4366197183098592,False,False,True,False,False,True,False,False,False,False,False,False,False,True,False,True,False,False,False,True,False
0.2780178912453513,0.4109832657967137,0.4084507042253521,False,False,False,False,False,False,False,False,False,True,False,False,False,True,False,True,False,False,False,True,False
0.17177605789526587,0.042749729536604386,0.3802816901408451,False,True,False,False,False,False,True,False,False,False,False,True,False,False,False,False,False,False,False,False,False
0.5135189466278018,0.9357793298912843,0.3802816901408451,True,False,False,False,False,True,False,False,False,False,False,False,True,False,False,True,False,False,False,False,False
0.8125439742687709,0.052416356505282674,0.5211267605633804,False,False,False,False,False,False,False,False,False,False,False,True,False,False,False,False,True,False,False,False,False
0.6987636948437029,0.6884311721948618,0.6619718309859155,False,False,False,False,True,False,False,False,False,False,True,False,True,False,True,False,False,False,False,False,True
0.047039903507890245,0.2189107205585207,0.3098591549295775,False,False,True,False,False,False,True,False,False,False,False,False,False,False,True,False,False,False,True,False,False
0.598150567896271,0.7406083399802444,0.35211267605633806,False,True,False,False,False,False,False,False,False,False,True,False,False,False,False,True,False,False,True,False,False
0.6254899989948739,0.5968228932627844,0.22535211267605634,False,False,False,True,False,False,False,False,False,False,False,False,True,False,False,False,True,False,False,True,False
0.5598552618353604,0.5714808984288604,0.5774647887323944,False,False,False,False,True,False,False,False,False,False,True,True,False,False,False,True,False,False,False,False,True
0.7245954367273094,0.7874573038127083,0.19718309859154928,False,False,False,False,False,False,True,False,False,False,False,True,False,False,False,True,False,False,False,True,False
0.19388883304854762,0.8059568999940954,0.08450704225352114,True,False,False,False,False,False,False,True,False,False,False,True,False,False,False,True,False,False,False,True,False
0.3469695446778571,0.3770675062624411,0.6901408450704226,False,False,False,False,True,False,False,False,False,False,True,False,False,True,False,True,False,False,False,True,False
0.3675746306161424,0.41745937544722794,0.47887323943661975,True,False,False,False,False,True,False,False,False,False,False,True,False,False,True,False,False,True,False,False,False
0.6568499346668006,0.25179966993958236,0.8309859154929577,False,False,False,False,True,False,True,False,False,False,False,False,False,False,False,False,True,False,True,False,False
0.960197004724093,0.898535944860495,0.971830985915493,False,False,False,True,False,True,False,False,False,False,False,False,False,False,False,True,False,True,False,False,False
0.7414815559352699,0.5513990538534904,0.7042253521126761,False,True,False,False,False,False,False,False,False,False,False,False,False,True,True,False,False,False,True,False,False
0.4571313699869334,0.5382456758382363,0.23943661971830985,False,False,False,False,False,False,False,False,False,False,False,False,False,False,False,True,False,False,False,False,False
0.5072871645391497,0.8386987333005742,0.07042253521126761,True,False,False,False,False,False,False,False,False,False,True,False,True,False,False,False,True,False,False,False,False
0.6789627098200824,0.9130664093970143,0.9295774647887325,False,False,False,False,True,False,False,False,False,False,False,False,False,True,False,False,True,False,False,False,False
0.9593929038094282,0.06181877501348565,0.15492957746478872,False,False,False,False,False,True,False,False,False,False,False,False,True,False,False,False,True,False,False,False,False
0.1458438033973264,0.41642656055627897,0.8732394366197184,False,True,False,False,False,False,False,False,False,False,False,True,False,False,False,False,False,False,False,False,True
0.7034877877173585,0.5303354346579452,0.5492957746478874,False,False,False,False,False,False,False,False,True,False,False,True,False,False,False,False,False,False,False,False,True
0.7297215800582973,0.34678861621819623,0.28169014084507044,False,False,False,True,False,False,False,False,True,False,False,True,False,False,False,True,False,False,False,False,True
0.7834958287265053,0.055953147033009056,0.09859154929577466,False,False,True,False,False,False,False,False,False,False,False,False,False,True,False,False,False,False,False,False,True
0.2714845713136999,0.6449979033457398,0.4366197183098592,False,False,False,True,False,False,False,False,True,False,False,False,False,True,False,True,False,False,False,False,True
0.17599758769725604,0.29572632807284954,0.7887323943661972,False,False,False,False,True,False,False,False,False,False,False,False,False,True,False,True,False,False,False,False,True
0.20223138003819482,0.05382446750486135,0.7042253521126761,True,False,False,False,False,False,False,True,False,False,False,True,False,False,True,False,False,False,False,False,True
0.4724092873655644,0.4229807317973882,0.9577464788732395,False,False,False,False,False,False,False,False,False,False,True,False,False,True,True,False,False,True,False,False,False
0.1720775957382652,0.6871381520019295,0.6619718309859155,False,True,False,False,False,False,False,True,False,False,False,False,False,True,False,True,False,True,False,False,False
0.7698261131772038,0.550327208167244,0.8732394366197184,False,False,False,True,False,True,False,False,False,False,False,True,False,False,False,True,False,False,True,False,False
0.4774349180822194,0.16974192637991375,0.323943661971831,False,False,True,False,False,False,False,False,False,False,False,False,True,False,False,False,False,False,True,False,False
0.1110664388380742,0.38847350559591526,0.943661971830986,False,False,False,False,True,False,False,True,False,False,False,False,False,True,False,False,True,True,False,False,False
0.01779073273695849,0.43823977117946067,0.5352112676056339,False,False,False,False,False,False,False,True,False,False,False,False,False,False,True,False,False,False,False,False,False
0.012162026334304958,0.06301471861298565,0.26760563380281693,False,False,False,False,False,True,False,False,False,False,False,True,False,False,True,False,False,False,False,False,True
0.9564780379937683,0.37747582842863026,0.19718309859154928,False,True,False,False,False,False,False,False,False,True,False,False,True,False,False,False,True,False,False,True,False
0.42466579555734246,0.46749585422898676,0.8450704225352113,False,False,False,False,True,False,True,False,False,False,False,False,False,True,True,False,False,False,True,False,False
0.384561262438436,0.3613901368179494,0.9295774647887325,True,False,False,False,False,False,False,False,False,False,True,False,True,False,False,False,False,False,False,True,False
0.14785405568398838,0.6778658361447182,0.7183098591549296,False,True,False,False,False,False,False,False,False,True,False,False,False,False,False,False,False,False,False,True,False
0.6608704392401247,0.303653582676732,0.7746478873239437,False,True,False,False,False,False,False,False,True,False,False,False,True,False,False,False,True,False,False,False,False
0.9371796160418133,0.33965899094385477,0.8028169014084507,False,False,False,True,False,False,False,False,False,False,False,True,False,False,False,True,False,False,False,True,False
0.13227460046235806,0.8203632666173611,0.8732394366197184,False,False,False,True,False,False,False,False,False,False,False,True,False,False,False,False,False,False,False,False,True
0.4905015579455222,0.8801454347480162,0.8450704225352113,False,False,False,True,False,False,False,False,True,False,False,True,False,False,False,False,True,False,True,False,False
0.40647301236305156,0.9876752757926004,0.6056338028169015,False,True,False,False,False,False,False,True,False,False,False,False,False,True,False,False,True,False,False,False,False
0.13076691124736156,0.7731340027281526,0.5915492957746479,False,False,False,False,True,False,True,False,False,False,False,False,False,True,False,False,True,False,False,False,True
0.8476228766710223,0.7951173475872464,0.46478873239436624,False,False,True,False,False,False,False,True,False,False,False,True,False,False,False,False,False,False,False,True,False
0.3666700170871444,0.19829545511408503,0.323943661971831,False,False,False,False,False,False,False,False,False,False,True,False,False,False,False,False,False,False,False,True,False
0.21057392702784203,0.03194720634580685,0.5211267605633804,False,False,False,False,False,False,False,False,False,True,False,False,True,False,True,False,False,False,False,False,False
0.1798170670419138,0.5418325058471134,0.4507042253521127,False,False,True,False,False,False,False,False,False,False,False,False,True,False,False,False,True,True,False,False,False
0.20826213689818074,0.4459558591728875,0.5070422535211268,False,False,True,False,False,False,False,False,False,False,True,False,False,False,False,True,False,False,False,False,True
0.12624384360237212,0.7598004825807563,0.18309859154929578,True,False,False,False,False,True,False,False,False,False,False,True,False,False,False,False,False,False,True,False,False
0.026937380641270485,0.5206407855798225,0.7323943661971831,False,False,True,False,False,False,False,False,False,True,False,False,True,False,False,False,False,False,False,False,True
0.9964820584983416,0.24815479413257063,0.7605633802816901,False,False,False,False,False,False,False,False,True,False,False,True,False,False,False,False,False,False,False,True,False
0.6220725701075486,0.8562255619683932,0.6056338028169015,False,True,False,False,False,False,False,False,False,False,False,False,False,True,False,False,False,False,False,False,True
0.8415921198110364,0.050457811213047106,0.8169014084507042,True,False,False,False,False,False,True,False,False,False,False,True,False,False,False,False,True,False,False,False,False
0.8141521760981004,0.6974012495859233,0.8169014084507042,False,True,False,False,False,True,False,False,False,False,False,False,True,False,False,True,False,False,True,False,False
0.0004020504573323952,0.4198192373782915,0.5492957746478874,False,True,False,False,False,False,False,False,False,False,True,False,True,False,False,False,True,False,False,False,False
0.6563473715951352,0.19334855200753395,0.9295774647887325,False,True,False,False,False,False,False,False,False,False,False,False,True,False,False,False,True,False,False,False,True
0.5811639360739773,0.77787374238274,0.4225352112676057,False,False,False,False,True,False,False,False,False,False,False,False,False,True,False,False,True,False,False,False,True
0.2724896974570309,0.37511696728718963,0.26760563380281693,True,False,False,False,False,False,False,True,False,False,False,False,False,False,False,False,False,False,False,True,False
0.22575133179213996,0.6561837289621512,0.36619718309859156,False,True,False,False,False,False,False,False,True,False,False,True,False,False,True,False,False,False,True,False,False
0.8017891245351292,0.6540590525924955,0.28169014084507044,False,True,False,False,False,False,False,False,True,False,False,False,False,True,True,False,False,False,True,False,False
0.0033169162729922612,0.9781387514749138,0.19718309859154928,False,False,False,False,True,True,False,False,False,False,False,False,False,True,False,True,False,True,False,False,False
0.8182731932857574,0.3975766880068375,0.9014084507042254,False,False,False,False,False,False,False,False,False,False,True,False,False,False,False,False,False,False,False,False,True
0.4057694240627199,0.7196808281734289,0.3098591549295775,True,False,False,False,False,False,False,False,False,False,False,False,True,False,False,False,True,False,False,False,False
0.3446577545481958,0.7249379760631138,0.8873239436619719,False,False,False,False,False,False,False,False,False,False,True,False,False,False,True,False,False,False,False,True,False
0.32998291285556336,0.05133950687092117,0.3098591549295775,False,False,True,False,False,False,False,False,True,False,False,False,False,False,False,True,False,False,True,False,False
0.17851040305558352,0.31216229605158474,0.47887323943661975,False,False,False,True,False,False,False,True,False,False,False,False,True,False,False,False,True,False,False,False,True
0.14855764398432006,0.9953863598379122,0.7183098591549296,False,True,False,False,False,False,False,False,False,False,False,False,False,True,False,True,False,False,False,False,False
0.485174389385868,0.33619725963785435,0.014084507042253521,False,False,False,False,True,False,False,False,False,False,True,False,False,False,True,False,False,False,True,False,False
0.48678259121519757,0.8864874385890468,0.9295774647887325,False,False,False,True,False,False,False,False,False,True,False,False,False,True,False,True,False,False,True,False,False
0.3691828324454719,0.2090989790945056,0.33802816901408456,False,False,False,True,False,False,False,True,False,False,False,False,True,False,False,False,False,False,False,True,False
0.6909237109257211,0.49558301499883417,0.5211267605633804,False,False,False,False,False,True,False,False,False,False,False,False,True,False,True,False,False,True,False,False,False
0.553321941903709,0.22406378632741233,0.7887323943661972,False,False,False,False,True,False,True,False,False,False,False,True,False,False,False,False,True,False,False,True,False
0.5171374007437934,0.06514339814113336,0.5070422535211268,False,False,False,False,False,False,False,False,True,False,False,True,False,False,False,True,False,False,False,True,False
0.40064328073173183,0.30178610924019056,0.4507042253521127,False,False,False,True,False,False,True,False,False,False,False,False,False,True,False,True,False,False,False,False,True
0.46778570710624184,0.12392377585915289,0.8873239436619719,False,False,True,False,False,False,False,False,False,False,True,True,False,False,False,False,True,False,False,False,False
0.22223339029048148,0.7340891963759406,0.4225352112676057,False,True,False,False,False,False,False,True,False,False,False,False,True,False,False,False,True,False,False,True,False
0.18856166448889342,0.3773197052474403,0.15492957746478872,True,False,False,False,False,False,False,False,True,False,False,False,False,True,False,False,True,False,False,False,False
0.9857272087647,0.43070782847666816,0.11267605633802817,False,False,False,False,True,False,False,False,True,False,False,True,False,False,False,True,False,True,False,False,False
0.9678359634134085,0.8261087998430763,0.47887323943661975,True,False,False,False,False,False,False,False,True,False,False,False,False,True,False,False,True,False,False,False,False
0.26796662981204145,0.8584603251965801,0.5774647887323944,True,False,False,False,False,False,False,False,False,False,True,False,True,False,True,False,False,False,False,False,False
0.1622273595336215,0.9131434701979863,0.36619718309859156,False,False,False,True,False,False,False,True,False,False,False,False,False,True,False,True,False,True,False,False,False
0.4104935169363756,0.08192764090867695,0.8450704225352113,True,False,False,False,False,False,False,False,False,False,False,False,False,True,True,False,False,False,True,False,False
0.44577344456729323,0.527930537193846,0.0,False,True,False,False,False,True,False,False,False,False,False,False,True,False,False,False,True,False,True,False,False
0.506583576238818,0.6452390936448859,0.2112676056338028,False,False,False,False,False,False,False,False,False,False,True,True,False,False,False,True,False,False,False,False,False
0.2564076791637351,0.7327901714452704,0.02816901408450704,False,False,False,True,False,False,False,False,False,True,False,False,False,False,False,False,True,False,False,False,True
0.6946426776560459,0.02591744886715619,0.14084507042253522,False,False,False,False,False,False,False,False,False,True,False,False,True,False,False,False,True,False,True,False,False
0.5264850738767716,0.982858475337041,0.5352112676056339,False,False,False,True,False,False,False,False,False,False,False,False,False,True,True,False,False,False,True,False,False
0.11126746406674039,0.3675780190570361,0.16901408450704225,True,False,False,False,False,False,False,False,False,True,False,False,True,False,False,True,False,False,False,True,False
0.832043421449392,0.23610828944036846,0.7605633802816901,False,False,False,False,False,False,False,False,False,False,True,True,False,False,True,False,False,False,False,False,False
0.5122122826414716,0.28689135728089465,0.09859154929577466,False,False,False,False,True,False,False,False,False,True,False,False,True,False,False,True,False,False,True,False,False
0.5046738365664891,0.964528012601943,0.49295774647887325,True,False,False,False,False,False,False,True,False,False,False,False,False,True,False,True,False,False,False,False,True
0.5244748215901096,0.055532815391343776,0.971830985915493,False,False,False,False,True,False,False,True,False,False,False,False,True,False,False,False,False,True,False,False,False
0.9829128555633734,0.8508473185343236,0.22535211267605634,False,False,True,False,False,False,True,False,False,False,False,True,False,False,False,False,True,False,True,False,False
0.4530103527992764,0.20087148760371934,0.33802816901408456,False,False,True,False,False,False,False,False,False,True,False,False,False,False,False,False,True,True,False,False,False
0.011860488491305662,0.859962510420722,0.1267605633802817,True,False,False,False,False,False,False,True,False,False,False,False,True,False,False,True,False,False,True,False,False
0.022514825610614138,0.8640347233967601,0.26760563380281693,False,False,True,False,False,False,True,False,False,False,False,True,False,False,False,False,True,True,False,False,False
0.6721278520454318,0.5213713620046216,0.4366197183098592,False,False,False,False,True,False,False,False,False,False,False,False,False,True,False,False,False,True,False,False,False
0.6894160217107248,0.474133091008806,0.36619718309859156,False,False,False,False,True,False,True,False,False,False,False,True,False,False,False,True,False,True,False,False,False
0.363152075585486,0.8299728485775277,0.7887323943661972,False,False,False,False,True,False,False,False,False,True,False,True,False,False,True,False,False,False,False,True,False
0.9981907729420043,0.4607815566481955,0.8169014084507042,False,False,False,False,False,False,False,False,False,False,True,False,False,True,False,True,False,False,False,False,False
0.4707005729219017,0.8401198545652521,0.7042253521126761,True,False,False,False,False,False,False,False,False,True,False,False,False,True,False,False,True,False,False,True,False
0.7234897979696453,0.8608802345050245,0.04225352112676056,False,False,False,False,False,False,False,False,True,False,False,False,False,True,False,False,True,False,False,True,False
0.653030455322143,0.2628934229106766,0.07042253521126761,False,False,False,False,True,False,False,True,False,False,False,True,False,False,False,False,False,False,False,True,False
0.13177203739069254,0.5063395018669731,0.9154929577464789,False,True,False,False,False,False,False,False,True,False,False,False,True,False,False,False,False,False,False,True,False
0.05538245049753745,0.1764872484390184,0.07042253521126761,False,False,True,False,False,True,False,False,False,False,False,True,False,False,True,False,False,False,False,True,False
0.008242034375314105,0.5642982313044993,0.0,False,False,False,False,True,False,False,False,False,True,False,False,True,False,False,True,False,False,False,True,False
0.47713338023922003,0.036384707534244526,0.8873239436619719,False,True,False,False,False,False,False,False,False,True,False,True,False,False,True,False,False,False,False,False,False
0.4655744295909137,0.5897853406337601,0.4366197183098592,False,False,False,True,False,False,False,False,False,True,False,False,True,False,False,True,False,False,False,False,True
0.5880993064629612,0.3090498403240157,0.8450704225352113,True,False,False,False,False,False,True,False,False,False,False,False,False,False,False,False,False,False,True,False,False
0.5336214694944216,0.004492544617703369,0.8450704225352113,False,True,False,False,False,False,False,False,False,False,True,False,False,False,False,True,False,False,False,False,False
0.5016584581364961,0.3501472661930264,0.056338028169014086,False,False,False,False,True,True,False,False,False,False,False,True,False,False,True,False,False,False,True,False,False
0.6000603075686,0.9993014488431373,0.25352112676056343,False,False,False,False,False,False,False,False,False,False,False,False,True,False,False,False,True,True,False,False,False
0.9621067443964219,0.4454734785745954,0.619718309859155,True,False,False,False,False,False,False,False,False,False,True,False,True,False,False,True,False,False,False,True,False
0.06865011558950648,0.48610553726890526,0.15492957746478872,False,False,False,False,True,False,False,True,False,False,False,True,False,False,False,False,True,False,False,True,False
0.2913860689516534,0.46627689246815746,0.7042253521126761,False,False,True,False,False,True,False,False,False,False,False,False,False,False,False,False,True,False,False,True,False
0.7322343954166248,0.7061521540495451,0.9014084507042254,False,False,True,False,False,False,True,False,False,False,False,False,True,False,False,False,True,False,True,False,False
0.698864207458036,0.9718067555301133,0.04225352112676056,False,False,False,False,False,False,False,False,False,True,False,False,True,False,False,True,False,False,False,True,False
0.7686199618052066,0.22473631695407678,0.5774647887323944,False,True,False,False,False,False,False,False,True,False,False,False,True,False,False,True,False,False,False,False,False
0.8735551311689618,0.9197266643381629,0.619718309859155,False,False,False,True,False,False,False,False,False,False,True,False,True,False,True,False,False,False,True,False,False
0.5704090863403357,0.11480458081426247,0.5774647887323944,False,False,False,False,False,False,False,False,False,False,True,False,False,True,True,False,False,False,True,False,False
0.9957784701980099,0.7866646784312823,0.5774647887323944,False,False,True,False,False,False,False,False,True,False,False,False,True,False,False,False,False,False,False,False,False
0.04633631520755856,0.620625673656515,0.8169014084507042,False,False,True,False,False,False,False,False,False,True,False,False,False,False,False,True,False,True,False,False,False
0.5652829430093478,0.9763533427874593,0.8169014084507042,True,False,False,False,False,False,True,False,False,False,False,True,False,False,False,False,False,False,True,False,False
0.4631621268469193,0.36102384781592683,0.5211267605633804,False,False,False,False,False,True,False,False,False,False,False,False,False,False,False,False,True,False,False,True,False
0.5455824706000604,0.46968157876564615,0.7887323943661972,False,False,False,True,False,False,False,True,False,False,False,False,True,False,False,False,True,False,True,False,False
0.4600462358025933,0.11689923349522774,0.3802816901408451,False,True,False,False,False,False,False,False,True,False,False,False,False,True,True,False,False,False,False,False,False
0.13951150869434117,0.27671933155259504,0.7464788732394366,False,False,False,True,False,False,False,True,False,False,False,False,False,True,True,False,False,False,False,False,True
0.3698864207458036,0.20782897706290265,0.4507042253521127,True,False,False,False,False,False,False,False,False,False,True,False,False,True,False,False,True,True,False,False,False
0.6363453613428486,0.07135229696230326,0.28169014084507044,False,False,True,False,False,False,False,False,False,False,True,False,False,False,False,False,True,False,True,False,False
0.353000301537843,0.23643855001596262,0.9295774647887325,False,False,False,True,False,False,False,False,False,False,True,False,True,False,False,False,False,False,False,False,False
0.9343652628404865,0.40917984289604503,0.23943661971830985,False,True,False,False,False,False,False,False,False,False,True,False,True,False,False,True,False,True,False,False,False
0.8227962609307469,0.6128745580262828,0.15492957746478872,False,False,True,False,False,False,False,False,False,False,False,True,False,False,False,False,True,True,False,False,False
0.10875464870841292,0.15331496550778564,0.3943661971830986,False,False,False,False,True,False,False,False,False,False,True,False,True,False,False,True,False,False,False,False,True
0.5694039601970048,0.7043617414139757,0.9859154929577465,False,False,False,True,False,False,False,False,False,False,False,False,True,False,False,False,True,False,False,False,True
0.7927429892451504,0.8637675125674158,0.014084507042253521,True,False,False,False,False,False,False,False,False,True,False,False,False,False,False,True,False,False,False,False,True
0.03598351593124938,0.48856047421415505,0.14084507042253522,False,False,False,False,False,False,False,True,False,False,False,False,False,True,False,False,False,False,True,False,False
0.8064127047944518,0.9651194792691434,0.647887323943662,False,False,False,True,False,False,False,True,False,False,False,False,False,True,False,True,False,False,False,False,True
0.48708412905819687,0.32285773475271995,0.676056338028169,False,True,False,False,False,False,False,False,True,False,False,False,False,True,True,False,False,False,True,False,False
0.10101517740476432,0.01255590661031554,0.4366197183098592,False,True,False,False,False,True,False,False,False,False,False,False,False,True,False,False,False,True,False,False,False
0.499447180621168,0.6599316861003331,0.6338028169014085,False,True,False,False,False,False,True,False,False,False,False,False,False,True,False,False,True,False,True,False,False
0.6676047844004424,0.3361612312114259,0.7042253521126761,False,False,False,False,True,False,False,False,False,False,True,False,False,False,False,False,False,False,False,False,True
0.47261031259423064,0.08325869110728365,0.8873239436619719,False,True,False,False,False,False,False,False,False,False,False,True,False,False,True,False,False,False,False,False,False
0.8707407779676349,0.09883197843098206,0.36619718309859156,True,False,False,False,False,False,False,False,False,False,False,False,True,False,True,False,False,True,False,False,False
0.8000804100914665,0.4893310822238747,0.5633802816901409,False,False,False,True,False,True,False,False,False,False,False,False,True,False,True,False,False,False,True,False,False
0.017288169665293,0.6204155078356823,0.619718309859155,False,False,True,False,False,False,False,False,False,False,True,False,False,False,False,False,True,False,False,True,False
0.3783294803497839,0.8468461616215195,0.4225352112676057,False,False,False,False,False,False,False,True,False,False,False,True,False,False,False,True,False,False,False,True,False
0.6083023419439141,0.6501309533221712,0.6619718309859155,True,False,False,False,False,False,True,False,False,False,False,False,True,False,True,False,False,True,False,False,False
0.6082018293295809,0.5492063237894699,0.8169014084507042,False,True,False,False,False,False,True,False,False,False,False,False,False,False,False,False,False,True,False,False,False
0.15066840888531513,0.13832413774468055,0.18309859154929578,False,False,True,False,False,False,False,False,True,False,False,False,False,False,True,False,False,False,False,False,True
0.933762187154488,0.8340530678705499,0.18309859154929578,False,True,False,False,False,False,False,True,False,False,False,True,False,False,True,False,False,True,False,False,False
0.13448587797768624,0.8134348000572452,0.9859154929577465,True,False,False,False,False,False,False,False,False,True,False,True,False,False,False,False,True,False,False,False,False
0.10805106040808123,0.6363510810029114,0.4084507042253521,True,False,False,False,False,False,False,False,False,False,False,True,False,False,False,False,True,True,False,False,False
0.6636847924414515,0.044888416960982225,0.5915492957746479,False,True,False,False,False,False,False,False,False,False,False,True,False,False,False,False,False,False,False,True,False
0.8936576540355815,0.48830327128104084,0.3098591549295775,False,False,True,False,False,False,False,False,False,False,True,False,False,False,True,False,False,False,False,True,False
0.5509096391597146,0.5262111806215104,0.014084507042253521,False,False,True,False,False,False,False,False,True,False,False,False,True,False,False,False,False,False,False,False,False
0.9034073776258921,0.3114177085720634,0.3098591549295775,False,False,False,False,False,True,False,False,False,False,False,True,False,False,False,True,False,False,False,False,True
0.24796461955975482,0.658321415596906,0.7183098591549296,False,False,False,False,False,False,False,False,False,True,False,True,False,False,False,True,False,False,False,False,True
0.058196803698864215,0.34454084272491003,0.25352112676056343,False,False,True,False,False,True,False,False,False,False,False,False,False,False,False,False,False,False,True,False,False
0.3726002613327973,0.3808715076195119,0.8309859154929577,False,False,True,False,False,True,False,False,False,False,False,False,False,True,False,True,False,False,False,False,True
0.026133279726605695,0.4581224586198511,0.4225352112676057,True,False,False,False,False,False,False,False,False,False,False,True,False,False,False,False,False,False,False,False,False
0.9165745301035281,0.5810684630173207,0.9295774647887325,False,True,False,False,False,True,False,False,False,False,False,True,False,False,False,False,False,False,False,False,True
0.1956980601065434,0.7226902025698276,0.18309859154929578,False,False,False,True,False,False,False,False,False,True,False,False,False,False,False,False,False,False,True,False,False
0.2842496733340034,0.7939854545236192,0.22535211267605634,False,False,True,False,False,False,False,False,True,False,False,True,False,False,False,False,False,False,False,True,False
0.5298019901497638,0.6208878805377444,0.28169014084507044,False,False,False,False,True,False,False,False,True,False,False,False,False,True,False,False,True,False,False,True,False
0.16182530907628911,0.7152423261953682,0.014084507042253521,False,False,False,True,False,False,False,True,False,False,False,True,False,False,False,False,True,True,False,False,False
0.44044627600763897,0.6344665941427787,0.7464788732394366,False,True,False,False,False,False,False,False,False,False,False,False,False,True,False,False,True,True,False,False,False
0.09890441250376923,0.7916736304944602,0.8028169014084507,False,False,False,True,False,False,True,False,False,False,False,False,True,False,False,True,False,False,False,True,False
0.4152176098100312,0.6318905616531444,0.3943661971830986,False,False,True,False,False,False,False,False,True,False,False,False,False,True,False,True,False,False,False,True,False
0.8447080108553625,0.517337179034258,0.5633802816901409,True,False,False,False,False,False,False,False,False,False,False,False,True,False,False,False,False,True,False,False,False
0.4008443059603981,0.11840342029861561,0.28169014084507044,True,False,False,False,False,False,False,False,False,False,True,True,False,False,True,False,False,False,False,False,False
0.38848125439742687,0.9637033619525807,0.6901408450704226,False,True,False,False,False,True,False,False,False,False,False,True,False,False,False,False,True,False,True,False,False
0.22122826414715052,0.07118916825375221,0.647887323943662,False,False,False,False,True,False,False,False,False,False,True,True,False,False,False,False,False,True,False,False,False
0.579756759473314,0.8249308704567905,0.4084507042253521,False,False,False,True,False,False,True,False,False,False,False,False,False,False,False,False,True,True,False,False,False
0.924515026635843,0.0009027122399573263,0.14084507042253522,False,True,False,False,False,False,False,False,False,False,False,False,True,False,False,False,False,True,False,False,False
0.5114081817268068,0.6310048628367783,0.6619718309859155,False,False,True,False,False,False,False,False,False,False,False,True,False,False,False,False,True,False,False,False,False
0.935872952055483,0.3956191435042249,0.8873239436619719,False,False,True,False,False,False,True,False,False,False,False,True,False,False,True,False,False,False,False,False,False
0.27017790732736957,0.9191171834577482,0.8028169014084507,False,False,False,True,False,False,True,False,False,False,False,False,False,True,False,True,False,False,False,False,False
0.7448989848225953,0.3570627224880431,0.28169014084507044,True,False,False,False,False,False,False,True,False,False,False,False,True,False,False,True,False,True,False,False,False
0.7874158206854961,0.4649028083157612,0.323943661971831,False,False,False,False,True,False,False,False,True,False,False,False,False,True,True,False,False,False,True,False,False
0.6553422454518043,0.05123542475012786,0.02816901408450704,False,False,False,True,False,False,False,False,False,False,True,True,False,False,True,False,False,False,False,False,True
0.8095285958387779,0.851041471721188,0.9577464788732395,False,False,True,False,False,False,False,False,True,False,False,False,False,True,False,False,False,True,False,False,False
0.2683686802693738,0.5598587285368156,0.295774647887324,False,True,False,False,False,False,False,False,False,False,False,False,True,False,True,False,False,False,False,False,True
0.8632023318926526,0.6852526643521739,0.8591549295774649,False,False,False,False,False,False,False,True,False,False,False,False,True,False,False,True,False,True,False,False,False
0.8385767413810434,0.1024538360766645,0.22535211267605634,True,False,False,False,False,True,False,False,False,False,False,False,False,True,False,True,False,False,False,True,False
0.40064328073173183,0.4389683460250138,0.5774647887323944,False,False,False,True,False,False,False,True,False,False,False,True,False,False,False,False,False,False,False,False,True
0.5719167755553323,0.050928182335863006,0.35211267605633806,False,False,False,False,True,False,False,False,False,False,True,True,False,False,False,False,False,False,False,False,False
0.00924716051864509,0.5108490599082677,0.47887323943661975,False,False,False,True,False,False,False,False,False,True,False,False,False,True,True,False,False,False,False,False,False
0.6633832545984522,0.347968547183728,0.5774647887323944,False,False,False,False,True,False,True,False,False,False,False,False,False,False,False,False,True,False,False,False,True
0.46919288370690526,0.5099083176626359,0.943661971830986,False,False,False,True,False,False,False,True,False,False,False,False,False,True,False,False,False,False,False,False,False
0.587898281234295,0.8226050353729093,0.35211267605633806,False,False,False,True,False,False,False,False,True,False,False,False,False,False,False,False,True,False,False,True,False
0.5267866117197708,0.6197339701024108,0.25352112676056343,False,False,False,False,True,False,False,False,False,False,False,False,False,True,True,False,False,True,False,False,False
0.20554829631118707,0.34095601429527905,0.18309859154929578,False,False,False,False,True,False,False,False,False,False,True,True,False,False,False,True,False,False,False,False,True
0.02301738868227963,0.4436560446192046,0.5352112676056339,False,False,False,True,False,False,True,False,False,False,False,False,False,False,False,True,False,True,False,False,False
0.2739973866720274,0.8251950789172657,0.19718309859154928,False,False,False,False,False,False,False,False,True,False,False,True,False,False,False,True,False,False,True,False,False
0.5856870037189668,0.17205775356756484,0.7042253521126761,False,True,False,False,False,False,False,False,False,True,False,False,True,False,False,False,False,False,False,False,False
0.5171374007437934,0.9201570038760583,0.7746478873239437,False,False,False,False,False,False,False,False,False,False,True,False,False,False,False,True,False,True,False,False,False
0.905317117298221,0.25441073006602216,0.056338028169014086,False,True,False,False,False,False,False,False,True,False,False,False,False,False,False,False,False,False,False,False,False
0.38848125439742687,0.724556675216746,0.7746478873239437,False,False,True,False,False,False,False,False,False,True,False,False,False,True,False,True,False,True,False,False,False
0.9528595838777767,0.2689301859166883,1.0,False,False,True,False,False,False,False,True,False,False,False,False,False,True,True,False,False,False,True,False,False
0.924515026635843,0.03166798604098634,0.25352112676056343,False,False,True,False,False,False,False,False,False,True,False,True,False,False,True,False,False,True,False,False,False
0.31862498743592327,0.5913565803418898,0.9014084507042254,True,False,False,False,False,False,True,False,False,False,False,False,False,False,False,True,False,False,True,False,False
0.9168760679465273,0.1488644540542488,0.8873239436619719,False,False,False,False,True,False,False,True,False,False,False,False,False,False,False,False,True,False,False,False,True
0.13086742386169467,0.5352032753842783,0.7323943661971831,False,False,False,False,False,False,False,False,True,False,False,False,False,False,False,False,False,False,False,False,False
0.878781787114283,0.4718372796136152,0.04225352112676056,False,False,False,True,False,True,False,False,False,False,False,False,True,False,False,False,True,True,False,False,False
0.5194491908734546,0.8700134406046371,0.15492957746478872,False,False,True,False,False,False,False,True,False,False,False,True,False,False,False,False,True,False,False,True,False
0.5017589707508293,0.6901305129747372,0.23943661971830985,False,False,False,False,False,True,False,False,False,False,False,False,True,False,False,True,False,False,False,True,False
0.32566087043924014,0.43390535132219327,0.28169014084507044,False,False,False,True,False,False,False,True,False,False,False,False,False,True,False,False,True,False,False,False,False
0.010453311890642279,0.030862350394461235,0.7746478873239437,False,False,True,False,False,False,False,False,False,False,False,False,False,True,False,False,False,False,False,True,False
0.3192280631219218,0.824659656468954,0.8309859154929577,True,False,False,False,False,False,False,False,False,True,False,False,True,False,True,False,False,False,False,False,False
0.22896773545079913,0.6520534701879783,0.7323943661971831,False,True,False,False,False,False,False,False,False,True,False,True,False,False,True,False,False,False,False,False,False
0.8097296210674441,0.348921298904836,0.5633802816901409,False,False,False,False,True,True,False,False,False,False,False,False,False,True,False,False,True,False,False,False,True
0.7128354608503368,0.9677505551880434,0.647887323943662,True,False,False,False,False,False,False,False,False,False,True,False,False,False,False,False,False,False,False,False,False
0.6463966227761585,0.2635539440618649,0.8591549295774649,False,False,False,False,True,False,False,False,False,True,False,False,False,True,False,False,False,True,False,False,False
0.8582772137903307,0.7148099850782268,0.4366197183098592,False,False,True,False,False,False,False,False,False,True,False,False,False,False,False,True,False,False,False,False,True
0.4758267162528898,0.49887361127929947,0.9014084507042254,False,False,False,False,False,False,False,False,False,False,True,False,False,False,False,False,True,True,False,False,False
0.47693235501055387,0.5695643863007913,0.23943661971830985,False,False,True,False,False,True,False,False,False,False,False,False,False,True,False,True,False,False,True,False,False
0.8244044627600764,0.21768575405995333,0.9577464788732395,False,True,False,False,False,False,False,False,False,True,False,False,True,False,False,True,False,False,False,False,True
0.3616443863704895,0.1723189596591711,0.8309859154929577,False,False,False,True,False,False,False,False,False,True,False,False,False,True,False,False,True,False,False,False,True
0.9564780379937683,0.42467306704990243,0.1267605633802817,False,True,False,False,False,False,False,False,False,True,False,True,False,False,True,False,False,False,False,False,True
0.42054477836968546,0.12998756018498597,0.7746478873239437,False,True,False,False,False,False,False,False,True,False,False,True,False,False,False,False,True,False,False,False,False
0.6494120012061514,0.09502897786353433,0.9295774647887325,False,False,False,False,False,False,True,False,False,False,False,True,False,False,False,False,False,True,False,False,False
0.5372399236104132,0.9211037508594282,0.7183098591549296,False,False,True,False,False,False,False,False,True,False,False,False,True,False,False,False,True,True,False,False,False
0.9132576138305358,0.551048777485436,0.28169014084507044,False,True,False,False,False,False,False,False,False,True,False,True,False,False,False,False,False,False,False,True,False
0.8573726002613329,0.9628436836664128,0.16901408450704225,True,False,False,False,False,False,False,False,False,False,True,False,False,True,False,False,False,False,False,False,False
0.9226052869635141,0.26734093199534437,0.619718309859155,True,False,False,False,False,False,False,True,False,False,False,False,False,False,False,False,False,False,False,True,False
0.2492712835460851,0.07589388027153425,0.5915492957746479,False,False,False,True,False,False,False,False,True,False,False,False,False,True,False,False,False,False,False,False,True
0.031158910443260635,0.6614749036990185,0.9154929577464789,True,False,False,False,False,False,False,False,False,False,False,False,False,False,False,True,False,True,False,False,False
0.5640767916373505,0.31016171759518263,0.4366197183098592,False,False,False,False,True,False,False,False,False,True,False,False,False,True,False,True,False,False,True,False,False
0.6608704392401247,0.7030136777917777,0.4225352112676057,False,False,True,False,False,True,False,False,False,False,False,True,False,False,True,False,False,False,False,False,True
0.7827922404261736,0.5160861920054923,0.8591549295774649,True,False,False,False,False,True,False,False,False,False,False,False,False,False,True,False,False,False,False,True,False
0.846316212684692,0.5422868643359611,0.8873239436619719,True,False,False,False,False,False,False,False,False,True,False,False,False,False,False,False,False,False,False,True,False
0.4347170569906524,0.17315361820476358,0.5915492957746479,False,False,False,False,True,False,True,False,False,False,False,False,False,False,False,False,False,True,False,False,False
0.6720273394310987,0.8564797625326384,0.647887323943662,False,False,False,False,False,False,False,False,False,True,False,False,False,False,False,False,True,False,True,False,False
0.6838878279224044,0.7914654662528736,0.9014084507042254,True,False,False,False,False,False,False,False,True,False,False,False,False,False,False,False,False,False,False,True,False
0.4515026635842799,0.9700403618454961,0.8732394366197184,True,False,False,False,False,False,False,False,False,True,False,False,False,False,False,False,False,False,False,True,False
0.9498442054477838,0.33871024238123887,0.46478873239436624,True,False,False,False,False,False,False,False,False,False,True,False,True,False,True,False,False,False,False,False,False
0.44708010855362346,0.9515757933009145,0.33802816901408456,False,False,False,True,False,False,True,False,False,False,False,False,False,False,False,True,False,False,False,False,True
0.501557945522163,0.03418697352210895,0.5915492957746479,False,False,False,True,False,False,False,False,True,False,False,True,False,False,False,False,True,False,False,True,False
0.742486682078601,0.2986476329824232,0.3943661971830986,True,False,False,False,False,True,False,False,False,False,False,False,False,False,False,False,False,False,True,False,False
0.27460046235802593,0.5261521340337526,0.15492957746478872,True,False,False,False,False,False,False,False,False,True,False,False,False,True,True,False,False,False,False,False,False
0.7684189365765405,0.4762597689577077,0.6056338028169015,False,False,True,False,False,False,True,False,False,False,False,True,False,False,False,False,False,False,False,False,True
0.29038094280832244,0.2066360358322717,0.23943661971830985,False,False,False,False,True,False,False,False,False,False,False,False,False,True,False,False,True,False,True,False,False
0.014272791235300033,0.0022307600696949894,0.7746478873239437,True,False,False,False,False,False,False,False,True,False,False,False,True,False,True,False,False,False,False,False,False
0.9033068650115591,0.5403553403635468,0.943661971830986,False,False,False,True,False,False,False,True,False,False,False,False,False,False,True,False,False,True,False,False,False
0.8470198009850236,0.7801135095590421,0.6901408450704226,False,False,True,False,False,False,False,False,False,True,False,False,True,False,False,False,True,True,False,False,False
0.24022514825610616,0.9091993582936938,0.6338028169014085,False,False,False,True,False,True,False,False,False,False,False,False,False,False,False,True,False,False,False,False,False
0.27982711830334706,0.44666942217409544,0.26760563380281693,False,True,False,False,False,False,False,True,False,False,False,False,True,False,False,True,False,False,False,True,False
0.09498442054477836,0.3173143610308534,0.6338028169014085,False,False,True,False,False,True,False,False,False,False,False,True,False,False,False,False,False,False,False,False,True
0.7219821087546487,0.18233286062703474,0.35211267605633806,False,False,True,False,False,False,False,False,True,False,False,False,False,True,True,False,False,False,False,False,False
0.612322846517238,0.21104751649051104,0.36619718309859156,False,False,False,True,False,False,False,False,True,False,False,False,False,False,False,False,True,False,True,False,False
0.6868026937380641,0.06000234184771786,0.4366197183098592,False,False,False,False,False,False,True,False,False,False,False,False,False,False,True,False,False,False,False,True,False
0.10664388380741784,0.7853746606072192,0.014084507042253521,False,False,False,True,False,False,False,True,False,False,False,False,False,True,False,True,False,False,False,False,True
0.014976379535631724,0.6527730379269244,0.6338028169014085,False,False,False,False,True,False,False,False,False,False,True,True,False,False,False,False,False,False,True,False,False
0.05377424866820786,0.05226623806183079,0.7887323943661972,False,False,False,False,True,False,False,False,False,False,False,False,True,False,True,False,False,False,True,False,False
0.4548195798572721,0.8661303768673484,0.8028169014084507,False,True,False,False,False,False,True,False,False,False,False,True,False,False,False,True,False,True,False,False,False
0.936878078198814,0.47450238237969766,0.26760563380281693,False,False,False,False,False,False,False,False,False,True,False,False,True,False,False,False,True,False,True,False,False
0.05226655945321139,0.4007321776881961,0.7887323943661972,False,False,False,False,True,False,False,True,False,False,False,True,False,False,False,False,False,False,False,False,True
0.6037792742989245,0.27561245822954317,0.9577464788732395,False,False,True,False,False,True,False,False,False,False,False,False,True,False,False,False,False,False,False,True,False
0.8974771333802394,0.45402222353436866,0.971830985915493,False,False,False,False,False,False,False,False,False,True,False,False,False,False,False,False,False,False,False,False,True
0.3033470700572922,0.3384620465547317,0.943661971830986,False,False,True,False,False,False,True,False,False,False,False,False,False,False,True,False,False,True,False,False,False
0.3121921801186049,0.9403559408373207,0.323943661971831,True,False,False,False,False,False,False,False,False,False,False,False,False,False,False,False,True,True,False,False,False
0.9873354105940297,0.017394724437581253,0.4225352112676057,False,False,False,False,False,False,True,False,False,False,False,False,True,False,False,True,False,True,False,False,False
0.9209970851341844,0.2447020699331773,0.5070422535211268,False,False,False,False,True,False,False,False,False,False,True,False,True,False,False,False,False,False,False,False,False
0.71002110764901,0.19833448590938252,0.23943661971830985,False,False,True,False,False,False,False,False,False,True,False,False,False,True,False,False,True,False,False,True,False
0.7372600261332798,0.5048353150635851,0.9014084507042254,False,False,False,False,False,False,False,False,False,True,False,False,False,True,False,True,False,True,False,False,False
0.9120514624585386,0.6957429411805915,0.18309859154929578,True,False,False,False,False,False,False,False,False,False,True,False,True,False,False,False,False,True,False,False,False
0.049251181023218425,0.2705214414172783,0.4225352112676057,False,True,False,False,False,False,False,True,False,False,False,False,False,True,False,True,False,False,False,True,False
0.7747512312795256,0.2701151208303352,0.323943661971831,False,False,True,False,False,False,False,False,False,True,False,False,True,False,False,False,False,False,False,True,False
0.8086239823097799,0.827763105089916,0.3943661971830986,False,True,False,False,False,False,True,False,False,False,False,False,False,False,True,False,False,False,False,True,False
0.4580359835159313,0.03210032715812777,0.18309859154929578,False,True,False,False,False,False,False,False,False,True,False,True,False,False,False,False,True,False,False,True,False
0.5196502161021209,0.2788610213458419,0.8591549295774649,True,False,False,False,False,False,False,False,False,False,True,False,False,False,True,False,False,False,False,False,True
0.4931148859181828,0.11926810253289846,0.5915492957746479,False,False,False,True,False,False,False,False,False,False,True,True,False,False,True,False,False,False,True,False,False
0.6159413006332295,0.38738164411720855,0.4084507042253521,False,False,False,False,True,True,False,False,False,False,False,False,True,False,False,True,False,False,False,False,False
0.6590612121821289,0.6561246823743935,0.49295774647887325,False,False,True,False,False,True,False,False,False,False,False,False,True,False,False,False,False,False,True,False,False
0.8565684993466681,0.6373378595712017,0.7887323943661972,False,False,False,True,False,True,False,False,False,False,False,False,False,True,False,False,True,False,False,False,True
0.004824605487988743,0.623173684036705,0.5915492957746479,False,False,False,False,True,True,False,False,False,False,False,False,True,False,False,True,False,False,False,True,False
0.2134887928435019,0.5138484264084363,0.46478873239436624,False,False,False,False,False,True,False,False,False,False,False,False,False,True,False,False,True,False,False,True,False
0.07076088049050155,0.7110079853004021,0.7605633802816901,False,True,False,False,False,False,False,True,False,False,False,True,False,False,False,False,True,False,False,True,False
0.06613730023117902,0.8754917630010078,0.4225352112676057,True,False,False,False,False,False,False,True,False,False,False,False,False,True,False,False,True,True,False,False,False
0.7106241833350087,0.9899820958736444,0.7323943661971831,True,False,False,False,False,False,False,False,False,True,False,False,False,True,False,False,False,False,False,True,False
0.8903407377625893,0.21017482793924408,0.8732394366197184,False,False,False,False,False,True,False,False,False,False,False,True,False,False,False,True,False,False,False,False,False
0.259423057593728,0.7092886287280665,0.619718309859155,True,False,False,False,False,False,False,False,True,False,False,False,False,False,False,True,False,False,False,False,True
0.20715649814051665,0.5688568280373215,0.15492957746478872,False,False,False,True,False,False,False,False,True,False,False,False,True,False,False,False,False,False,False,True,False
0.5152276610714644,0.35540141171384226,0.943661971830986,False,False,True,False,False,False,False,False,False,True,False,False,False,True,False,True,False,False,True,False,False
0.9087345461855464,0.11229960438786203,0.7605633802816901,False,False,True,False,False,True,False,False,False,False,False,True,False,False,False,True,False,False,False,True,False
0.8934566288069153,0.9886240243552163,0.6056338028169015,False,False,False,False,True,False,False,False,False,False,False,False,False,True,False,False,True,False,False,False,True
0.657050959895467,0.35725687567490755,0.014084507042253521,True,False,False,False,False,True,False,False,False,False,False,False,True,False,False,False,True,False,True,False,False
0.7805809629108453,0.5122381559050091,0.4366197183098592,False,True,False,False,False,False,True,False,False,False,False,False,False,False,False,True,False,False,True,False,False
0.2383154085837773,0.18047839745559247,0.46478873239436624,False,False,False,True,False,False,False,True,False,False,False,False,True,False,False,True,False,False,True,False,False
0.810734747210775,0.6917597984810016,0.22535211267605634,False,True,False,False,False,False,False,False,False,True,False,False,False,True,False,False,True,True,False,False,False
0.8008845110061314,0.12343038657500768,0.7464788732394366,False,False,False,True,False,False,False,False,True,False,False,True,False,False,False,False,False,False,True,False,False
0.6985626696150368,0.7024152055972163,0.6338028169014085,False,False,False,False,False,False,False,False,False,False,True,False,False,False,False,False,True,False,False,False,False
0.09277314302945021,0.9080004123253247,0.6056338028169015,False,False,False,False,False,True,False,False,False,False,False,False,False,True,True,False,False,False,False,False,False
0.04010453311890643,0.7132987927474778,0.35211267605633806,False,False,False,False,False,False,False,True,False,False,False,False,False,False,True,False,False,False,True,False,False
0.464870841290582,0.2389645430244463,0.09859154929577466,True,False,False,False,False,False,False,False,False,False,False,False,True,False,False,False,False,False,True,False,False
0.6297115287968641,0.5004918880997107,0.36619718309859156,False,False,False,False,False,False,False,True,False,False,False,False,True,False,False,True,False,False,True,False,False
0.25097999798974774,0.7414199803645076,0.23943661971830985,False,False,True,False,False,False,False,False,True,False,False,False,False,False,True,False,False,True,False,False,False
0.034877877173585294,0.6048962631516267,0.5492957746478874,False,False,False,False,True,True,False,False,False,False,False,True,False,False,True,False,False,False,False,False,False
0.18765705095989552,0.6977365141096326,0.23943661971830985,False,False,False,False,True,True,False,False,False,False,False,True,False,False,False,True,False,False,True,False,False
0.5814654739169767,0.7310027611785699,0.36619718309859156,False,False,False,False,True,False,False,False,True,False,False,False,False,False,False,True,False,False,False,False,False
0.6491104633631521,0.4177125752218501,0.6338028169014085,False,False,False,False,True,False,False,False,True,False,False,True,False,False,False,False,False,False,False,True,False
0.03256608704392402,0.05782662520728856,0.8732394366197184,True,False,False,False,False,False,False,True,False,False,False,False,False,False,True,False,False,False,True,False,False
0.32777163534023523,0.8309015813476833,0.14084507042253522,False,False,False,False,True,False,False,True,False,False,False,False,False,True,False,False,False,True,False,False,False
0.5749321539853253,0.692112076428302,0.5633802816901409,False,False,False,True,False,False,True,False,False,False,False,True,False,False,False,True,False,True,False,False,False
0.7456025731229271,0.4980579677365442,0.23943661971830985,False,False,False,True,False,False,False,False,False,True,False,True,False,False,False,True,False,False,True,False,False
0.8676248869233089,0.7482063347981558,0.23943661971830985,False,False,False,True,False,False,False,False,True,False,False,True,False,False,False,True,False,False,False,True,False
0.04030555834757262,0.9102732055591862,0.9014084507042254,False,False,False,True,False,False,False,True,False,False,False,False,True,False,False,False,False,False,False,False,True
0.26635842798271187,0.2858395273871085,0.5915492957746479,False,True,False,False,False,False,False,False,False,False,False,False,True,False,False,False,False,False,True,False,False
0.828022916876068,0.4795403573419429,0.09859154929577466,False,False,False,False,True,False,False,False,False,True,False,True,False,False,False,False,True,False,False,False,False
0.4174288873253594,0.4546977565299022,0.18309859154929578,False,False,True,False,False,False,False,False,False,False,False,False,False,False,False,False,False,False,False,True,False
0.33520956880088454,0.0598061870816074,0.22535211267605634,False,False,True,False,False,False,False,False,False,False,True,False,True,False,True,False,False,False,False,False,False
0.9458237008744598,0.5968479130033597,0.971830985915493,False,False,True,False,False,True,False,False,False,False,False,False,True,False,False,True,False,True,False,False,False
0.7176600663383256,0.6989134427062953,0.28169014084507044,False,False,False,True,False,False,False,False,True,False,False,False,False,False,False,False,True,True,False,False,False
0.9421047341441352,0.4416734803760167,0.7605633802816901,False,False,False,False,False,False,False,False,False,False,True,False,True,False,True,False,False,False,False,False,False
0.76289074278822,0.96644052157152,0.0,False,False,False,False,True,False,False,True,False,False,False,False,False,False,False,False,False,False,False,True,False
0.6612724896974571,0.4301153610198447,0.6619718309859155,True,False,False,False,False,False,False,True,False,False,False,False,False,True,False,False,True,True,False,False,False
0.496431802191175,0.6387479721500264,0.647887323943662,False,False,False,True,False,False,False,False,False,False,False,False,True,False,False,False,False,False,True,False,False
0.8182731932857574,0.12749359244443867,0.9154929577464789,False,False,False,False,False,False,False,True,False,False,False,False,True,False,False,True,False,True,False,False,False
0.14111971052367073,0.49175799705968015,0.04225352112676056,False,True,False,False,False,False,True,False,False,False,False,False,True,False,False,False,True,False,True,False,False
0.3310885516132275,0.7381163738189432,0.7464788732394366,False,False,False,True,False,False,False,False,True,False,False,False,False,False,False,False,False,False,True,False,False
0.3140014071766007,0.7243545157128976,0.7464788732394366,False,False,False,False,False,True,False,False,False,False,False,False,False,False,False,True,False,False,False,True,False
0.7800783998391799,0.4517124010844557,0.3802816901408451,False,False,False,False,True,False,False,True,False,False,False,False,False,False,True,False,False,False,False,False,True
0.07789727610815157,0.8754937645802539,0.26760563380281693,False,True,False,False,False,False,False,True,False,False,False,False,False,True,False,False,True,False,False,False,False
0.1710724695949342,0.3347851454797836,0.4507042253521127,True,False,False,False,False,False,False,False,False,False,False,False,True,False,False,True,False,True,False,False,False
0.8180721680570913,0.5259689895327414,0.15492957746478872,False,False,False,False,False,False,False,False,True,False,False,False,False,True,False,True,False,True,False,False,False
0.3697859081314705,0.7614287672973977,0.7887323943661972,False,False,True,False,False,False,False,False,False,True,False,True,False,False,False,True,False,False,False,False,True
0.3856669011961001,0.16778338108767818,0.7183098591549296,False,False,True,False,False,False,True,False,False,False,False,True,False,False,False,False,False,False,False,False,False
0.06101115690019098,0.44333379036059456,0.9859154929577465,False,False,False,True,False,False,False,False,False,False,False,False,False,False,False,True,False,False,True,False,False
0.17579656246858982,0.06054076666489862,0.0,False,False,False,False,False,False,False,False,True,False,False,False,False,True,False,False,True,False,False,False,True
0.5934264750226154,0.8401308632511052,0.26760563380281693,False,True,False,False,False,False,False,False,False,False,False,False,True,False,False,True,False,False,True,False,False
0.7200723690823199,0.6740408182055643,0.295774647887324,False,False,False,True,False,False,True,False,False,False,False,False,False,True,False,False,True,False,False,False,False
0.8457131369986934,0.5342805473518606,0.676056338028169,False,False,False,True,False,True,False,False,False,False,False,True,False,False,False,False,False,False,False,False,True
0.31862498743592327,0.04932992130791195,1.0,False,False,False,False,False,True,False,False,False,False,False,True,False,False,True,False,False,False,True,False,False
0.006633832545984522,0.2972715472507809,0.19718309859154928,False,False,False,False,True,False,False,False,False,False,False,False,False,False,False,False,True,False,False,True,False
0.4845713136998694,0.8616658543590894,0.08450704225352114,False,False,False,False,True,False,False,True,False,False,False,False,False,True,False,False,False,False,False,False,True
0.13850638255101017,0.5471857295406075,0.619718309859155,False,False,False,False,False,False,False,False,False,False,True,True,False,False,False,False,False,False,False,True,False
0.37069052166046845,0.27345175343345907,0.07042253521126761,False,False,False,True,False,False,False,False,False,False,False,True,False,False,False,True,False,False,False,True,False
0.22625389486380545,0.1948427309146917,0.04225352112676056,False,False,True,False,False,False,False,False,True,False,False,False,False,True,True,False,False,False,True,False,False
0.09317519348678259,0.8815655552230711,0.02816901408450704,False,True,False,False,False,False,False,False,False,False,False,True,False,False,True,False,False,False,False,False,False
0.5843803397326365,0.14662869003643877,0.1267605633802817,False,False,True,False,False,False,True,False,False,False,False,False,False,False,False,False,False,False,False,True,False
0.10845311086541361,0.07182366887474217,0.02816901408450704,False,False,True,False,False,False,False,True,False,False,False,False,False,True,False,True,False,True,False,False,False
0.9061212182128858,0.8988742117530732,0.8028169014084507,False,True,False,False,False,False,True,False,False,False,False,False,False,False,False,False,True,False,False,False,False
0.303146044828626,0.43022144471988405,0.9295774647887325,True,False,False,False,False,False,False,False,False,False,True,False,True,False,False,True,False,False,False,False,True
0.26655945321137803,0.83604964316846,0.5492957746478874,False,False,False,False,False,False,False,False,True,False,False,True,False,False,False,True,False,False,True,False,False
0.5585485978490301,0.8375588339199629,0.33802816901408456,False,False,False,False,True,False,False,False,True,False,False,True,False,False,False,False,True,False,False,False,False
0.10433209367775657,0.2992150806986713,0.3098591549295775,False,False,False,False,True,False,False,False,False,False,True,False,False,True,True,False,False,True,False,False,False
0.9612021308674239,0.48244865198641734,0.22535211267605634,False,True,False,False,False,False,True,False,False,False,False,False,False,True,False,False,False,False,True,False,False
0.8856166448889337,0.7771992101768296,0.46478873239436624,False,False,False,False,False,False,False,False,True,False,False,False,False,False,False,True,False,False,False,False,True
0.7337420846316214,0.8064222671687963,0.056338028169014086,False,False,False,False,False,False,False,False,True,False,False,False,False,True,False,True,False,True,False,False,False
0.00673434516031762,0.28141403567414697,0.07042253521126761,True,False,False,False,False,False,True,False,False,False,False,False,True,False,True,False,False,False,True,False,False
0.4173283747110263,0.8281814351523352,0.28169014084507044,False,False,False,True,False,False,False,False,False,False,False,False,False,False,True,False,False,False,False,False,False
0.5895064830636245,0.17930347043817574,0.36619718309859156,True,False,False,False,False,False,False,False,False,True,False,False,False,False,False,False,False,False,False,False,True
0.2626394612523872,0.7260538564927729,0.7464788732394366,False,False,True,False,False,False,False,False,False,True,False,False,False,False,False,False,True,False,False,False,True
0.3014373303849633,0.7235578871729795,0.5492957746478874,False,False,False,False,False,False,False,True,False,False,False,False,False,False,False,True,False,False,False,False,False
0.1357925419640165,0.1411243471098697,0.1267605633802817,True,False,False,False,False,False,False,False,False,False,False,False,True,False,False,True,False,False,False,True,False
0.4963312895768419,0.4416684764279017,0.5492957746478874,False,False,False,False,False,False,True,False,False,False,False,False,False,True,False,True,False,False,False,True,False
0.043622474620564886,0.9370533350813792,0.09859154929577466,True,False,False,False,False,False,False,False,False,False,True,True,False,False,False,True,False,True,False,False,False
0.7539451201125742,0.8228612375164005,0.8732394366197184,True,False,False,False,False,True,False,False,False,False,False,True,False,False,False,False,False,True,False,False,False
0.6816765504070761,0.8441330209535324,0.4225352112676057,True,False,False,False,False,False,False,False,False,False,False,False,False,True,False,True,False,True,False,False,False
0.059000904613529005,0.08221686910972759,0.5492957746478874,False,False,False,False,False,False,False,True,False,False,False,False,True,False,False,True,False,False,False,False,True
0.9752738968740579,0.759697401249586,0.5352112676056339,False,False,False,True,False,False,False,False,False,False,False,False,False,True,False,True,False,False,False,False,True
0.1178007839983918,0.860598011831335,0.5774647887323944,False,False,False,True,False,False,False,False,False,False,False,False,False,False,False,True,False,True,False,False,False
0.5550306563473716,0.014070101309933539,0.49295774647887325,True,False,False,False,False,False,True,False,False,False,False,False,True,False,False,True,False,False,False,True,False
0.6761483566187557,0.871518628197648,0.323943661971831,True,False,False,False,False,False,False,False,False,False,True,False,False,False,False,False,False,False,False,False,False
0.9886420745803599,0.04826107799053454,0.6619718309859155,False,True,False,False,False,False,True,False,False,False,False,False,False,True,False,False,True,False,True,False,False
0.7463061614232587,0.10956945029628377,0.056338028169014086,False,False,True,False,False,True,False,False,False,False,False,True,False,False,False,False,False,False,False,False,True
0.8906422756055886,0.7495533976307307,0.2112676056338028,False,True,False,False,False,False,False,False,False,True,False,False,False,True,True,False,False,False,False,True,False
0.8974771333802394,0.901009896808582,0.4366197183098592,True,False,False,False,False,False,False,False,False,False,True,True,False,False,False,False,True,False,False,True,False
0.49502462559051164,0.9434713989337588,0.9154929577464789,False,False,True,False,False,False,False,False,True,False,False,False,True,False,False,False,True,False,False,False,True
0.005528193788320435,0.09322955812135776,0.28169014084507044,True,False,False,False,False,True,False,False,False,False,False,False,True,False,True,False,False,False,False,False,True
0.2629409990953865,0.30328429130584034,0.8309859154929577,True,False,False,False,False,False,False,False,False,True,False,True,False,False,False,False,False,False,False,False,True
0.0021107649009950748,0.028034118919827745,0.9154929577464789,True,False,False,False,False,False,False,False,False,False,True,False,False,True,True,False,False,False,True,False,False
0.4163232485676953,0.38336247299119014,0.7183098591549296,False,False,True,False,False,False,False,True,False,False,False,False,False,True,True,False,False,False,False,False,True
0.39752738968740575,0.027043337193045316,0.16901408450704225,False,False,False,False,False,False,False,False,False,False,True,True,False,False,False,False,False,False,False,False,False
0.7300231179012966,0.03888267843328387,0.3943661971830986,False,False,True,False,False,False,False,True,False,False,False,False,True,False,True,False,False,False,False,True,False
0.3361141823298824,0.08794939207034351,0.5633802816901409,False,False,False,False,True,False,False,False,True,False,False,False,True,False,False,False,True,False,True,False,False
0.044728113378228976,0.28089362507018045,0.014084507042253521,True,False,False,False,False,False,True,False,False,False,False,False,True,False,False,False,True,False,False,False,False
0.4998492310785003,0.793814319498084,0.15492957746478872,False,False,False,False,True,False,False,False,False,False,False,False,True,False,False,False,True,False,False,True,False
0.49673334003417435,0.8484334139636174,0.15492957746478872,True,False,False,False,False,False,False,False,False,False,False,False,True,False,True,False,False,False,False,False,True
0.7009749723590311,0.3746385898473897,0.9295774647887325,False,True,False,False,False,False,False,False,True,False,False,False,False,True,True,False,False,True,False,False,False
0.8558649110463364,0.8355842759937592,0.09859154929577466,False,False,False,False,False,False,False,False,False,False,True,False,True,False,True,False,False,False,False,False,True
0.6407679163735049,0.8778286067707421,0.8450704225352113,False,False,False,False,True,False,False,False,False,False,False,False,True,False,False,True,False,False,True,False,False
0.5872952055482964,0.24905150163478987,0.8028169014084507,False,True,False,False,False,False,True,False,False,False,False,False,False,True,False,True,False,False,False,False,True
0.08784802492712836,0.12581827061551565,0.47887323943661975,False,False,False,True,False,False,True,False,False,False,False,False,False,True,False,True,False,True,False,False,False
0.5059805005528194,0.0074919111178720025,0.25352112676056343,True,False,False,False,False,False,True,False,False,False,False,False,False,True,True,False,False,False,False,True,False
0.8505377424866822,0.7329563025226904,0.8591549295774649,False,False,False,False,True,True,False,False,False,False,False,False,True,False,False,True,False,True,False,False,False
0.11689617046939392,0.4262613201816234,0.6056338028169015,False,False,False,False,False,False,False,False,False,False,True,False,False,False,True,False,False,False,True,False,False
0.057694240627198724,0.7396976214233031,0.056338028169014086,False,True,False,False,False,False,False,False,False,False,True,False,True,False,False,False,True,False,True,False,False
0.17569604985425674,0.25146340462625016,0.0,False,False,False,False,True,False,False,False,False,True,False,False,True,False,False,False,False,True,False,False,False
0.7508292290682481,0.4612309111889281,0.056338028169014086,True,False,False,False,False,True,False,False,False,False,False,True,False,False,False,False,False,False,False,False,False
0.7174590411096593,0.7577688796460408,0.5492957746478874,False,True,False,False,False,False,False,False,False,False,False,True,False,False,False,True,False,False,False,False,True
0.12182128857171574,0.9712082833355519,0.16901408450704225,False,True,False,False,False,False,False,False,False,True,False,False,False,False,False,True,False,False,False,True,False
0.7946527289174793,0.33475612258071624,0.47887323943661975,True,False,False,False,False,False,True,False,False,False,False,False,True,False,False,True,False,False,False,True,False
0.35048748617951553,0.3840640265169219,0.9859154929577465,False,True,False,False,False,False,False,False,True,False,False,True,False,False,False,True,False,False,False,True,False
0.9872348979796965,0.006250931985336431,0.323943661971831,False,False,True,False,False,True,False,False,False,False,False,False,True,False,False,False,False,False,False,False,True
0.6189566790632225,0.801385292996174,0.14084507042253522,False,True,False,False,False,False,False,False,True,False,False,False,True,False,False,False,False,False,True,False,False
0.2843501859483365,0.18343172763310253,0.6901408450704226,False,False,False,True,False,False,False,False,False,False,False,True,False,False,False,False,True,False,True,False,False
0.8337521358930546,0.5740138969647052,0.619718309859155,True,False,False,False,False,False,False,False,False,True,False,True,False,False,False,True,False,False,False,False,False
0.8798874258719471,0.6752807965484768,0.5915492957746479,False,False,False,False,False,False,False,True,False,False,False,False,True,False,False,True,False,True,False,False,False
0.35440747813850637,0.7169116432865531,0.014084507042253521,False,False,False,False,False,False,True,False,False,False,False,True,False,False,True,False,False,False,True,False,False
0.4290883505879988,0.826093787998731,0.3098591549295775,False,False,False,False,False,False,False,False,True,False,False,False,False,True,False,True,False,False,False,True,False
0.9240124635641774,0.20636982579255034,0.8873239436619719,False,False,False,True,False,False,False,True,False,False,False,False,False,True,False,False,True,False,False,False,False
0.3988340536737361,0.15290764413121954,0.5915492957746479,False,False,True,False,False,False,False,False,False,False,False,False,True,False,False,True,False,False,True,False,False
0.4865815659865313,0.32208512516375426,0.5633802816901409,False,False,False,False,True,False,False,False,True,False,False,False,True,False,False,False,True,False,False,False,False
0.44567293195296015,0.015694382868082918,0.3943661971830986,False,False,False,True,False,False,False,False,False,False,True,False,True,False,False,True,False,False,False,True,False
0.5119107447984722,0.6409326958970628,0.14084507042253522,False,True,False,False,False,True,False,False,False,False,False,False,False,True,False,False,True,False,False,False,True
0.11981103628505378,0.5708794238654299,0.04225352112676056,False,False,True,False,False,False,False,False,False,False,False,False,False,True,True,False,False,False,True,False,False
0.9891446376520254,0.9958237049031686,0.4507042253521127,False,False,False,False,True,False,False,False,False,False,False,False,False,True,True,False,False,False,False,True,False
0.6450899587898282,0.7169736922431799,0.9295774647887325,False,False,False,True,False,False,False,False,False,False,True,False,False,False,False,False,False,False,False,False,True
0.4104935169363756,0.6775726047851756,0.619718309859155,True,False,False,False,False,False,False,False,False,True,False,False,False,True,True,False,False,False,False,False,False
0.5185445773444568,0.3623609027522716,0.04225352112676056,False,False,False,False,False,False,False,False,True,False,False,True,False,False,True,False,False,False,True,False,False
0.2564076791637351,0.27430442619226575,0.9577464788732395,False,False,False,False,False,False,False,False,False,True,False,True,False,False,False,True,False,False,False,False,False
0.6379535631721781,0.5905969810180233,0.36619718309859156,True,False,False,False,False,False,True,False,False,False,False,False,True,False,False,False,False,False,False,False,False
0.41994170268368686,0.29726654330266583,0.26760563380281693,False,False,True,False,False,False,False,False,False,False,True,False,True,False,False,False,True,False,False,False,True
0.022414312996281036,0.46540820707538255,0.8309859154929577,False,False,False,True,False,False,True,False,False,False,False,False,True,False,True,False,False,False,True,False,False
0.586993667705297,0.023981921736249905,0.3943661971830986,False,True,False,False,False,False,False,False,True,False,False,False,False,False,True,False,False,False,True,False,False
0.34797467082118805,0.8712644276334028,0.5352112676056339,False,True,False,False,False,True,False,False,False,False,False,False,True,False,False,False,True,True,False,False,False
0.07850035179415017,0.9897779347905498,0.6338028169014085,True,False,False,False,False,False,False,False,True,False,False,False,False,True,False,False,True,False,False,True,False
0.8479244145140216,0.18982577253452976,0.9577464788732395,False,False,True,False,False,False,False,False,False,True,False,False,True,False,False,False,True,False,False,False,False
0.6338325459845211,0.0029022899067364153,0.9014084507042254,False,False,False,False,True,False,False,False,True,False,False,False,False,True,False,False,True,False,True,False,False
0.3290782993265655,0.8514247741468018,0.7323943661971831,True,False,False,False,False,False,False,False,False,True,False,True,False,False,True,False,False,False,True,False,False
0.34787415820685497,0.47729858858639473,0.09859154929577466,True,False,False,False,False,False,False,True,False,False,False,False,False,True,False,False,False,False,False,True,False
0.4948236003618454,0.38656700136407635,0.08450704225352114,True,False,False,False,False,False,False,True,False,False,False,True,False,False,False,False,True,False,False,False,False
0.8756658960699569,0.922760057685514,0.9295774647887325,False,False,False,False,False,False,False,False,False,False,False,True,False,False,False,False,True,False,False,False,True
0.8401849432103731,0.9547082648209438,0.8169014084507042,False,False,False,False,False,False,False,False,False,False,True,True,False,False,False,False,False,False,False,False,True
0.36023720976982615,0.887462207681861,0.09859154929577466,False,False,True,False,False,False,False,False,False,False,True,True,False,False,False,True,False,True,False,False,False
0.40989044125037694,0.19705447598154946,0.647887323943662,True,False,False,False,False,True,False,False,False,False,False,False,False,False,False,False,False,True,False,False,False
0.3445572419338627,0.29439527787424286,0.5915492957746479,True,False,False,False,False,False,False,False,True,False,False,False,False,True,False,False,False,False,False,False,False
0.8866217710322646,0.19098969086609335,0.943661971830986,False,True,False,False,False,False,False,False,False,False,True,False,False,False,True,False,False,False,True,False,False
0.8874258719469295,0.3320519890193363,0.2112676056338028,False,False,False,True,False,False,False,True,False,False,False,False,True,False,False,False,False,True,False,False,False
0.560458337521359,0.19626185060012352,0.619718309859155,False,True,False,False,False,False,True,False,False,False,False,False,False,False,False,False,True,False,False,True,False
0.038596843903909946,0.2578004045191657,0.6338028169014085,False,False,False,False,True,False,False,False,False,False,False,False,False,False,True,False,False,False,True,False,False
0.8558649110463364,0.9204232139157796,0.28169014084507044,False,False,False,True,False,False,False,True,False,False,False,False,False,True,False,False,False,True,False,False,False
0.040406070961905724,0.9722511061227309,0.2112676056338028,False,False,False,False,True,False,False,False,True,False,False,False,False,True,False,False,True,False,False,False,False
0.26826816765504075,0.7607662445669634,0.11267605633802817,False,False,False,True,False,False,False,False,True,False,False,False,True,False,False,True,False,False,True,False,False
0.44888933561161926,0.5690689954374001,0.36619718309859156,False,True,False,False,False,False,True,False,False,False,False,False,False,False,False,False,False,True,False,False,False
0.018092270579957787,0.8415639939912591,0.09859154929577466,False,False,False,False,True,False,True,False,False,False,False,False,False,True,False,True,False,False,True,False,False
0.714041612222334,0.6687826695262562,0.36619718309859156,True,False,False,False,False,False,True,False,False,False,False,False,False,True,False,False,False,False,False,False,True
0.2750025128153583,0.30997056677718726,0.28169014084507044,False,False,False,False,True,False,False,False,False,False,False,False,False,True,True,False,False,False,False,False,False
0.12775153281736862,0.5494234951376636,0.971830985915493,False,True,False,False,False,False,False,False,True,False,False,False,False,True,False,False,False,False,True,False,False
0.11448386772539955,0.7319925421157294,0.18309859154929578,False,False,False,False,False,False,True,False,False,False,False,False,False,True,False,False,True,False,False,False,False
0.7646999698462158,0.6264222471530038,0.4507042253521127,False,False,False,False,True,False,False,True,False,False,False,False,False,False,False,False,False,False,True,False,False
0.9220022112775155,0.6260869826292945,0.0,False,False,False,False,False,False,False,False,False,False,False,False,False,True,True,False,False,True,False,False,False
0.7055985526183537,0.1724940978431983,0.014084507042253521,False,False,False,False,False,False,False,False,False,False,True,False,False,True,False,False,False,False,False,False,True
0.01899688410895568,0.6651237826645223,0.676056338028169,False,False,False,True,False,False,True,False,False,False,False,True,False,False,True,False,False,False,False,True,False
0.8982812342949041,0.015497227312349444,0.25352112676056343,False,True,False,False,False,False,False,False,False,False,False,False,True,False,False,False,True,True,False,False,False
0.239018996884109,0.9989111408901624,0.6338028169014085,False,True,False,False,False,False,False,False,False,False,False,False,False,True,False,True,False,True,False,False,False
0.5809629108453112,0.0759939592338355,0.8028169014084507,False,False,False,False,False,False,False,False,True,False,False,False,True,False,False,True,False,False,True,False,False
0.841190069353704,0.08935049754256108,0.35211267605633806,False,True,False,False,False,False,False,False,True,False,False,False,False,False,False,False,False,True,False,False,False
0.7188662177103227,0.19108776824914858,0.14084507042253522,False,True,False,False,False,True,False,False,False,False,False,False,False,False,True,False,False,False,False,False,False
0.0011056387576640868,0.2005962704573909,0.16901408450704225,False,True,False,False,False,False,True,False,False,False,False,True,False,False,False,False,False,False,True,False,False
0.8944617549502463,0.004545586467723034,0.5633802816901409,True,False,False,False,False,False,True,False,False,False,False,False,False,False,False,False,False,False,False,False,False
0.33732033370187964,0.3445218277220728,0.25352112676056343,False,False,True,False,False,True,False,False,False,False,False,False,False,True,False,True,False,True,False,False,False
0.3735048748617951,0.44935454073263814,0.02816901408450704,False,False,True,False,False,False,True,False,False,False,False,False,False,True,True,False,False,False,False,True,False
0.6905216604683889,0.16251122135364804,0.04225352112676056,False,False,True,False,False,False,False,True,False,False,False,False,False,False,True,False,False,False,True,False,False
0.4683887827922405,0.02088447785302604,0.1267605633802817,False,False,False,False,False,False,False,False,False,False,False,True,False,False,False,False,False,True,False,False,False
0.253291788119409,0.9935749306202595,0.7746478873239437,True,False,False,False,False,False,False,False,False,False,False,False,True,False,False,False,True,False,False,False,False
0.1616242838476229,0.7443643034354106,0.08450704225352114,False,False,False,False,False,False,False,False,False,False,False,False,False,False,False,False,True,False,False,False,True
0.61141823298824,0.7624775948223148,0.26760563380281693,False,False,True,False,False,False,False,False,False,False,False,False,True,False,False,False,False,False,False,False,True
0.1366971554930144,0.7641819395503052,0.5915492957746479,False,False,False,False,False,False,True,False,False,False,False,True,False,False,False,False,True,False,False,False,False
0.33551110664388384,0.7620872868693399,0.36619718309859156,False,False,False,False,False,False,False,False,False,False,False,False,False,False,False,False,True,True,False,False,False
0.8739571816262942,0.2958594330927102,0.4084507042253521,False,False,False,True,False,False,False,False,True,False,False,True,False,False,False,True,False,False,False,False,True
0.2706804703990351,0.08249408783530206,0.9295774647887325,True,False,False,False,False,False,True,False,False,False,False,False,False,False,False,False,False,False,True,False,False
0.33701879585888034,0.700567747953135,0.5633802816901409,False,False,False,False,True,False,False,False,False,False,False,True,False,False,False,False,True,False,True,False,False
0.061413207357523376,0.35090086077915483,0.7887323943661972,False,False,False,False,True,False,False,False,False,True,False,True,False,False,True,False,False,False,False,False,True
0.17579656246858982,0.036567852035255824,0.7464788732394366,False,False,True,False,False,False,False,False,False,True,False,True,False,False,False,False,True,False,False,False,True
0.997788722484672,0.5331476534986104,0.5915492957746479,False,False,False,True,False,False,False,False,True,False,False,False,True,False,False,False,True,True,False,False,False
0.617448989848226,0.06180976790687854,0.4366197183098592,False,True,False,False,False,False,False,True,False,False,False,False,True,False,False,False,False,False,True,False,False
0.48577746507186653,0.2310573042130241,0.8028169014084507,False,False,False,False,False,True,False,False,False,False,False,False,False,True,True,False,False,False,True,False,False
0.4773344054678863,0.9146626688457193,0.7183098591549296,False,False,False,False,True,False,False,False,False,True,False,True,False,False,False,True,False,False,False,True,False
0.4718062116795658,0.6970789953273133,0.7464788732394366,False,False,False,True,False,False,False,False,False,True,False,False,True,False,False,False,True,False,False,True,False
0.24092873655643784,0.9779546061842794,0.8591549295774649,True,False,False,False,False,True,False,False,False,False,False,False,False,False,False,False,True,False,False,False,False
0.7089154688913459,0.09087570092803222,0.295774647887324,False,False,False,True,False,False,False,False,False,True,False,False,False,False,False,False,False,True,False,False,False
0.5975474922102725,0.41715813777070115,0.2112676056338028,False,False,True,False,False,False,True,False,False,False,False,True,False,False,False,True,False,False,False,False,True
0.43753141019197916,0.06005438290811451,0.8169014084507042,False,True,False,False,False,False,True,False,False,False,False,False,False,False,False,True,False,False,False,False,False
0.44416524273796365,0.5672325464791721,0.0,False,True,False,False,False,False,False,True,False,False,False,False,False,False,False,False,False,True,False,False,False
0.7003718966730326,0.5962144131719928,0.19718309859154928,False,False,False,False,True,False,False,False,True,False,False,False,True,False,False,False,True,False,True,False,False
0.4963312895768419,0.43727801235174557,0.7746478873239437,True,False,False,False,False,False,False,False,False,False,True,False,False,True,False,True,False,False,False,False,False
0.43602372097698266,0.5884612959625145,1.0,False,False,False,True,False,False,False,False,True,False,False,False,True,False,True,False,False,False,True,False,False
0.569604985425671,0.4772445459467521,0.23943661971830985,False,False,True,False,False,False,False,False,True,False,False,False,True,False,False,False,False,False,False,False,False
0.1634335109056187,0.163544036244597,0.25352112676056343,False,False,True,False,False,True,False,False,False,False,False,True,False,False,False,False,False,False,True,False,False
0.648909438134486,0.9229802314025767,0.07042253521126761,False,False,False,False,True,False,False,False,True,False,False,False,False,True,False,False,True,False,False,False,True
0.3433510905618655,0.9420392689832279,0.9859154929577465,True,False,False,False,False,True,False,False,False,False,False,False,True,False,False,False,True,True,False,False,False
0.49462257513317925,0.6477000353278737,0.7323943661971831,False,False,True,False,False,False,True,False,False,False,False,False,False,True,False,False,False,True,False,False,False
0.2680671424263745,0.4293707735403234,0.3802816901408451,False,False,False,True,False,False,False,False,False,False,True,False,False,False,False,False,False,False,False,False,True
0.8566690119610012,0.3404876447517092,1.0,False,False,True,False,False,False,True,False,False,False,False,False,False,True,False,False,True,False,False,True,False
0.554427580661373,0.02142590503907583,0.014084507042253521,True,False,False,False,False,True,False,False,False,False,False,False,False,False,False,False,True,False,True,False,False
0.031158910443260635,0.5983450942793864,0.676056338028169,False,False,True,False,False,True,False,False,False,False,False,True,False,False,False,False,False,False,False,False,True
0.7817871142828425,0.09257404091828453,0.7323943661971831,False,False,True,False,False,False,False,False,False,True,False,True,False,False,False,False,True,False,False,False,True
0.6994672831440347,0.09815344306657954,0.4084507042253521,False,False,False,False,True,False,False,False,False,True,False,False,False,False,True,False,False,True,False,False,False
0.643883807417831,0.8202932113437503,0.971830985915493,False,False,False,False,True,False,False,False,True,False,False,False,False,False,False,True,False,False,True,False,False
0.6648909438134487,0.17060260545570458,0.647887323943662,False,False,True,False,False,False,False,False,False,False,False,False,False,True,False,False,True,False,False,False,False
0.5993567192682683,0.8878074801018003,0.7042253521126761,False,False,False,True,False,False,False,True,False,False,False,False,False,False,False,False,False,False,True,False,False
0.5760377927429893,0.17922440805795775,0.09859154929577466,False,False,False,False,False,False,False,False,True,False,False,True,False,False,False,True,False,False,False,False,True
0.7861091566991658,0.3150435693762379,0.4084507042253521,False,False,False,False,False,False,False,False,False,False,False,False,False,True,False,False,False,True,False,False,False
0.6317217810835261,0.22357940414987426,0.28169014084507044,False,False,True,False,False,False,True,False,False,False,False,True,False,False,False,False,True,True,False,False,False
0.46748416926324254,0.25414752239516986,0.16901408450704225,False,False,False,False,False,False,False,True,False,False,False,False,False,True,False,False,True,True,False,False,False
0.6743391295607599,0.8393262283942031,0.8591549295774649,False,False,False,False,False,False,True,False,False,False,False,False,False,True,True,False,False,False,False,False,True
0.1707709317519349,0.39399586273569853,0.5070422535211268,False,False,False,False,False,False,False,False,True,False,False,False,False,True,True,False,False,False,False,False,False
0.7572620363855664,0.87749234145741,0.7887323943661972,False,False,False,False,False,False,False,False,True,False,False,False,False,True,True,False,False,False,True,False,False
0.9148658156598654,0.847128384295209,0.5774647887323944,False,False,True,False,False,False,False,False,False,False,True,False,True,False,False,False,False,False,False,False,False
0.43773243542064527,0.10062739501466658,0.7464788732394366,True,False,False,False,False,False,False,False,True,False,False,False,True,False,True,False,False,True,False,False,False
0.3988340536737361,0.14813988236718773,0.5352112676056339,False,False,False,False,False,True,False,False,False,False,False,True,False,False,False,False,True,False,False,False,False
0.44285857875163337,0.6990355390403028,0.4366197183098592,False,False,False,False,True,False,False,False,True,False,False,False,True,False,False,False,True,True,False,False,False
0.5366368479244146,0.633701990870797,0.7464788732394366,False,False,False,False,True,False,True,False,False,False,False,False,True,False,False,False,False,True,False,False,False
0.8795858880289478,0.33458798992405014,0.056338028169014086,True,False,False,False,False,False,True,False,False,False,False,False,False,True,False,False,True,False,True,False,False
0.5572419338626998,0.3834675559016064,0.08450704225352114,False,False,True,False,False,False,False,False,False,False,False,False,False,True,False,True,False,False,False,True,False
0.9044125037692232,0.9021678104024076,0.2112676056338028,False,False,False,True,False,True,False,False,False,False,False,False,False,True,False,False,False,False,False,False,True
0.40295507086139315,0.5981989789944266,0.46478873239436624,False,False,False,False,True,True,False,False,False,False,False,False,True,False,True,False,False,False,False,False,False
0.7718363654638658,0.1200116892227968,0.619718309859155,False,False,False,False,False,False,False,False,False,False,False,False,True,False,False,False,True,False,False,False,True
0.9098401849432104,0.30482150416678766,0.9859154929577465,False,False,True,False,False,False,True,False,False,False,False,False,False,False,False,False,True,False,False,True,False
0.4614534124032566,0.4945882301135597,0.5070422535211268,False,True,False,False,False,False,False,False,False,True,False,False,False,False,False,False,False,False,False,False,True
0.6892149964820585,0.26444664840559207,0.6338028169014085,False,False,False,False,True,False,False,False,False,False,False,True,False,False,False,False,False,False,False,False,False
0.018092270579957787,0.9424085603541195,0.5352112676056339,False,False,False,False,True,False,False,True,False,False,False,True,False,False,True,False,False,False,False,False,True
0.3311890642275606,0.7800614684986454,0.07042253521126761,False,True,False,False,False,True,False,False,False,False,False,False,True,False,False,False,True,False,False,True,False
0.14845713136998695,0.4071302257481153,1.0,False,False,True,False,False,False,False,False,True,False,False,True,False,False,True,False,False,True,False,False,False
0.9859282339933663,0.14831502055121493,0.07042253521126761,True,False,False,False,False,False,False,False,False,False,False,False,True,False,False,True,False,False,False,True,False
0.3010352799276309,0.48072829462445876,0.7183098591549296,False,False,False,True,False,False,False,True,False,False,False,False,False,False,False,True,False,False,True,False,False
0.21851442356015682,0.9473174334549961,0.16901408450704225,True,False,False,False,False,False,False,False,True,False,False,False,False,True,False,False,True,False,False,False,True
0.0929741682581164,0.5591601773799528,0.9577464788732395,True,False,False,False,False,False,False,False,False,True,False,False,True,False,False,False,False,False,False,False,True
0.6739370791034275,0.2874487971009127,0.943661971830986,False,True,False,False,False,True,False,False,False,False,False,False,True,False,False,False,False,False,False,False,True
0.2660568901397125,0.019166122070313478,0.0,False,False,False,False,True,False,False,False,False,True,False,True,False,False,False,False,True,False,False,False,False
0.7332395215599559,0.7016345896912665,0.49295774647887325,True,False,False,False,False,False,False,False,False,True,False,False,False,False,False,False,False,True,False,False,False
0.39712533923007337,0.9990922838119277,0.943661971830986,False,False,False,True,False,False,False,False,False,True,False,False,False,True,False,True,False,False,False,False,False
0.5243743089757765,0.43442275955729076,0.6338028169014085,False,False,False,False,True,False,False,False,False,False,True,False,False,True,False,False,False,False,False,False,False
0.6127248969745703,0.8608011721248066,0.295774647887324,False,False,False,True,False,False,False,False,False,True,False,False,False,True,False,False,True,False,False,False,False
0.6253894863805408,0.8275779590096587,0.943661971830986,False,False,False,False,True,True,False,False,False,False,False,False,True,False,True,False,False,False,False,False,True
0.021610212081616245,0.1451174977056898,0.3802816901408451,False,False,False,False,False,False,False,False,True,False,False,False,True,False,False,False,False,False,False,False,True
0.334707005729219,0.6137782710558631,0.8309859154929577,True,False,False,False,False,False,True,False,False,False,False,False,False,True,True,False,False,False,False,False,False
0.6128254095889034,0.23906562277637058,0.295774647887324,False,False,True,False,False,False,False,False,True,False,False,False,False,True,False,False,False,True,False,False,False
0.16403658659161727,0.8488427369194295,0.14084507042253522,False,False,True,False,False,True,False,False,False,False,False,False,False,False,False,True,False,False,False,False,False
0.7372600261332798,0.2782195151974909,0.11267605633802817,False,True,False,False,False,False,False,False,False,False,False,False,True,False,False,False,True,False,True,False,False
0.9739672328877276,0.022689902332940694,0.5211267605633804,False,False,False,False,False,False,True,False,False,False,False,False,False,True,False,True,False,False,False,True,False
0.331591114684893,0.06800065251483421,0.7887323943661972,False,False,True,False,False,True,False,False,False,False,False,False,True,False,True,False,False,False,False,True,False
0.6202633430495528,0.5346838655699347,0.6056338028169015,False,False,False,True,False,False,False,True,False,False,False,True,False,False,True,False,False,False,False,False,False
0.7574630616142326,0.9858588426268327,0.35211267605633806,False,True,False,False,False,True,False,False,False,False,False,False,False,True,False,False,False,False,True,False,False
0.9839179817067043,0.3061375425210492,0.5633802816901409,False,False,False,False,False,False,False,False,False,False,False,True,False,False,True,False,False,False,False,False,False
0.17278118403859688,0.7995868740436205,0.7887323943661972,False,False,False,False,False,False,True,False,False,False,False,False,False,True,False,True,False,False,False,False,False
0.5492009247160519,0.5295448108557652,0.8450704225352113,False,False,False,False,False,False,False,False,True,False,False,False,False,True,False,False,True,False,False,False,True
0.8241029249170772,0.10195143968591219,0.6338028169014085,False,False,False,False,False,False,False,False,True,False,False,False,False,True,False,True,False,False,False,False,True
0.638958689315509,0.8003384670505029,0.9577464788732395,False,False,True,False,False,False,False,False,False,False,False,False,False,True,False,False,True,False,False,False,False
0.31661473514926125,0.7128774603161895,0.22535211267605634,False,False,False,True,False,False,False,False,False,False,False,False,True,False,False,True,False,True,False,False,False
0.38848125439742687,0.8143375122972025,0.8873239436619719,False,False,True,False,False,False,False,False,False,False,True,False,False,False,False,True,False,False,False,True,False
0.12001206151371997,0.5999543639931907,0.16901408450704225,False,False,False,False,True,True,False,False,False,False,False,False,True,False,False,False,False,False,False,False,True
0.04593426475022616,0.06474408308155134,0.02816901408450704,False,False,False,False,False,False,False,True,False,False,False,False,False,True,False,False,False,False,False,True,False
0.057091164941200125,0.5913906071890722,0.7605633802816901,False,False,True,False,False,False,False,False,False,False,True,False,True,False,False,True,False,False,True,False,False
0.5548296311187054,0.05306486818099481,0.5915492957746479,False,False,True,False,False,False,False,False,False,True,False,True,False,False,True,False,False,False,False,False,False
0.4686903206352398,0.4713268769058788,0.9295774647887325,True,False,False,False,False,False,False,False,True,False,False,False,False,True,True,False,False,False,False,False,False
0.7673132978188764,0.884192627983479,0.09859154929577466,False,False,False,False,True,False,False,False,False,False,False,False,False,False,False,False,False,False,False,False,True
0.7835963413408383,0.606994918991084,0.4366197183098592,True,False,False,False,False,False,False,False,False,False,True,True,False,False,False,False,False,False,False,False,False
0.5666901196100111,0.41623540973828355,0.8591549295774649,False,True,False,False,False,False,False,True,False,False,False,False,False,False,True,False,False,False,True,False,False
0.5817670117599759,0.8270065081349185,0.8169014084507042,False,False,True,False,False,False,False,False,False,False,False,True,False,False,False,False,True,False,False,False,False
0.7122323851643382,0.712835427152023,0.5352112676056339,False,False,False,True,False,False,False,True,False,False,False,True,False,False,True,False,False,False,False,False,False
0.4793446577545482,0.45082269910959755,0.4366197183098592,False,True,False,False,False,False,True,False,False,False,False,False,True,False,False,False,False,False,True,False,False
0.1347874158206855,0.6007499917434856,0.3802816901408451,False,False,True,False,False,False,False,True,False,False,False,False,False,False,False,False,True,False,False,True,False
0.44235601567996785,0.11898888222807796,0.11267605633802817,False,False,False,False,False,True,False,False,False,False,False,False,True,False,False,False,True,False,False,True,False
0.552316815760378,0.4907812263876199,0.9014084507042254,False,False,False,True,False,False,False,True,False,False,False,False,False,False,True,False,False,False,False,False,True
0.17509297416825817,0.15486819100270113,0.19718309859154928,False,False,False,True,False,False,False,False,False,False,True,True,False,False,False,False,True,False,False,False,True
0.41079505477937484,0.784093649889763,0.3943661971830986,True,False,False,False,False,False,False,True,False,False,False,False,False,False,False,False,False,False,False,False,False
0.24404462760076395,0.2754123003049406,0.04225352112676056,True,False,False,False,False,False,False,True,False,False,False,False,True,False,False,True,False,True,False,False,False
0.0839280329681375,0.747027404622247,0.7042253521126761,False,False,False,False,True,False,False,False,True,False,False,False,True,False,True,False,False,False,True,False,False
0.277716353402352,0.24419767196317896,0.09859154929577466,False,False,False,False,True,False,True,False,False,False,False,False,False,False,False,False,True,False,False,False,False
0.5235702080611118,0.28724863917631016,0.7746478873239437,False,False,False,False,True,False,True,False,False,False,False,False,False,False,True,False,False,False,True,False,False
0.7976681073474722,0.9668078113631656,0.5915492957746479,False,False,False,False,False,False,False,False,False,True,False,False,True,False,False,False,False,True,False,False,False
0.47572620363855667,0.12638471754214076,0.619718309859155,False,False,False,False,False,False,False,False,True,False,False,False,False,True,False,True,False,True,False,False,False
0.5403558146547391,0.8842506737816137,0.647887323943662,True,False,False,False,False,False,False,False,True,False,False,False,True,False,True,False,False,True,False,False,False
0.7847019800985023,0.8053944562259623,0.5070422535211268,False,False,False,False,True,False,False,False,False,True,False,False,False,True,False,True,False,False,False,False,True
0.7752537943511911,0.43436471375915603,0.3802816901408451,True,False,False,False,False,False,False,False,False,False,True,False,False,True,False,False,False,False,True,False,False
0.01779073273695849,0.06349810000090071,0.7605633802816901,False,False,False,True,False,True,False,False,False,False,False,False,True,False,True,False,False,False,False,True,False
0.5879987938486281,0.1309863482287525,0.6338028169014085,False,False,False,True,False,True,False,False,False,False,False,False,False,False,False,True,False,False,False,False,False
0.2469594934164238,0.7322257260978913,0.47887323943661975,False,False,False,False,False,False,False,False,False,False,True,False,False,False,False,False,False,False,False,True,False
0.43371193084732135,0.3400573052138138,0.19718309859154928,False,False,False,True,False,False,False,False,True,False,False,False,True,False,False,False,True,True,False,False,False
0.4168258116393608,0.6180506419565037,0.3098591549295775,False,False,True,False,False,False,False,False,False,True,False,True,False,False,False,False,False,True,False,False,False
0.5591516735350287,0.6293655694342837,0.9577464788732395,True,False,False,False,False,False,True,False,False,False,False,True,False,False,False,True,False,False,False,False,True
0.926625791536838,0.9796569493330238,0.1267605633802817,False,False,False,False,True,False,False,True,False,False,False,False,True,False,False,False,False,False,False,True,False
0.13951150869434117,0.2779212798898331,0.4084507042253521,False,False,True,False,False,False,False,True,False,False,False,False,False,True,False,False,False,True,False,False,False
0.5705095989546688,0.8531171093993161,0.09859154929577466,False,True,False,False,False,False,False,False,False,False,False,False,False,True,True,False,False,False,False,True,False
0.3528997889235099,0.043381227788725316,0.676056338028169,False,False,True,False,False,False,False,False,False,True,False,False,True,False,False,False,True,False,True,False,False
0.403859684390391,0.09033627532122845,0.5492957746478874,False,False,False,False,True,True,False,False,False,False,False,False,True,False,False,True,False,True,False,False,False
0.31571012162026335,0.9320984256578441,0.19718309859154928,False,False,False,False,True,False,False,True,False,False,False,False,False,False,True,False,False,False,False,True,False
0.9861292592220324,0.9923879941273666,0.35211267605633806,False,False,False,False,False,True,False,False,False,False,False,False,True,False,True,False,False,False,False,False,True
0.7210774952256508,0.28374687628538925,1.0,False,False,False,True,False,False,True,False,False,False,False,False,False,False,True,False,False,False,False,False,False
0.20363855663885821,0.06834792651401957,0.647887323943662,True,False,False,False,False,False,False,False,False,False,False,True,False,False,False,False,False,False,True,False,False
0.9336616745401549,0.6301601963949557,1.0,False,False,False,False,False,True,False,False,False,False,False,False,True,False,False,False,False,False,False,False,True
0.5193486782591216,0.4812076728538818,0.6619718309859155,False,False,False,False,False,False,False,False,False,False,True,False,False,False,False,True,False,True,False,False,False
0.5865916172479647,0.9356332146063244,0.33802816901408456,False,False,False,True,False,False,False,False,True,False,False,False,True,False,False,False,False,True,False,False,False
0.22756055885013574,0.1591765903297702,0.25352112676056343,True,False,False,False,False,False,False,False,False,False,False,True,False,False,False,False,True,False,True,False,False
0.9034073776258921,0.3159612934605404,0.295774647887324,False,False,False,False,False,False,False,True,False,False,False,False,False,False,False,False,True,False,False,False,True
0.7094180319630115,0.4450561493017992,0.25352112676056343,False,False,False,False,False,False,False,False,True,False,False,True,False,False,True,False,False,True,False,False,False
0.531912755050759,0.5455944740400176,0.7464788732394366,False,False,False,False,False,False,False,True,False,False,False,True,False,False,True,False,False,True,False,False,False
0.22414312996281038,0.0028932828001293023,0.5633802816901409,False,False,False,False,True,False,False,True,False,False,False,False,True,False,True,False,False,True,False,False,False
0.8966730324655745,0.9197286659174089,0.7042253521126761,False,False,False,True,False,False,False,False,False,True,False,False,True,False,False,True,False,False,False,False,False
0.9920595034676853,0.6669792466255876,0.3802816901408451,False,False,True,False,False,False,False,False,False,False,False,False,True,False,False,True,False,True,False,False,False
0.49472308774751234,0.5781571660039772,0.9859154929577465,False,False,False,True,False,False,False,False,False,False,True,True,False,False,False,False,False,False,False,True,False
0.1282540958890341,0.6166095048993656,0.295774647887324,False,True,False,False,False,False,True,False,False,False,False,False,False,False,False,False,True,False,False,False,False
0.2660568901397125,0.977196007650036,0.15492957746478872,False,False,False,False,False,False,True,False,False,False,False,False,False,False,False,True,False,False,False,False,True
0.6049854256709217,0.9315069589906437,0.36619718309859156,False,False,False,True,False,False,True,False,False,False,False,False,False,True,False,False,False,False,False,False,False
0.38385767413810434,0.24016549057206138,0.1267605633802817,False,False,True,False,False,False,False,False,False,False,False,False,False,True,False,True,False,False,True,False,False
0.7446979595939291,0.281496100423234,0.23943661971830985,False,False,False,False,False,False,False,False,True,False,False,True,False,False,False,False,False,False,True,False,False
0.9417026836868028,0.14509147717549148,0.18309859154929578,False,False,False,False,False,False,False,False,False,True,False,True,False,False,True,False,False,True,False,False,False
0.8511408181726808,0.9185016978395955,0.47887323943661975,False,False,False,False,True,False,False,False,False,True,False,True,False,False,False,False,True,False,True,False,False
0.421147854055684,0.07084489662343589,0.8028169014084507,True,False,False,False,False,False,False,True,False,False,False,False,True,False,False,False,False,False,False,True,False
0.3425469896472007,0.3224414062695467,0.2112676056338028,False,False,False,True,False,False,False,False,False,False,False,False,False,True,True,False,False,False,False,False,True
0.48587797768619967,0.6801236175342346,0.9154929577464789,False,False,False,False,True,False,False,False,False,False,True,True,False,False,True,False,False,False,True,False,False
0.6375515127148458,0.16491011408000913,0.23943661971830985,False,False,False,False,True,False,False,True,False,False,False,False,False,False,False,False,False,False,True,False,False
0.5528193788320435,0.6936202663901819,0.7746478873239437,False,False,False,False,True,True,False,False,False,False,False,False,True,False,True,False,False,True,False,False,False
0.3226454920092472,0.363028429430821,0.5211267605633804,True,False,False,False,False,False,False,False,False,False,True,False,False,True,True,False,False,True,False,False,False
0.5255804603477737,0.9431441407270337,0.943661971830986,False,False,False,True,False,False,False,False,False,True,False,False,True,False,False,False,False,True,False,False,False
0.36586591617247965,0.8093675910293222,0.6619718309859155,False,False,False,True,False,False,False,False,True,False,False,False,True,False,False,False,False,False,False,False,False
0.05035681978088251,0.7405813186604231,0.8169014084507042,False,False,False,True,False,True,False,False,False,False,False,False,False,True,False,False,False,False,True,False,False
0.5196502161021209,0.5798114712508169,0.7887323943661972,True,False,False,False,False,False,False,False,False,True,False,False,True,False,False,False,True,False,False,True,False
0.6796662981204142,0.6276872452364917,0.3943661971830986,True,False,False,False,False,False,False,False,True,False,False,True,False,False,False,False,True,False,False,True,False
0.3577243944114987,0.6969268753046154,0.4366197183098592,False,False,False,False,True,False,True,False,False,False,False,True,False,False,False,False,True,False,False,False,True
0.679465272891748,0.8198858899671841,0.056338028169014086,False,False,False,False,False,False,False,True,False,False,False,False,False,True,False,False,True,False,True,False,False
0.10011056387576642,0.7787634443575981,0.8591549295774649,False,False,False,False,True,False,True,False,False,False,False,False,False,True,False,False,True,False,True,False,False
0.22826414715046742,0.8504610137398408,0.619718309859155,True,False,False,False,False,False,False,False,False,False,True,False,False,True,False,False,False,True,False,False,False
0.013971253392300736,0.08301750080813762,0.8591549295774649,False,False,False,False,True,False,True,False,False,False,False,True,False,False,True,False,False,False,False,True,False
0.4842697758568701,0.45957360357321936,0.676056338028169,False,False,False,True,False,False,False,False,False,False,True,True,False,False,True,False,False,True,False,False,False
0.09086340335712131,0.38679217902925417,0.4507042253521127,False,False,False,True,False,False,True,False,False,False,False,True,False,False,False,False,False,True,False,False,False
0.7614835661875566,0.7564778610323546,0.619718309859155,False,False,True,False,False,False,False,False,False,False,True,False,True,False,False,True,False,False,False,False,True
0.5483968238013871,0.7433394948614457,0.28169014084507044,False,False,True,False,False,False,False,False,True,False,False,False,False,False,True,False,False,True,False,False,False
0.16886119207960604,0.8933408459274368,0.25352112676056343,True,False,False,False,False,True,False,False,False,False,False,False,False,True,False,False,False,False,True,False,False
0.6924314001407177,0.3587920869566088,0.02816901408450704,True,False,False,False,False,False,True,False,False,False,False,False,True,False,False,False,True,True,False,False,False
0.08473213388280229,0.7254733985114256,0.2112676056338028,False,False,True,False,False,False,True,False,False,False,False,True,False,False,False,False,True,False,False,True,False
0.7390692531912756,0.5977706410357773,0.6619718309859155,False,False,False,True,False,False,False,False,True,False,False,False,False,True,False,False,True,False,True,False,False
0.11277515328173687,0.3114967709522814,0.23943661971830985,False,False,True,False,False,False,False,False,False,True,False,False,False,True,False,True,False,False,False,True,False
0.2152980199014977,0.074041418679338,0.6619718309859155,False,False,False,True,False,False,True,False,False,False,False,False,False,True,True,False,False,True,False,False,False
0.3675746306161424,0.13860035568063203,0.6056338028169015,True,False,False,False,False,False,True,False,False,False,False,False,False,False,False,True,False,False,False,False,True
0.8401849432103731,0.15352613211824132,0.07042253521126761,False,False,False,False,False,False,False,False,False,False,False,False,False,False,False,True,False,False,False,False,True
0.5865916172479647,0.5878908458773973,0.07042253521126761,False,False,True,False,False,True,False,False,False,False,False,False,True,False,False,False,False,False,True,False,False
0.5436727309277315,0.728458753956872,0.1267605633802817,True,False,False,False,False,False,True,False,False,False,False,False,False,True,False,False,True,False,False,True,False
0.717056990652327,0.47184628672022233,0.7605633802816901,True,False,False,False,False,False,False,False,False,True,False,False,False,False,False,False,False,False,False,False,True
0.13719971856467988,0.6397107317673645,0.4225352112676057,False,False,False,False,True,False,False,False,False,False,True,True,False,False,True,False,False,False,True,False,False
0.2843501859483365,0.006271948567419695,0.7887323943661972,True,False,False,False,False,False,False,False,False,True,False,False,False,False,False,False,True,False,False,False,True
0.4669816061915771,0.6721393179218403,0.014084507042253521,False,False,False,True,False,False,False,False,False,True,False,False,False,False,False,False,False,True,False,False,False
0.9802995275907127,0.7195587318394213,0.7746478873239437,False,False,False,False,True,False,False,True,False,False,False,False,True,False,True,False,False,False,False,True,False
0.9250175897075084,0.727659123048085,0.9295774647887325,True,False,False,False,False,False,False,False,False,False,True,True,False,False,False,False,True,False,False,False,False
0.7879183837571616,0.7045588969697092,0.4084507042253521,False,False,False,False,True,False,False,False,False,False,False,False,False,False,False,False,True,False,False,False,True
0.7990752839481355,0.14707604299792537,0.7464788732394366,False,False,False,False,True,False,True,False,False,False,False,False,False,True,False,False,True,False,False,True,False
0.629611016182531,0.5459147267193816,0.014084507042253521,False,False,False,True,False,False,False,False,False,False,False,True,False,False,False,False,False,False,False,False,False
0.01608201829329581,0.3545497397446586,0.23943661971830985,False,False,False,False,True,False,False,False,True,False,False,True,False,False,False,True,False,False,True,False,False
0.1455422655543271,0.8499105794471838,0.5492957746478874,False,False,False,False,False,False,False,False,False,False,False,False,False,True,False,False,False,True,False,False,False
0.09458237008744598,0.24813077518161833,0.8028169014084507,False,False,False,False,True,False,True,False,False,False,False,False,True,False,False,True,False,False,False,True,False
0.12523871745904114,0.2546799424746125,0.04225352112676056,False,True,False,False,False,False,False,False,False,True,False,False,False,True,False,False,False,False,False,True,False
0.19187858076188566,0.6480853393327336,0.5211267605633804,False,True,False,False,False,True,False,False,False,False,False,True,False,False,False,True,False,False,False,False,False
0.37451000100512616,0.8011170813772067,0.7323943661971831,False,False,True,False,False,False,False,False,True,False,False,False,True,False,False,False,True,True,False,False,False
0.9578852145944317,0.023063196862324376,0.8873239436619719,False,True,False,False,False,False,False,False,False,False,True,True,False,False,False,False,True,False,False,True,False
0.043924012463564185,0.3882072955561939,0.5352112676056339,False,False,True,False,False,False,False,True,False,False,False,False,True,False,False,False,False,False,False,False,False
0.6421750929741683,0.3589832377746042,0.16901408450704225,False,False,False,False,False,False,False,False,False,True,False,True,False,False,True,False,False,False,False,False,False
0.7021811237310283,0.9923729822830214,0.8591549295774649,True,False,False,False,False,False,False,True,False,False,False,True,False,False,False,False,False,False,True,False,False
0.34727108252085637,0.5965146500588965,0.3943661971830986,True,False,False,False,False,True,False,False,False,False,False,True,False,False,True,False,False,False,False,False,True
0.5870941803196301,0.8021569017955167,0.7605633802816901,False,False,False,True,False,False,False,True,False,False,False,True,False,False,False,False,True,False,False,False,True
0.23690823198311392,0.9513175895781772,0.676056338028169,False,False,False,False,True,False,False,True,False,False,False,False,True,False,False,False,False,False,True,False,False
0.9713539049150669,0.8761793054720175,0.4507042253521127,False,True,False,False,False,False,False,True,False,False,False,True,False,False,True,False,False,False,False,True,False
0.36174489898482265,0.03464433437982569,0.18309859154929578,False,False,False,False,False,False,False,False,False,False,True,False,False,False,False,False,False,True,False,False,False
0.4371293597346467,0.4315945280826573,0.8309859154929577,True,False,False,False,False,False,False,False,False,True,False,True,False,False,True,False,False,False,True,False,False
0.7961604181324756,0.35829769688284063,0.6619718309859155,False,False,False,False,True,False,False,False,False,False,True,True,False,False,True,False,False,True,False,False,False
0.8802894763292793,0.9060608820359264,0.11267605633802817,True,False,False,False,False,False,False,True,False,False,False,False,True,False,False,False,True,False,False,False,True
0.37581666499145644,0.8434975195429194,0.5915492957746479,False,False,False,True,False,False,False,True,False,False,False,False,True,False,True,False,False,True,False,False,False
0.3763192280631219,0.6914985923893953,0.6056338028169015,False,False,False,False,True,False,False,False,True,False,False,False,False,False,False,False,False,True,False,False,False
0.17700271384058702,0.8500376797293064,0.7323943661971831,False,False,False,True,False,True,False,False,False,False,False,False,True,False,True,False,False,False,False,False,True
0.6499145642778169,0.9983747176522276,0.18309859154929578,False,False,True,False,False,False,False,False,False,False,True,False,False,True,False,False,True,False,True,False,False
0.2778168660166851,0.5942148355052136,0.7323943661971831,False,False,False,True,False,False,False,False,False,False,False,False,True,False,False,False,False,False,False,False,False
0.5994572318826014,0.19115382036426742,0.7746478873239437,True,False,False,False,False,False,False,False,False,False,False,False,True,False,False,False,True,False,True,False,False
0.5475927228867223,0.7867737645001907,0.971830985915493,False,False,False,False,True,True,False,False,False,False,False,True,False,False,True,False,False,False,False,True,False
0.5839782892753042,0.07570172866391583,0.09859154929577466,False,False,False,True,False,False,True,False,False,False,False,True,False,False,True,False,False,False,False,False,False
0.5118102321841391,0.19042024157059922,0.7183098591549296,False,False,False,True,False,False,True,False,False,False,False,False,False,True,False,False,False,False,False,True,False
0.29932656548396824,0.8931236745792431,0.35211267605633806,False,False,False,False,True,False,False,False,False,False,True,False,False,False,False,False,True,False,False,False,True
0.3263644587395718,0.7348928304432197,0.4084507042253521,False,False,False,False,True,False,False,False,True,False,False,False,True,False,False,True,False,False,False,False,False
0.31832344959292397,0.3798296856219558,0.11267605633802817,False,False,False,False,True,False,False,False,True,False,False,True,False,False,True,False,False,False,False,True,False
0.47944517036888135,0.48093946123491443,0.8873239436619719,False,False,False,False,True,False,False,False,False,True,False,False,False,True,False,False,True,False,False,False,True
